Word,Meaning,Pinyin,Example,Translation
关怀,quan tâm,guānhuái,关怀备至,săn sóc chu đáo mọi bề
端午节,Tết Đoan Ngọ,duānwǔ jié,,
悲惨,bi thảm,bēicǎn,,
声调,"thanh ddieuj, giọng",shēngdiào,,
固定,cố định,gùdìng,固定职业,nghề nghiệp cố định
严峻,"nghiêm túc, nghiêm khắc",yánjùn,人生最严峻的考验，常常不在逆境之中，而在成功之后。,Thử thách gay gắt nhất của cuộc đời thường không ở trong nghịch cảnh mà ở sau thành công.
入口,lối vào,rùkǒu,车站入口。,cửa vào nhà ga.
过问,"hỏi đến, can dự",guòwèn,过问政治,quan tâm đến chính trị
利用,lợi dụng,lìyòng,废物利用。,sử dụng phế liệu.
天气,"khí hậu, thời tiết",tiānqì,天气预报,dự báo thời tiết
朵,đóa hoa,duo,两朵牡丹,hai đoá mẫu đơn
香蕉,chuối,xiāngjiāo,,
激励,"khích lệ, khuyến khích",jīlì,激励将士,khích lệ tướng sĩ
斩钉截铁,"chém đinh chặt sắt, quyết định cứng rắn không do<br>dự",zhǎndīngjiétiě,,
迷信,điều mê tín,míxìn,破除迷信，解放思想。,"bài trừ mê tín, giải phóng tư tưởng."
土豆,khoai tây,tǔdòu,,
工具,công cụ,gōngjù,语言是人们交流思想的工具。,ngôn ngữ là công cụ truyền đạt tư tưởng của con người.
化学,hóa học,huàxué,这把梳子是化学的。,lược này làm bằng nhựa.
杂交,"lai giống, lai ghép",zájiāo,,
懒惰,lười biếng,lǎnduò,这人太懒惰了，在家里什么事都不愿意干 。,"anh ấy thật là lười biếng, ở trong nhà chẳng chịu làm gì cả."
创业,"sáng nghiệp,lập nghiệp",chuàngyè,不要忘记前人创业的艰难。,đừng quên đi những gian khổ của lớp người đi trước lập nên sự nghiệp.
局面,cục diện,júmiàn,稳定的局面。,cục diện ổn định.
追悼,truy điệu,zhuīdào,追悼会,lễ truy điệu
地步,"mức, bước",dìbù,真没想到他会落到这个地步。,thật không ngờ anh ấy lại đến nông nỗi này.
事件,sự kiện,shìjiàn,,
捍卫,"bảo vệ, giữ gìn",hànwèi,捍卫领空,bảo vệ vùng trời
突出,"xông ra, nổi bật",túchū,突出重围,xông ra ngoài vòng vây.
小伙子,thanh niên,xiǎohuǒzi,,
严禁,cấm,yánjìn,,
摇摆,lung lay,yáobǎi,池塘里的荷叶迎风摇摆。,lá sen trong hồ đong đưa trước gió.
剧烈,"mạnh, kịch liệt, dội",jùliè,饭后不宜做剧烈运动。,sau khi ăn cơm không nên vận động mạnh.
叶子,lá cây,yèzi,,
机灵,thông minh,jīling,这孩子怪机灵的。,đứa bé này rất thông minh lanh lợi.
逐步,"lần lượt, từng bước",zhúbù,逐步深入,xâm nhập từng bước
诉讼,tố tụng,sùsòng,,
端正,"cân đối, đều đặn, ngay ngắn",duānzhèng,五官端正,mặt mũi cân đối
扎,"chích, châm, đâm",zhā,扎彩牌楼,dựng cổng chào
流传,lưu truyền,liúchuán,消息很快就流传开了。,tin tức nhanh chóng được truyền đi.
捆绑,"trói, buộc, ràng buộc",kǔnbǎng,,
补偿,"bồi thường, đền bù",bǔcháng,,
要素,yếu tố,yàosù,,
其中,trong số,qízhōng,全社有果树五万棵，其中梨树占30%。,"toàn hợp tác xã có năm vạn cây ăn quả, trong đó lê chiếm 30%."
处境,"cảnh ngộ, hoàn cảnh",chǔjìng,处境困难。,cảnh ngộ khó khăn.
完善,hoàn thiện,wánshàn,,
人口,dân số,rénkǒu,这个区的人口有一百三十多万。,vùng này có dân số hơn một triệu ba trăm ngàn người.
看,xem,kàn,一个工人可以看好几台机器。,một công nhân có thể trông coi nhiều cỗ máy.
爷爷,ông nội,yéyé,,
力所能及,khả năng cho phép,lìsuǒnéngjí,让学生参加一些力所能及的劳动。,hãy để học sinh tham gia vào những lao động nằm trong khả năng
欧洲,châu âu,ōuzhōu,,
可以,có thể,kěyǐ,不会的事情，用心去学， 是可以学会的。,"những cái không biết, cố gắng học thì có thể học được。"
诊断,chẩn đoán,zhěnduàn,诊断书,giấy chẩn đoán bệnh.
卡车,xe tải,kǎchē,,
立刻,ngay lập tức,lìkè,请大家立刻到会议室去!,mời mọi người đến phòng họp ngay lập tức!
各,"mỗi, các",gè,这人真各。,người này thật đặc biệt.
抱负,"tham vọng, hoài bão",bàofù,远大抱负,hoài bão lớn lao
上任,nhậm chức,shàngrèn,走马上任。,quan lại nhậm chức.
性感,"gợi cảm, hấp dẫn, khiêu gợi",xìnggǎn,,
罕见,"hiếm thấy, ít, ít thấy",hǎnjiàn,人迹罕见,ít có dấu chân người; ít thấy người vãng lai.
津津有味,"mùi thơm, mùi ngon",jīnjīnyǒuwèi,,
本事,khả năng,běnshì,本事诗。,thơ kể chuyện
缘故,"nguyên do, duyên cớ",yuángù,他到这时候还没来，不知什么缘故。,"đến giờ này mà anh ấy vẫn chưa đến, không biết vì nguyên cớ gì."
站,đứng,zhàn,请大家坐着，不要站起来。,"xin mọi người ngồi yên, không nên đứng dậy."
赤道,xích đạo,chìdào,,
用户,người sử dụng,yònghù,竭诚为用户服务。,hết lòng phục vụ người tiêu dùng.
打篮球,chơi bóng rổ,dǎ lánqiú,,
段,đoạn,duàn,两段木头,hai khúc gỗ
闲话,ngồi lê đôi mách,xiánhuà,,
举行,"tổ chức, tiến hành",jǔxíng,举行会谈。,tổ chức hội đàm.
贡献,cống hiến,gòngxiàn,为祖国贡献自己的一切。,cống hiến hết mình cho tổ quốc.
储蓄,"để dành, dành dụm",chúxù,家家有储蓄。,nhà nào cũng có tiền để dành.
奴隶,nô lệ,núlì,,
食品,thức ăn,shípǐn,罐头食品。,thực phẩm đồ hộp.
内科,nội khoa,nèikē,,
向往,hướng về,xiàngwǎng,他向往着故乡。,anh ấy hướng về quê hương
虚伪,"không thật, giả dối",xūwèi,太虚伪,giả dối quá
耐心,"nhẫn nại, kiên trì",nàixīn,耐心说服。,kiên nhẫn thuyết phục.
分泌,"bài tiết, tiết ra",fēnmì,,
荣幸,vinh hạnh,róngxìng,我们能见到您，感到十分荣幸。,"chúng tôi gặp được ngài, cảm thấy rất vinh dự."
航天,hàng không vũ trụ,hángtiān,航天技术,kỹ thuật hàng không
损坏,tổn thất,sǔnhuài,糖吃多了，容易损坏牙齿。,ăn nhiều đường quá sẽ làm hư răng.
等级,"cấp bậc, đẳng cấp",děngjí,按商品等级规定价格。,theo cấp hàng hoá mà qui định giá cả.
音响,âm thanh,yīnxiǎng,剧场音响条件很好。,điều kiện âm thanh của rạp hát rất tốt.
职业,nghề nghiệp,zhíyè,职业剧团,đoàn kịch chuyên nghiệp
剪彩,cắt băng khánh thành,jiǎncǎi,,
忠诚,trung thành,zhōngchéng,忠诚老实,trung thành chân thật; trung thành thật thà
推迟,hoãn lại,tuīchí,推迟婚期,hoãn ngày cưới
恭敬,tôn kính,gōngjìng,,
往常,"mọi khi, thường ngày",wǎngcháng,今天因为有事，所以比往常回来得晚。,hôm nay vì có việc nên về muộn hơn mọi khi
刹那,"chốc lát, chớp mắt",chànà,一刹那。,trong nháy mắt.
多元化,đa dạng hóa,duōyuán huà,,
喜悦,sự vui mừng,xǐyuè,喜悦的心情。,vui sướng trong lòng; niềm vui.
迫切,"bức thiết, cấp bách",pòqiè,工人们迫切要求提高文化和技术水平。,công nhân đòi hỏi cấp bách phải được nâng cao trình độ văn hoá và kỹ thuật.
圈,vòng tròn,quān,别让暑气圈在心里。,đừng để cho sự nóng giận tồn lại trong lòng.
无赖,"tên vô lại, kẻ du côn",wúlài,耍无赖。,dở trò nanh nọc.
热泪盈眶,nước mắt lưng tròng,rèlèi yíng kuàng,,
品尝,"nếm, thử",pǐncháng,,
导向,hướng dẫn,dǎoxiàng,会谈导向两国关系的正常化。,hướng phát triển của hội đàm là bình thường hoá quan hệ hai nước.
计算,tính toán,jìsuàn,计算人数。,tính toán số người.
并存,cùng tồn tại,bìngcún,,
依然,"như cũ, như xưa, y nguyên",yīrán,依然如故,vẫn như xưa; vẫn như ngày nào.
叼,"ngậm, tha",diāo,嘴里叼着烟券卷。,miệng ngậm điếu thuốc.
手表,đồng hồ đeo tay,shǒubiǎo,,
建筑,tòa nhà,jiànzhú,建筑桥梁。,xây cầu.
浇,"tưới, dội, đổ",jiāo,浇水。,tưới nước.
飘,"tung bay, lung lay",piāo,飘摇。,lung lay.
学校,trường học,xuéxiào,,
零钱,tiề lẻ,língqián,我不抽烟， 也不渴酒， 一个月花不了多少零钱。,"tôi không hút thuốc, cũng không uống rượu, một tháng tiền tiêu vặt xài chẳng đáng là bao."
急忙,vội vàng,jímáng,听说厂里有要紧事儿，他急忙穿上衣服跑出门去。,"nghe nói trong nhà máy có chuyện khẩn, anh ấy vội vàng mặc quần áo chạy ra khỏi cửa."
出口,lối ra,chūkǒu,出口伤人。,mở miệng ra là xúc phạm đến người khác.
呈现,"lộ ra, phơi bày",chéngxiàn,暴风雨过去，大海又呈现出碧蓝的颜色。,"giông bão qua đi, đại dương lại hiện lên một màu xanh biếc."
否认,phủ nhận,fǒurèn,矢口否认,thề thốt phủ nhận
宣传,tuyên truyền,xuānchuán,宣传队,đội tuyên truyền
野心,dã tâm,yěxīn,野心家,kẻ dã tâm
投降,đầu hàng,tóuxiáng,,
新鲜,tươi,xīnxiān,新鲜的水果。,hoa quả tươi
集团,tập đoàn,jítuán,,
作为,"là, làm với tư cách",zuòwéi,评论一个人，不但要根据他的谈吐，而且更需要根据他的作为。,"bình luận một người, không những phải căn cứ vào lời nói của họ, mà còn phải căn cứ vào hành động của họ."
赞成,"tán thành, đồng ý",zànchéng,赞成这项提议的请举手。,những ai đồng ý với đề nghị này xin giơ tay.
家喻户晓,nhà nhà đều biết,jiāyùhùxiǎo,,
衷心,chân thành,zhōngxīn,衷心拥护,chân thành ủng hộ
月,tháng,yuè,月 食,nguyệt thực
词汇,từ vựng,cíhuì,,
继续,tiếp tục,jìxù,继续不停。,tiếp tục không ngừng.
耐用,bền,nàiyòng,搪瓷器具比玻璃器具经久耐用。,đồ sắt tráng men dùng bền hơn đồ thuỷ tinh.
开,mở,kāi,开锁。,mở khoá.
商品,hàng hóa,shāngpǐn,,
露,sương,lù,露天。,ngoài trời.
协调,phối hợp,xiétiáo,国民经济各部门的发展必须互相协调。,việc phát triển các ngành kinh tế quốc dân phải phối hợp nhịp nhàng.
长江,Trường Giang,chángjiāng,,
诞生,"ra đời, sinh ra",dànshēng,1949年10月1日，中华人民共和国诞生了。,ngày 1 tháng 10 năm 1949 là ngày ra đời của nước cộng hoà nhân dân Trung Quốc.
缺口,chỗ hổng,quēkǒu,围墙上有个缺口。,trên tường có một chỗ hở.
无知,dốt nát,wúzhī,,
开展,"triển khai, mở rộng",kāizhǎn,开展批评与自我批评。,triển khai phê bình và tự phê bình.
空白,"trỗ chống, lỗ hổng",kòngbái,版面上还有块空白，可以补一篇短文。,"trên bản in còn có một chỗ trống, có thể thêm một đoạn văn."
郊区,ngoại ô,jiāoqū,,
剧本,kịch bản,jùběn,,
首都,thủ đô,shǒudū,,
招投标,đấu thầu,zhāo tóubiāo,,
经费,"kinh phí, tiền chi tiêu",jīngfèi,,
崇拜,"tôn sùng, sùng bái",chóngbài,,
句子,câu văn,jùzi,,
外,bên ngoài,wài,出外,"đi vắng, đi khỏi; xuất ngoại"
尽力,cô gắng,jìnlì,尽力而为。,làm hết sức.
理发,"hớt tóc, cắt tóc",lǐfǎ,理发员。,thợ cắt tóc.
合理,hợp lý,hélǐ,合理使用,sử dụng hợp lý
有趣,thú vị,yǒuqù,有趣的故事,câu chuyện thú vị
欢迎,"hoan nghênh, chào mừng",huānyíng,欢迎大会,chào mừng đại hội
作废,"xóa bỏ, mất hiệu quả",zuòfèi,过期作废,quá hạn không còn giá trị
匹,"con (ngựa, la..)cuộn, xếp(lụa, vải)",pǐ,匹配。,tương xứng.
态度,thái độ,tàidù,态度大方,thái độ lịch sự
当,"khi, vào lúc",dāng,相当,tương đương; ngang nhau
接触,tiếp xúc,jiēchù,皮肤和物体接触后产生的感觉就是触觉。,cảm giác nảy sinh sau khi da tiếp xúc với vật thể là xúc giác.
家,nhà,jiā,他家有五口人。,gia đình anh ấy có năm người.
新娘,cô dâu,xīnniáng,,
委屈,"oan ức, tủi thân",wěiqu,他辛苦了半天还受埋怨，觉着很委屈。,"nó đã vất vả cả ngày mà còn bị trách móc, cảm thấy rất tủi thân."
海关,hải quan,hǎiguān,,
满,đầy,mǎn,会场里人都满了。,trên hội trường đã đầy người.
喜闻乐见,"thích nghe ngóng, thích quan sát",xǐwénlèjiàn,,
危害,nguy hại,wéihài,危害生命,nguy hại đến tính mạng
舍不得,"luyến tiếc, không nỡ",shěbude,连长舍不得自己的部队，才休养几天就赶回去了。,"đại đội trưởng không nỡ rời đơn vị của mình, mới an dưỡng mấy ngày đã trở về đơn vị."
解剖,mổ xẻ,jiěpōu,,
汤,canh,tāng,温汤浸种,ngâm giống trong nước nóng.
照应,"phối hợp, ăn khớp",zhàoyìng,互相照应,phối hợp với nhau
军队,quân đội,jūnduì,,
范围,phạm vi,fànwéi,地区范围,phạm vi khu vực
恋爱,yêu,liàn'ài,自由恋爱。,tự do yêu đương.
榜样,tấm gương,bǎngyàng,榜样的力量是无穷的。,"những tấm gương người tốt, việc tốt nhiều vô cùng."
值得,"đáng, nên",zhídé,这东西买得值得。,đồ này nên mua.
另外,"khác, ngoài ra",lìngwài,我还要跟你谈另外一件事情。,tôi còn phải nói thêm với anh một chuyện khác.
手术,phẫu thuật,shǒushù,大手术。,đại phẫu.
弹钢琴,chơi piano,dàn gāngqín,,
个,"cái, con",gè,三个苹果,ba quả táo; ba trái táo
不安,"bất an, lo lắng",bù'ān,忐忑不安,nhấp nhỏm; bồn chồn; thắp thỏm không yên
达成,"đạt đến, đạt được",dáchéng,达成协议,đạt được hiệp nghị; đạt được sự thoả hiệp.
兴奋,"hăng hái, phấn khởi",xīngfèn,兴奋剂。,thuốc kích thích.
报复,trả thù,bàofù,,
组,"nhóm, tổ",zǔ,改组,cải tổ
触犯,"xúc phạm, xâm phạm",chùfàn,不能触犯人民的利益。,không thể xâm phạm vào lợi ích của nhân dân.
兴隆,"hưng thịnh, thịnh vượng",xīnglóng,生意兴隆。,buôn bán phát đạt; cửa hàng đắt khách.
或者,hoặc,huòzhě,你快走，或者还赶得上车。,"anh đi nhanh lên, có lẽ kịp chuyến xe đấy."
黄瓜,dưa chuột,huángguā,,
自愿,tự nguyện,zìyuàn,自觉自愿,tự nguyện tự giác
游戏,trò chơi,yóuxì,几个孩子正在大树底下游戏。,mấy em bé đang chơi đùa dưới bóng cây to.
低,thấp,dī,低空,tầng trời thấp
途径,đường,tújìng,寻找解决问题的途径,tìm con đường giải quyết vấn đề.
这,điều này,zhè,这本杂志。,cuốn tạp chí này.
前景,"tương lai, triển vọng",qiánjǐng,秋季大丰收的前景鼓舞着社员们的生产情绪。,triển vọng bội thu của vụ thu cổ vũ tinh thần sản xuất của các xã viên.
压榨,"ép, bóc lột",yāzhà,用甘蔗制糖，一般分压榨和煎熬两个步骤。,"dùng mía làm đường, nói chung chia làm hai bước ép mía và nấu mật"
疼,đau,téng,头疼,đau đầu; nhức đầu
涉及,liên quan đến,shèjí,,
锻炼,tập thể dục,duànliàn,体育锻炼,tập thể dục
电池,ắc quy,diànchí,,
并且,"và, đồng thời",bìngqiě,热烈讨论并且通过了这个生产计划。,đã thảo luận sôi nổi đồng thời thông qua kế hoạch sản xuất này
痛快,"vui sướng, vui vẻ",tòngkuài,看见场上一堆一堆的麦子，心里真痛快。,"nhìn thấy từng đống lúa mạch, trong lòng thật vui sướng."
学说,học thuyết,xuéshuō,,
举,"nâng, nhấc, giơ",jǔ,举重。,cử tạ.
压抑,"kiềm chế, kiềm nén",yāyì,压抑激动的感情。,kiềm chế xúc động mạnh.
信任,tín nhiệm,xìnrèn,,
污染,ô nhiễm,wūrǎn,污染水源,làm ô nhiễm nguồn nước; nhiễm bẩn nguồn nước
微不足道,không có ý nghĩa,wēibùzúdào,,
动力,động lực,dònglì,人民是创造世界历史的动力。,nhân dân là động lực sáng tạo ra lịch sử thế giới.
语气,ngữ khí,yǔqì,听他的语气，这事大概有点不妙。,"nghe giọng nói của anh ta, hình như việc này có chút không hay rồi."
充满,tràn đầy,chōngmǎn,欢呼声充满了会场。,tiếng hoan hô vang dậy phòng họp.
神仙,thần tiên,shénxiān,,
勾结,"câu kết, thông đồng",gōujié,暗中勾结,ngấm ngầm cấu kết với nhau
感激,"cảm kích, biết ơn",gǎnjī,感激涕零,cảm kích đến rơi nước mắt
牺牲,hy sinh,xīshēng,流血牺牲,đổ máu hi sinh
否则,nếu không thì,fǒuzé,首先必须把场地清理好，否则无法施工。,"trước tiên phải dọn sạch mặt bằng, nếu không thì không có cách gì thi công được."
跨,"bước dài, xoải bước",kuà,跨进大门。,bước vào cửa.
创新,"cách tân, đổi mới",chuàngxīn,耍有创新精神。,cần phải có tinh thần sáng tạo cái mới.
看见,"nhìn thấy, thấy",kànjiàn,看得见。,trông thấy.
著名,"nổi tiếng, nổi danh",zhùmíng,李时珍是明代的著名药物学家。,Lý Thời Trân là thầy thuốc nổi tiếng thời Minh.
舒畅,"khoan khoái, dễ chịu",shūchàng,性情舒畅。,tính tình dễ chịu.
起床,thức dậy,qǐchuáng,他每天总是天刚亮就起床。,anh ấy mỗi ngày đều thức dậy từ lúc sáng sớm.
级别,trình độ,jíbié,,
鸟,chim,niǎo,,
西,hướng tây,xī,西 面,phía tây; mặt tây; hướng tây.
谣言,"tin vịt, tin nhảm",yáoyán,,
障碍,chướng ngại,zhàng'ài,障碍物,chướng ngại vật
叉子,dĩa,chāzi,,
典型,"điển hình, nghi lễ",diǎnxíng,用典型示范的方法推广先进经验。,dùng phương pháp điển hình để mở rộng kinh nghiệm tiên tiến.
押金,tiền đặt cọc,yājīn,,
公寓,căn hộ,gōngyù,,
感染,"lây, bị nhiễm",gǎnrǎn,身体不好，容易感染流行性感冒。,"sức khoẻ kém, dễ bị nhiễm dịch cảm cúm"
只好,"buộc lòng phải, đành phải",zhǐhǎo,我等了半天他还没回来，只好留个条子就走了。,"tôi chờ một lúc lâu mà anh ấy vẫn chưa trở về, đành phải để lại mảnh giấy."
尝试,thử,chángshì,他们为了解决这个问题，尝试过各种办法,bọn họ vì muốn giải quyết vấn đề mà đã thử đủ cách.
钓,câu cá,diào,钓鱼,câu cá
探测,thăm dò,tàncè,高空探测,thám trắc trên không
接,"nối tiếp, tiếp cận",jiē,邻接。,láng giềng.
罚款,phạt tiền,fákuǎn,,
自行车,xe đạp,zìxíngchē,,
表态,baày tỏ thái độ,biǎotài,明确表态,tỏ thái độ rõ ràng
寂静,"vắng vẻ, trống trải",jìjìng,寂静无声。,yên tĩnh không một tiếng động; lặng thinh; im bặt.
数码,kỹ thuật số,shùmǎ,这次进货的数码比以前大得多。,số hàng nhập vào lần này nhiều hơn lần trước.
结账,thanh toán,jiézhàng,,
媒介,môi giới,méijiè,苍蝇是传染疾病的媒介。,ruồi là môi giới truyền bệnh truyền nhiễm.
属于,thuộc về,shǔyú,中华人民共和国的武装力量属于人民。,lực lượng vũ trang của nước cộng hoà nhân dân Trung Hoa thuộc về nhân dân.
纪要,"kỷ yếu, tóm tắt",jìyào,新闻纪要。,tin tóm tắt.
肺,phổi,fèi,,
昏迷,"hôn mê, mê man",hūnmí,,
喝,uống,hē,喝水,uống nước
英明,khôn ngoan,yīngmíng,英明果断,sáng suốt quả đoán.
卓越,"nổi bật, trác việt, lỗi lạc",zhuóyuè,卓越的成就,thành tựu lớn lao.
连同,"tính cả, gộp lại, kể cả",liántóng,货物连同清单一并送去。,hàng hoá và kể cả hoá đơn cùng gởi đi cả rồi.
没,không,méi,没票。,không có vé.
挪,di chuyển,nuó,挪用。,dùng vào việc khác.
摧残,"phá hủy, tàn phá",cuīcán,,
没辙,"bết tắc, chịu",méizhé,,
目标,mục tiêu,mùbiāo,看清目标。,nhìn rõ mục tiêu.
俱乐部,câu lạc bộ,jù lè bù,,
延伸,mở rộng,yánshēn,这条铁路一直延伸到国境线。,tuyến đường sắt này kéo dài tới biên giới
熏陶,hun đúc (phẩm hạnh tốt),xūntáo,他从小就深受军事世家的影响熏陶,từ nhỏ ông được hun đúc bởi ảnh hưởng lớn của các nhà quân sự nổi tiếng
出租车,taxi,chūzū chē,,
尺子,thước đo,chǐzi,,
看望,"vấn an, hỏi thăm sức khỏe",kànwàng,看望父母。,thăm hỏi sức khoẻ của cha mẹ.
流露,"bộc lộ, thổ lộ",liúlù,流露出真情。,bộc lộ tấm chân tình.
金属,kim khí,jīnshǔ,,
缠绕,"quấn, quấn quanh",chánrào,电磁铁的上面缠绕着导线。,trên thanh nam châm điện có quấn dây dẫn.
快,nhanh,kuài,他进步很快。,anh ấy tiến bộ rất nhanh.
公开,công khai,gōngkāi,公开活动,hoạt động công khai
搭,"mắc, vắt, đắp, phủ, khoắc",dā,搭桥,bắc cầu
喉咙,cổ họng,hóulóng,,
阻碍,cản trở,zǔ'ài,阻碍交通,cản trở giao thông
联合,liên hiệp,liánhé,全世界无产者，联合起来!,"những người vô sản trên toàn thế giới, hãy đoàn kết lại!"
摆脱,thoát khỏi,bǎituō,摆脱困境,thoát khỏi tình huống khó khăn
服务员,nhân viên phục vụ,fúwùyuán,,
吗,phải không,ma,干吗?,làm cái gì?
果汁,nước ép,guǒzhī,,
分寸,"đúng mực, có chừng mực",fēncùn,有分寸,có chừng mực
循环,tuần hoàn,xúnhuán,血液循环,sự tuần hoàn của máu
晴,trời quang,qíng,晴天。,trời quang.
推,đẩy,tuī,推车,đẩy xe
朝,"ngoảnh mặt về, hướng về",cháo,上朝 。,thượng triều.
官,"cán bộ, công chức, sỹ quan",guān,官员,viên chức
表情,"nét mặt, vẻ mặt",biǎoqíng,这个演员善于表情。,diễn viên này khéo diễn xuất
十足,đầy đủ,shízú,十足的黄金。,vàng ròng; vàng mười.
溜,trượt,liū,溜冰。,trượt băng.
勇气,"lòng can đảm, dũng khí",yǒngqì,鼓起勇气,tăng thêm dũng khí
寄,gửi,jì,寄信。,gửi thư.
执行,chấp hành,zhíxíng,严格执行,nghiêm chỉnh chấp hành.
解释,giải thích,jiěshì,有了马克思主义以后，人类社会现象才得到科学的解释。,sau khi có chủ nghĩa Các-Mác thì các hiện tượng trong xã hội loài người mới được giải thích một cách khoa học.
和谐,"hài hòa, dịu dàng",héxié,音调和谐,âm điệu êm dịu
急躁,"luống cuống, hấp tấp, nôn nóng",jízào,一听说事情弄糟了，他就急躁起来了。,"vừa nghe nói công việc thất bại, anh ấy cuống cả lên."
懒,lười biếng,lǎn,腿懒。,lười không muốn giở chân.
衬衫,áo sơ mi,chènshān,,
晚上,buổi tối,wǎnshàng,,
进展,"tiến triển, phát triển",jìnzhǎn,进展神速。,phát triển nhanh chóng.
…分之…,…%...,…fēn zhī…,,
陆地,"lục địa, đất liền",lùdì,,
表决,"biểu quyết, bầu",biǎojué,付表决。,đưa ra biểu quyết
后顾之忧,nỗi lo về sau,hòugùzhīyōu,孩子入托了，解除了家长上班的后顾之忧。,"con đi gởi rồi, trút được nỗi lo đi làm của người lớn."
由于,bởi vì,yóuyú,由于老师傅的耐心教导，他很快就掌握了这一门技术。,"do sự chịu khó dạy dỗ của bác thợ già, anh ấy đã nhanh chóng nắm được kỹ thuật này."
破例,"phá lệ, ngoại lệ",pòlì,制度要严格遵守，不能破例。,"nghiêm túc tuân thủ theo chế độ, không được phá lệ cũ."
设置,thiết lập,shèzhì,这座剧院是为儿童设置的。,nhà hát này xây dựng cho nhi đồng.
快活,"vui sướng, sung sướng",kuàihuó,提前完成了任务，心里觉得很快活。,"hoàn thành nhiệm vụ trước thời hạn, trong lòng cảm thấy sung sướng."
长辈,"đàn anh, trưởng bối",zhǎngbèi,,
发育,"trưởng thành, dậy thì",fāyù,,
职能,"chức năng, công năng",zhínéng,货币的职能,chức năng của tiền tệ.
贝壳,"vỏ sò, vỏ ốc",bèiké,,
涂抹,"bôi lên, tô, quét lên",túmǒ,木桩子上涂抹了沥青。,quét hắc ín lên cộc gỗ.
气魄,"khí thế, quang cảnh",qìpò,他办事很有气魄。,anh ấy làm việc rất hăng say.
碗,bát,wǎn,,
雾,sương mù,wù,喷雾器。,máy phun nước; bình phun nước (dạng sương mù).
打扮,ăn diện,dǎbàn,参加国庆游园，得打扮得漂亮点儿。,"đi dạo công viên vào ngày quốc khánh, phải trang điểm cho đẹp một tý chứ."
部分,bộ phận,bùfèn,,
必定,"nhất định, chắc chắn",bìdìng,共产主义必定胜利。,chủ nghĩa cộng sản nhất định thắng lợi
亏待,"xử tệ, đối đãi kém",kuīdài,你放心吧，我定不会亏待他。,"bạn yên tâm, tôi không xử tệ với anh ấy đâu."
专科,"chuyên khoa, chuyên ngành",zhuānkē,专科医生,bác sĩ chuyên khoa; thầy thuốc chuyên khoa
迄今为止,cho đến nay,qìjīn wéizhǐ,,
警惕,cảnh giác,jǐngtì,提高警惕，保卫祖国。,"đề cao cảnh giác, bảo vệ tổ quốc."
裁员,"giảm biên chế, cắt giảm nhân viên",cáiyuán,,
遭殃,"bị tai ương, gặp tai ương",zāoyāng,,
挡,"ngăn chặn, ngăn cản",dǎng,拦挡,chặn lại; ngăn lại
众所周知,ai ai cũng biết,zhòngsuǒzhōuzhī,,
吻,hôn,wěn,接吻,hôn môi; hôn nhau
免得,"để tránh, đỡ phải",miǎnde,多问几句，免得走错路。,hỏi vài câu để đỡ phải lạc đường.
优惠,ưu đãi,yōuhuì,优惠条件,điều kiện ưu đãi
谜语,câu đố,mèiyǔ,猜谜语,đoán câu đố
缩小,thu hẹp,suōxiǎo,缩小范围。,thu nhỏ phạm vi.
补救,"bổ cứu, cứu vãn",bǔjiù,,
好像,dường như,hǎoxiàng,他们俩一见面就好像是多年的老朋友。,hai chúng nó vừa gặp nhau đã như bạn cũ lâu ngày
城市,thành phố,chéngshì,,
导游,hướng dẫn viên du lịch,dǎoyóu,《西湖导游》,"""hướng dẫn du lịch Tây Hồ"""
见解,"kiến giải, cách nhìn",jiànjiě,见解正确。,kiến giải chính xác.
本钱,vốn,běnqián,,
杂志,tạp chí,zázhì,报章杂志,báo chí tạp chí
宣布,"tuyên bố, thông báo",xuānbù,当众宣布,tuyên bố trước mọi người.
杠杆,đòn bẩy,gànggǎn,经济杠杆,cán cân kinh tế
猛烈,dữ dội,měngliè,进行猛烈的斗争。,tiến hành một cuộc đấu tranh mạnh mẽ.
热心,"nhiệt tình, sốt sắng",rèxīn,热心给大家办事。,nhiệt tình làm việc vì mọi người.
国庆节,ngày quốc khánh,guóqìng jié,,
出路,"đường ra, lối ra",chūlù,在大森林里迷失方向，很难找到出路。,giữa chốn rừng sâu mà lạc mất phương hướng thì khó tìm được đường ra.
擅自,"tự ý, tự tiện",shànzì,不得擅自改变安全操作规程。,không được tự tiện sửa đổi qui trình thao tác an toàn.
专程,chuyến đi đặc biệt,zhuānchéng,专程看望,đặc biệt đi thăm
度过,"xuyên qua, trải qua",dùguò,在海滩上度过了夏天。,trải qua mùa hè ở biển
篇,"bài, trang, tờ",piān,篇章段落。,bố cục bài văn.
整齐,"traật tự, chỉnh tề, ngăn nắp",zhěngqí,服装整齐,trang phục chỉnh tề; ăn mặc chỉnh tề.
规格,"quy cách, kiểu mẫu",guīgé,产品合乎规格,sản phẩm hợp quy cách.
广播,"phát thanh, truyền hình, quảng bá",guǎngbò,广播电台,đài phát thanh
款待,"khoản đãi, chiêu đãi",kuǎndài,款待客人。,khoản đãi khách.
就业,"có công ăn việc làm, đi làm",jiùyè,,
爬山,leo núi,páshān,,
勺子,cái thìa,sháozi,,
街道,đường phố,jiēdào,街道工作。,công tác đường phố.
结束,kết thúc,jiéshù,秋收快要结束了。,thu hoạch vụ thu sắp kết thúc.
尖锐,nhọn,jiānruì,把锥子磨得非常尖锐。,đem cái dùi mài thật sắc nhọn.
诚恳,thành khẩn,chéngkěn,,
解决,giải quyết,jiějué,解决困难。,tháo gỡ khó khăn.
信誉,danh dự và lòng tín nghĩa,xìnyù,信誉卓著。,danh dự lẫy lừng; danh dự vang lừng.
咋,"sao, thế nào",zǎ,咋样,thế nào
门诊,phòng khám bệnh,ménzhěn,,
努力,"phấn đấu, nỗ lực",nǔlì,努力工作。,nỗ lực công tác.
开发,"khai phá, mở mang",kāifā,开发荒山.,khai phá núi hoang.
扒,vết sẹo,bā,扒墙头儿,bíu lên tường
酒吧,quán bar,jiǔbā,,
砸,"đánh, đập,nện",zá,砸核桃,đập hột đào
意外,"bất ngờ, không ngờ",yìwài,感到意外,cảm thấy bất ngờ.
用途,"công dụng, phạm vi sử dụng",yòngtú,橡胶的用途很广。,công dụng của cao su rất rộng.
践踏,"đạp, giẫm, giày xéo",jiàntà,不要践踏青苗。,không được đạp lên mạ non.
舱,"khoang, buồng",cāng,货舱。,khoang hàng hoá
千万,"nhất thiết, dù sao cũng",qiān wàn,千万不可大意。,nhất thiết không được sơ xuất.
麻醉,gây tê,mázuì,,
以免,để tránh,yǐmiǎn,工地上应该加强安全措施，以免发生工伤事故。,"trên công trường cần phải tăng cường biện pháp an toàn, để tránh xảy ra tai nạn lao động."
简化,đơn giản hóa,jiǎnhuà,简化手续。,đơn giản hoá thủ tục.
准时,đúng giờ,zhǔnshí,准时出席,dự họp đúng giờ.
腮,mang cá,sāi,,
对待,"đối xử,đối đãi",duìdài,高山与平地对待，不见高山，哪见平地?,"núi cao và đất bằng chỉ ở thế tương đối, không thấy núi cao, làm sao biết đất bằng?"
资助,trợ cấp,zīzhù,解囊资助,giúp của.
苹果,táo,píngguǒ,,
噪音,tiếng ồn,zàoyīn,,
把关,"kiểm định, nắm chặt",bǎguān,把好质量关,nắm chặt khâu chất lượng
浪费,lãng phí,làngfèi,反对浪费，提倡节约。,"phản đối lãng phí, đề xướng tiết kiệm."
充电器,sạc,chōngdiàn qì,,
志气,chí khí,zhìqì,有志气,có chí khí
招收,"thu nhận, tuyển nhận",zhāoshōu,,
与,"với,và",yǔ,赠与,tặng cho
上级,"cấp trên, thượng cấp",shàngjí,上级机关。,cơ quan cấp trên.
胆怯,nhút nhát,dǎnqiè,初上讲台，还真有几分胆怯。,"lần đầu lên bục giảng, cảm thấy hơi sợ sệt."
永恒,"vĩnh hằng, đời đời",yǒnghéng,永恒的友谊。,mối tình hữu nghị đời đời bền vững
虚心,khiêm tốn,xūxīn,不虚心。,không khiêm tốn
修理,sửa,xiūlǐ,修理厂,xưởng sửa chữa
保证,bảo đảm,bǎozhèng,我们保证提前完成任务,chúng tôi cam đoan hoàn thành nhiệm vụ trước thời hạn
骑,"cưỡi, đi",qí,骑马。,cưỡi ngựa.
挂,treo,guà,挂钟,đồng hồ treo tường
饭馆,khách sạn,fànguǎn,,
来源,nguồn gốc,láiyuán,经济来源。,nguồn kinh tế.
孕育,thai nghén,yùnyù,海洋是孕育原始生命的温床。,Hải Dương là lò lửa ấp ủ mạng sống nguyên thuỷ.
西瓜,dưa hấu,xī guā,,
齐全,đầy đủ,qíquán,百货公司已经把冬季用品准备齐全。,công ty bách hoá đã chuẩn bị đầy đủ những đồ dùng hàng ngày của mùa đông.
棵,cây,kē,一棵树。,một cây.
糊涂,"hồ đồ, lơ mơ, mơ hồ",hútú,他越解释，我越糊涂。,"anh ấy càng giải thích, tôi càng không rõ."
空前绝后,không bao giờ có,kōngqiánjuéhòu,,
腹泻,bệnh tiêu chảy,fùxiè,,
犹豫,"do dự, ngập ngừng",yóuyù,犹豫不定。,do dự không quyết
上网,lên mạng,shàngwǎng,,
技巧,"kỹ xảo, sự thành thạo",jìqiǎo,运用技巧。,vận dụng kỹ xảo.
等于,bằng,děngyú,三加二等于五。,ba cộng hai bằng năm
辛苦,vất vả,xīnkǔ,辛辛苦苦。,vất vả cực nhọc
许多,nhiều,xǔduō,许多人。,rất nhiều người
陌生,lạ,mòshēng,陌生人。,người lạ.
纤维,sợi,xiānwéi,,
覆盖,che phủ,fùgài,积雪覆盖着地面,tuyết phủ kín mặt đất.
隔离,"tách ly, tách rời, để riêng ra",gélí,隔离病房,phòng cách ly bệnh
孤单,cô đơn,gūdān,孤单一人,người cô đơn
愚蠢,"ngu xuẩn, ngu dại",yúchǔn,愚蠢无知,ngu xuẩn không biết gì
辅导,"phụ đạo, hướng dẫn",fǔdǎo,辅导员,hướng dẫn viên; phụ đạo viên
气势,khí thế,qìshì,气势磅礴。,khí thế hào hùng.
化石,hoóa thạch,huàshí,化石作用。,tác dụng hoá đá.
只,chỉ,zhǐ,只身,một mình
熊猫,gấu trúc,xióngmāo,,
证件,giấy chứng nhận,zhèngjiàn,,
锤,cái búa,chuí,秤锤 。,quả cân.
老虎,con hổ,lǎohǔ,煤老虎。,hao phí khí đốt.
嘱咐,"dặn dò, căn dặn",zhǔfù,再三嘱咐,dặn đi dặn lại
操场,sân chơi,cāochǎng,,
印刷,in,yìnshuā,,
条件,điều kiện,tiáojiàn,自然条件,điều kiện tự nhiên
理智,lý trí,lǐzhì,丧失理智。,mất lý trí.
放射,phóng xạ,fàngshè,放射形,hình rẻ quạt
公婆,cha mẹ chồng,gōngpó,,
倡导,"khởi xướng, mở đầu",chàngdǎo,,
占线,đường dây bận,zhànxiàn,一连拨了几次，他家的电话都占线。,gọi liền mấy lần mà điện thoại nhà anh ấy đều bận.
戏剧,"kịch, tuồng",xìjù,现代戏剧,kịch hiện đại
丰收,được mùa,fēngshōu,丰收年,năm được mùa
流浪,"lang thang, lưu lạc",liúlàng,流浪者。,kẻ lang thang.
越,vượt qua,yuè,越 墙,nhảy qua tường
呢,thì sao,ne,这个道理在哪儿?,lí lẽ ở đâu nhỉ?
幽默,hài hước,yōumò,言词幽默,lời lẽ hài hước
任性,tùy hứng,rènxìng,他有时不免孩子气，有点任性。,"anh ấy có lúc không bỏ được tính trẻ con, có chút sống buông thả."
增添,taăng lên,zēngtiān,增添设备,thêm thiết bị
莫名其妙,không hiểu ra sao cả,mòmíngqímiào,,
英勇,anh dũng,yīngyǒng,英勇杀敌,anh dũng giết giặc
回收,"thu lại, thu hồi",huíshōu,回收废旧物资。,thu hồi vật tư phế thải.
清真,"trong sạch, chất phác",qīngzhēn,诗贵清真，更要有寄托。,"thơ quý ở chỗ mộc mạc chất phác, phải có sự gửi gấm ý tình của tác giả."
同时,đồng thời,tóngshí,他们俩是同时复员的。,hai người họ phục viên cùng lúc.
一直,"luôn, suốt, liên tục",yīzhí,一直走，不拐弯。,"đi thẳng, không rẽ ngoặt."
需要,cần,xūyào,我们需要有一支强大的科学技术队伍。,chúng tôi cần có một đội ngũ khoa học kỹ thuật lớn mạnh
善良,"hảo tâm, lương thiện",shànliáng,善良的愿望,những điều mong muốn tốt đẹp.
床单,khăn trải giường,chuángdān,,
对应,"phù hợp, đối ứng, tương ứng",duìyìng,对应措施,biện pháp tương ứng
各自,mỗi người,gèzì,工作中出了问题，不能只责怪对方，各自要多做自我批评。,"trong công việc nẩy sinh vấn đề, không nên chỉ trách đối phương, riêng phần mình cũng nên tự phê bình."
形成,hình thành,xíngchéng,形成鲜明的对比。,hình thành sự đối lập rõ rệt.
声势,thanh thế,shēngshì,声势浩大。,thanh thế lẫy lừng.
有,có,yǒu,我有《鲁迅全集》。,"tôi có quyển ""Lỗ Tấn toàn tập""."
感受,cảm nhận,gǎnshòu,感受风寒,bị cảm lạnh
栏目,chuyên mục,lánmù,小说栏目。,chuyên mục tiểu thuyết.
操练,"luyện tập, thao luyện",cāoliàn,操练人马。,thao diễn người ngựa; thao diễn quân đội
富裕,giàu có,fùyù,日子过得挺富裕。,sống cuộc sống sung túc
工业,công nghiệp,gōngyè,,
抢劫,cướp tài sản,qiǎngjié,,
中介,"môi giới, trung gian",zhōngjiè,中介人,người môi giới
蛋白质,protein,dànbáizhí,,
承担,"gánh vác, đảm đương",chéngdān,承担义务。,gánh vác nghĩa vụ.
确切,chính xác,quèqiè,确切不移。,chuẩn xác không xê dịch.
全力以赴,dốc toàn lực,quánlì yǐ fù,,
恶心,buồn nôn,ěxīn,,
总算,"cuối cùng cũng, nhìn chung",zǒngsuàn,一连下了六七天的雨，今天总算晴了。,"mưa suốt sáu bảy ngày, hôm nay cuối cùng trời cũng nắng."
百,một trăm,bǎi,百 分比; 百 分率,tỉ lệ phần trăm
武器,vuũ khí,wǔqì,思想武器,vũ khí tư tưởng
任务,nhiệm vụ,rènwù,政治任务。,nhiệm vụ chính trị.
遥远,xa xôi,yáoyuǎn,路途遥远,đường xa diệu vợi; đường xá xa xôi.
必然,"tất nhiên, tất yếu",bìrán,在工作中必然会碰到各种困难。,trong công việc thế nào cũng gặp đủ loại khó khăn
丙,"thứ ba, Bính",bǐng,丙等。,hạng 3
衰老,lão hóa,shuāilǎo,,
讲究,"chú ý,coi trọng",jiǎngjiù,讲究卫生。,chú ý vệ sinh.
石头,đá,shítou,,
瞧,nhìn,qiáo,瞧见。,nhìn xem.
意味着,nghĩa là,yìwèizhe,生产率的提高意味着劳动力的节省。,nâng cao năng suất có nghĩa là tiết kiệm sức lao động.
原料,nguyên liệu,yuánliào,工业原料种类极多。,nguyên liệu công nghiệp có rất nhiều loại.
尤其,"đặc biệt là, nhất là",yóuqí,我喜欢图画，尤其喜欢中国画。,"tôi thích tranh vẽ, đặc biệt là tranh vẽ Trung Quốc."
人士,người,rénshì,民主人士。,nhân sĩ dân chủ.
营业,kinh doanh,yíngyè,营业额,doanh số
畔,"bờ, bên( sông, hồ, đường)",pàn,湖畔。,bờ hồ.
增长,tăng trưởng,zēngzhǎng,增长知识,tăng thêm kiến thức
游泳,bơi,yóuyǒng,,
因而,vì thế,yīn'ér,下游河床狭窄，因而河水容易泛滥。,"hạ lưu dòng sông rất hẹp, cho nên nước sông rất dễ lan tràn."
军事,quân sự,jūnshì,军事工作。,công tác quân sự.
码头,bến tàu,mǎtóu,水陆码头。,đầu mối giao thông đường bộ và đường thuỷ.
内涵,nội hàm,nèihán,,
嫉妒,"đố kỵ, ganh ghét",jídù,,
花瓣,cánh hoa,huābàn,,
纷纷,"tới tấp, dồn dập",fēnfēn,议论纷纷,bàn luận sôi nổi
思绪,"tâm tư, tư tưởng tình cảm",sīxù,思绪纷乱。,rối loạn mạch suy nghĩ.
历代,các triều đại,lìdài,历代名画。,những danh hoạ của các triều đại.
文明,văn minh,wénmíng,物质文明,nền văn minh vật chất
安详,êm đềm,ānxiáng,举止安详,cử chỉ khoan thai
当务之急,việc khẩn cấp trước mắt,dāngwùzhījí,,
进步,tiến bộ,jìnbù,虚心使人进步，骄傲使人落后。,"khiêm tốn làm cho người ta tiến bộ, kiêu ngạo làm cho người ta tụt hậu."
需求,nhu cầu,xūqiú,人们对商品的需求越来越高。,nhu cầu về hàng hoá của mọi người càng ngày càng cao.
关,đóng,guān,关窗户,đóng cửa sổ
蒸发,hơi bốc lên,zhēngfā,,
向,"đến, tới",xiàng,志向。,chí hướng
摩托车,xe mô tô,mótuō chē,,
心灵,tâm linh,xīnlíng,心灵手巧。,thông minh khéo tay.
担保,đảm bảo,dānbǎo,出不了事，我敢担保。,"không xảy ra chuyện gì đâu, tôi dám đảm bảo đấy."
粗鲁,thô lỗ,cūlǔ,他是个火性人，说话粗鲁，你别介意。,"nó là một người nóng tính, nói năng thô lỗ, anh đừng để bụng."
狗,chó,gǒu,狗不拉屎，鸟不生蛋的地方。,"đồng khô cỏ cháy; vùng khô cằn sỏi đá; vùng chó ăn đá, gà ăn sỏi; vùng chó ăn đất, gà ăn muối."
工厂,nhà máy,gōngchǎng,,
暧昧,"mập mờ, mờ ám",àimèi,关系暧昧。,quan hệ ám muội
预言,lời tiên tri,yùyán,科学家预言人类在征服宇宙方面将有新的突破。,"các nhà khoa học tiên đoán, trong tương lai sự chinh phục vũ trụ của con người có những bước đột phá mới."
餐厅,nhà hàng,cāntīng,,
考古,khảo cổ học,kǎogǔ,,
增加,tăng thêm,zēngjiā,增加品种,tăng thêm nhiều chủng loại sản phẩm
系,"thắt, buộc, cài, đeo",xì,系鞋带。,thắt dây giầy.
打猎,săn bắn,dǎliè,,
咬牙切齿,nghiến răng nghiến lợi,yǎoyáqièchǐ,,
兔子,con thỏ,tùzǐ,,
分散,"phân tán, phân chia",fēnsàn,分散活动。,hoạt động phân tán
汉语,tiếng trung,hànyǔ,汉语字处理,soạn thảo văn bản tiếng Hoa
章程,"chương trình, điều lệ",zhāngchéng,,
双胞胎,anh em sinh đôi,shuāngbāotāi,,
解除,"bỏ, xua tan, giải trừ",jiěchú,解除顾虑。,xua tan nỗi lo buồn.
东道主,chủ nhà,dōngdàozhǔ,,
劝,khuyên,quàn,规劝。,khuyên bảo.
高速公路,đường cao tốc,gāosù gōnglù,,
怀念,"hoài niệm, nhớ nhung",huáiniàn,怀念故乡,nhớ cố hương
整理,"thu xếp, chỉnh lý",zhěnglǐ,整理行装,thu xếp hành trang
拧,"vặn, vắt",níng,拧手巾。,vắt khô khăn mặt.
岛屿,quần đảo,dǎoyǔ,,
财务,tài vụ,cáiwù,财务处。,phòng tài vụ
插,cắm,chā,插 秧。,cấy mạ.
小,nhỏ,xiǎo,小 河。,dòng sông nhỏ.
抵抗,"chống lại, đề kháng, chống cự",dǐkàng,奋力抵抗,ra sức chống cự
网球,quần vợt,wǎngqiú,,
集中,tập trung,jízhōng,集中优势兵力，各个歼灭敌人。,"tập trung binh lực lại, tiêu diệt địch từng bộ phận một."
疏忽,sơ suất,shūhū,疏忽职守。,làm việc qua quýt.
宪法,hiến pháp,xiànfǎ,,
探讨,thăm dò,tàntǎo,探讨哲学问题,thảo luận nghiên cứu về vấn đề Triết học.
咱们,chúng ta,zánmen,咱们是一家人。,chúng ta là người một nhà.
大不了,"chẳng qua, chỉ là",dàbùliǎo,赶不上车，大不了走回去就是了。,"nếu trễ xe, chẳng qua chỉ đi bộ là cùng."
饥饿,đói,jī'è,,
亲戚,họ hàng,qīnqi,一门亲戚。,một nhà thông gia.
饲养,chăn nuôi,sìyǎng,饲养员。,nhân viên chăn nuôi.
是,"là, vâng",shì,一无是处。,không chỗ nào đúng.
夫人,"phu nhân, vợ",fūrén,,
失业,thất nghiệp,shīyè,,
捎,"mang hộ, mang giùm",shāo,捎封信。,tiện thể mang theo thư.
施加,"gây, làm (áp lực, ảnh hưởng)",shījiā,,
学期,học kỳ,xuéqí,,
明白,hiểu,míngbái,她讲得十分明白。,cô ấy giảng giải rất là rõ ràng dễ hiểu.
宽敞,rộng lớn,kuānchang,这 间屋子很宽敞。,căn nhà này rất rộng lớn.
小气,,xiǎoqì,,
打扫,quét dọn,dǎsǎo,打扫院子,quét sân
天空,bầu trời,tiānkōng,仰望天空,ngửa mặt trông lên bầu trời; ngẩng đầu lên nhìn trời.
岗位,"cương vị, vị trí công tác",gǎngwèi,坚守工作岗位。,giữ vững cương vị công tác.
陪,"hộ tống, đi cùng",péi,失陪。,"thất lễ (lời nói khách sáo, không đi cùng được)."
传真,máy fax,chuánzhēn,,
同意,đồng ý,tóngyì,我的意见你同意吗?,ý kiến của tôi anh đồng ý không?
饱经沧桑,"thế sự xoay vần, bãi bể nương dâu",bǎojīngcāngsāng,,
动画片,hoạt hình,dònghuà piàn,,
举办,"tổ chức,cử hành",jǔbàn,举办展览会。,tổ chức triển lãm.
潮湿,ẩm ướt,cháoshī,雨后新晴的原野，潮湿而滋润。,cánh đồng vừa tạnh mưa ẩm ướt và xâm xấp nước.
球迷,người hâm mộ,qiúmí,,
外行,"người ngoài nghề, tay ngang",wàiháng,种庄稼他可不外行。,làm nghề nông anh ấy đâu có xa lạ.
大夫,bác sỹ,dàfū,,
主题,chủ đề,zhǔtí,主题词,nội dung chính; từ chủ đề.
烹饪,nấu ăn,pēngrèn,烹饪法。,cách nấu nướng.
无奈,"đành chịu, không biết phải làm sao",wúnài,出于无奈。,xuất phát từ chỗ không biết làm sao.
司法,tư pháp,sīfǎ,,
重阳节,tết Trùng Dương,chóngyáng jié,,
告诫,"khuyên bảo, khuyên răn",gàojiè,再三告诫,nhiều lần nhắc nhở
沉闷,"nặng nề, nặng trĩu",chénmèn,,
干净,sạch,gānjìng,孩子们都穿得干干净净的。,bọn trẻ đều ăn mặc sạch sẽ gọn gàng.
沉思,trầm tư,chénsī,为了答复这个问题，他坐在那里沉思了好久。,"để trả lời câu hỏi này, anh ấy đã ngồi đó trầm tư suy nghĩ rất lâu."
残留,còn lại,cánliú,面颊上还残留着泪痕。,trên má hãy còn vết nước mắt
仓库,kho,cāngkù,粮食仓库。,kho lương thực
壮烈,"lừng lẫy, oanh liệt",zhuàngliè,壮烈牺牲,hi sinh oanh liệt
唠叨,sự đau đớn,láo dāo,唠叨半天。,lải nhải suốt cả buổi.
熟悉,quen thuộc,shúxī,熟悉情况。,hiểu rõ tình hình.
传统,truyền thống,chuántǒng,发扬艰苦朴素的优良革命传统。,"phát huy truyền thống cách mạng tốt đẹp, gian khổ giản dị."
团体,"nhóm, đoàn thể",tuántǐ,人民团体,đoàn thể nhân dân
取,lấy,qǔ,取款。,lấy tiền.
流氓,lưu manh,liúmáng,耍流氓。,giở trò lưu manh.
钟,chuông,zhōng,挂钟,đồng hồ treo tường
而且,"hơn nữa, mà còn, với lại",érqiě,不但战胜了各种灾害，而且获得了丰收。,không chỉ chiến thắng được các bệnh dịch tai hại mà còn được mùa.
声音,âm thanh,shēngyīn,声音强。,âm thanh to lớn.
参谋,"tham mưu, cố vấn",cānmóu,这事该怎么办，你给参谋一下。,"chuyện này nên làm sao, anh góp ý cho một chút."
掀起,"vén, mở",xiānqǐ,掀起盖子。,mở nắp ra.
沙漠,sa mạc,shāmò,,
应邀,nhận lời mời,yìngyāo,应邀前往,nhận lời mời đến dự
寒暄,"hàn huyên, hỏi han",hánxuān,宾主寒暄了一阵，便转入正题。,"chủ khách hàn huyên một lúc, thì chuyển vào chủ đề chính."
间隔,"cách nhau, xa cách",jiàngé,采苗间隔匀整。,những cây rau giống cách đều nhau.
手艺,"tay nghề, kỹ thuật",shǒuyì,手艺人。,người có tay nghề.
补充,bổ sung,bǔchōng,补充了十二支枪。,đã bổ sung thêm 12 cây súng
成立,thành lập,chénglì,1949年10月1日毛主席在天安门庄严宣布中华人民共和国成立。,"ngày 1/10/1949, tại Thiên An Môn, chủ tịch Mao Trạch Đông đã trang trọng tuyên bố thành lập nước cộng hoà nhân dân Trung Hoa."
体育,"thể dục, thể thao",tǐyù,体育课,giờ học thể dục; bài học thể dục.
规划,"kế hoạch, quy hoạch",guīhuà,制订规划,lập kế hoạch
叔叔,chú,shūshu,亲叔叔。,chú ruột.
空虚,"trống rỗng, rỗng tuếch",kōngxū,后方空虚。,hậu phương trống rỗng.
电子邮件,"email, thư điên tử",diànzǐ yóujiàn,,
相同,giống nhau,xiāngtóng,这两篇文章的结论是相同的。,kết luận của hai bài văn này như nhau
接连,"liên tục,liên tiếp",jiēlián,接连不断。,liên tiếp không đứt.
广阔,"rộng lớn, bát ngát",guǎngkuò,视野广阔,tầm mắt rộng
浑身,"toàn thân, khắp người",húnshēn,浑身是汗,toàn thân đầy mồ hôi; mồ hôi đầy mình.
办公室,văn phòng,bàngōngshì,,
辜负,"không xứng với, phụ lòng",gūfù,不辜负您的期望。,không phụ lòng kỳ vọng của anh.
不得不,không thể không,bùdé bù,他们不得不去参加一次葬礼。,họ phải tham gia tang lễ.
依托,"dựa vào, nhờ",yītuō,无所依托,không nơi nương tựa
公然,"ngang nhiên, thẳng thắn",gōngrán,公然作弊,ngang nhiên làm bừa; ngang nhiên làm bậy
自然,tự nhiên,zìrán,大自然,thiên nhiên
别人,người khác,biérén,家里只有母亲和我，没有别人。,"nhà chỉ có mẹ và tôi, không còn ai khác"
通过,"qua, thông qua",tōngguò,电流通过导线,dòng điện đi qua dây dẫn
公务,"công vụ,việc nước, việc công",gōngwù,办理公务,xử lý việc công
有利,có lợi,yǒulì,有利可图,có thể kiếm lời; có lợi nên tính cách sử dụng.
草案,bản thảo,cǎo'àn,土地管理法草案。,bản dự thảo về luật quản lý đất đai
持久,kéo dài,chíjiǔ,,
立交桥,cầu vượt,lìjiāoqiáo,,
回避,"né tránh, trốn tránh",huíbì,回避要害问题。,tránh vấn đề mấu chốt.
亮,sáng,liàng,明亮。,sáng trưng.
指标,"chỉ tiêu, mức",zhǐbiāo,数量指标,chỉ tiêu số lượng
行业,ngành,hángyè,饮食行业,ngành ẩm thực; ngành ăn uống
粮食,thức ăn,liángshí,,
意义,ý nghĩa,yìyì,革命的意义,ý nghĩa cách mạng
姓,họ,xìng,姓名,tính danh; họ và tên
件,"mục, chiếc",jiàn,一件事。,một công việc.
资金,"tiền vốn, quỹ",zījīn,,
灰,màu xám,huī,炉灰,tro
算数,"tính, đếm",suànshù,说话要算数，不能翻悔。,"đã nói là phải làm, không thể nuốt lời."
劲头,"sức mạnh, sức lực",jìntóu,战士们身体好，劲头儿大，个个都象小老虎。,"chiến sĩ ta thân thể khoẻ mạnh, sức lực dồi dào, mỗi người trông giống như một chú hổ con."
千,một nghìn,qiān,千方百计。,trăm phương nghìn kế.
淘气,nghịch ngợm,táoqì,这孩子很聪明，就是有些淘气。,"đứa bé này rất thông minh, nhưng hơi tinh nghịch."
年代,"niên đại, thời đại",niándài,庄稼人都能当代表，这真是到了人民当家的年代啦!,"nhà nông đều được làm đại biểu, đây thật sự là thời kỳ làm chủ của người dân."
美术,mỹ thuật,měishù,,
乞丐,người ăn xin,qǐgài,,
可靠,đáng tin cậy,kěkào,他忠诚老实，为 人很可靠。,"anh ấy trung thành chân thật, người ta rất tin cậy."
忠实,trung thành,zhōngshí,忠实的信徒,tín đồ trung thành
客人,khách,kèrén,,
诬陷,"vu cáo, hãm hại",wúxiàn,,
信赖,tin cậy,xìnlài,,
不耐烦,"nóng nảy, sốt ruột",bù nàifán,等得不耐烦,đợi sốt cả ruột; đợi bực mình
坚定,"kiên định, không dao động",jiāndìng,人民坚定地跟着共产党走。,nhân dân kiên quyết đi theo đảng cộng sản.
班主任,giáo viên chủ nghiệm,bānzhǔrèn,,
时刻,"thời khắc, thời gian",shíkè,严守时刻，准时到会。,"nghiêm túc tuân thủ thời gian, đến họp đúng giờ."
理论,"lý luận, lý thuyết",lǐlùn,他正在气头上，我不想和他多理论。,"anh ấy đang nổi nóng, tôi không muốn tranh luận với anh ấy nữa."
健身房,phòn thể dục,jiànshēnfáng,,
恨,"hận, ghét",hèn,恨入骨髓,hận tận xương tuỷ
出,đi ra,chū,出 去。,đi ra đi
文献,"văn hiến, tài liệu lịch sử",wénxiàn,,
运行,"vận hành, vận chuyển",yùnxíng,人造卫星的运行轨道。,quỹ đạo vận hành của vệ tinh nhân tạo.
据悉,được biết,jùxī,,
见面,gặp,jiànmiàn,跟这位老战友多年没见面了。,đã nhiều năm rồi không gặp được những người bạn chiến đấu cũ.
应酬,tiệc thân mật,yìngchóu,应酬话,lời nói xã giao.
照片,ảnh,zhàopiàn,,
逃,trốn thoát,táo,逃匿,chạy trốn; trốn tránh; ẩn trốn.
磅,bảng Anh,bàng,搁在磅 上称一称。,đặt lên bàn cân để cân
唉,"ôi than ôi, trời ơi",āi,唉 ，病了几天，把工作都耽误了。,"hừ, bệnh mấy ngày trời, lỡ hết chuyện."
睡觉,ngủ,shuìjiào,该睡觉了。,nên đi ngủ.
闯,"xông, đâm bổ",chuǎng,闯 劲。,sức xông xáo; khí thế xông xáo.
领先,dẫn đầu,lǐngxiān,他迈开大步，领先登上了山顶。,"anh ấy bước một bước dài, dẫn đầu lên đỉnh núi."
对称,tính cân xứng,duìchèn,,
虚假,"giả tạo, giả dối",xūjiǎ,虚假现象。,hiện tượng giả dối
总和,"tổng hợp, tổng số",zǒnghé,力量的总和,tổng số lực lượng
遗传,di truyền,yíchuán,,
遍,số lần,biàn,遍身。,toàn thân
挣扎,"ngọ ngoạy, vùng vẫy, đấu tranh",zhēngzhá,,
丢三落四,hay quên,diūsānlàsì,,
下属,"cấp dưới, thuộc hạ",xiàshǔ,,
妥协,thỏa hiệp,tuǒxié,妥协投降,thoả hiệp đầu hàng
负责,chịu trách nhiệm,fùzé,负责后勤工作,phụ trách công tác hậu cần.
交代,"bàn giao, dặn dò, nhắn nhủ",jiāodài,交代工作。,bàn giao công tác.
赢,thắng,yíng,足球比赛结果，甲队赢了。,"kết quả trận đấu bóng đá, đội A đã thắng."
确认,xác nhận,quèrèn,参加会议的各国确认了这些原则。,các nước tham gia hội nghị đã thừa nhận những nguyên tắc này.
文物,di sản văn hóa,wénwù,,
时尚,"thời thượng,mốt",shíshàng,,
粗心,không cẩn thận,cūxīn,粗心大意。,sơ ý.
点头,gật đầu,diǎntóu,他见我进来，点了下头。,"anh ấy thấy tôi đi vào, liền gật đầu chào."
过分,"quá đáng, quá mức",guòfèn,过分谦虚，就显得虚伪了。,khiêm tốn quá thì sẽ có vẻ giả dối.
烤鸭,thịt vịt nướng,kǎoyā,,
适合,"vừa, phù hợp",shìhé,过去的经验未必全都适合当前的情况。,những kinh nghiệm đã qua chưa chắc đã phù hợp với tình hình hiện tại.
畅销,bán chạy,chàngxiāo,畅销货。,hàng bán chạy.
方式,"phương thức, cách thức",fāngshì,工作方式,cách làm việc
单元,"bài mục, đơn vị",dānyuán,单元练习,bài mục luyện tập
地球,trái đất,dìqiú,,
成效,"hiệu quả, công hiệu",chéngxiào,这种药消灭棉蚜虫，很有成效。,loại thuốc này diệt sâu bông rất công hiệu.
爱心,tình yêu,àixīn,,
社会,xã hội,shèhuì,,
理直气壮,caây ngay không sợ chết đứng,lǐzhíqìzhuàng,,
珍惜,"quý, quý trọng",zhēnxī,珍惜时间,quý thời gian
主要,chuủ yếu,zhǔyào,主要原因,nguyên nhân chính
项,"hạng,mục",xiàng,下列各项。,các hạng mục liệt kê dưới đây.
无可奉告,"không có gì để nói, thưa, bẩm",wú kě fènggào,,
颤抖,run rẩy,chàndǒu,冻得全身颤抖。,lạnh run người.
其他,khác,qítā,今天的文娱晚会，除了京剧、曲艺以外，还有其他精彩节目。,"buổi văn nghệ tối nay, ngoài kinh kịch, khúc nghệ ra, còn có những tiết mục đặc sắc khác."
前面,phía trước,qiánmiàn,亭子前面有一棵松树。,trước đình có trồng một cây thông.
约会,cuộc hẹn,yuēhuì,大伙儿约会好在这儿碰头。,cả bọn hẹn gặp nhau tại đây.
视线,"đường nhìn, tầm mắt",shìxiàn,,
奠定,"đặt , làm cho chắc chắn, ổn định",diàndìng,奠定基础,đặt cơ sở
一致,"nhất trí, không chia rẽ",yīzhì,看法一致。,nhất trí về quan điểm
妥当,"thỏa đáng, ổn thỏa",tuǒdang,安排妥当,sắp xếp ổn thoả
知识,kiến thức,zhīshì,知识分子,phần tử trí thức
挑拨,gây xích mích,tiǎobō,挑拨离间(引起是非争端，使别人不和)。,gây xích mích; gây chia rẽ; đâm thọc.
僵硬,cứng đờ,jiāngyìng,他的两条腿僵硬了。,hai chân cứng đờ.
辅助,"phụ trợ, giúp,giúp đỡ",fǔzhù,多加辅助,tăng cường giúp đỡ
东张西望,nhìn đông nhìn tây,dōngzhāngxīwàng,,
浪漫,lãng mạn,làngmàn,富有浪漫色彩。,mang đầy vẻ lãng mạn.
一丝不苟,không hề cẩu thả chút nào,yīsībùgǒu,,
大意,không cẩn thận,dàyì,段落大意。,đại ý đoạn văn
创造,sáng tạo,chuàngzào,创造性。,tính sáng tạo.
积极,tích cực,jījí,起积极作用。,có tác dụng tích cực.
表格,"bảng biểu, bản khai",biǎogé,,
平常,thông thường,píngcháng,他的话虽然平常，但意义却很深刻。,"lời nói của anh ấy tuy bình thường, nhưng ý nghĩ lại rất sâu sắc."
祝福,chúc phúc,zhùfú,祝福你一路平安。,chúc anh đi đường bình an.
死,chết,sǐ,死亡。,chết.
相处,"sống với nhau, sống chung",xiāngchǔ,相处得很好。,sống với nhau rất tốt; chung sống hoà hợp.
端,"đầu, đầu mút",duān,笔端,đầu bút
母亲,mẹ,mǔqīn,祖国，我的母亲!。,"Tổ Quốc, người mẹ của tôi!"
支撑,chống đỡ,zhīchēng,坑道里用柱子支撑着。,trong đường hầm dùng cột để chống.
应用,ứng dụng,yìngyòng,应用新技术,sử dụng kỹ thuật mới
和气,"ôn hòa, điềm đạm",héqì,对人和气,ôn tồn với mọi người.
染,nhuộm,rǎn,印染。,in nhuộm.
世代,thế hệ,shìdài,世代相传。,mấy đời tương truyền.
目光,"ánh mắt, tầm mắt",mùguāng,目光炯炯。,ánh mắt long lanh.
数额,"mức, ngạch số",shù'é,超出数额。,vượt mức.
手势,cử chỉ,shǒushì,交通警打手势指挥车辆。,cảnh sát giao thông dùng tay ra hiệu chỉ huy xe cộ.
固执,"cố chấp, bướng bỉnh",gùzhí,固执已见,khăng khăng giữ ý kiến của mình; quyết giữ ý kiến của mình.
消失,biến mất,xiāoshī,,
魔鬼,ma quỷ,móguǐ,,
束,bó lại,shù,腰束皮带。,thắt dây nịch.
调动,"điều động, đổi, thay đổi",diàodòng,调动队伍,điều động đội ngũ.
采购,"mua, thu mua",cǎigòu,采购员。,nhân viên chạy vật tư
举世闻名,nổi tiếng thế giới,jǔshì wénmíng,,
通讯,truyền thông,tōngxùn,通讯班,lớp thông tin
紧密,chặt chẽ,jǐnmì,紧密结合。,kết hợp chặt chẽ.
秩序,trật tự,zhìxù,秩序井然,trật tự ngay ngắn.
春,mùa xuân,chūn,春 景。,cảnh mùa xuân.
空闲,"rỗi rãi, nhàn rỗi",kòngxián,等师傅空闲下来，再跟他谈心。,"đợi sư phụ rảnh, rồi hãy tâm sự với ông ấy."
激烈,mãnh liệt,jīliè,百米赛跑是一项很激烈的运动。,thi chạy 100m là môn vận động thể thao rất quyết liệt.
相对,tương đối,xiāngduì,在绝对的总的宇宙发展过程中，各个具体过程的发展都是相对的。,"trong quá trình phát triển chung tuyệt đối của vũ trụ, sự phát triển của mỗi một quá trình cụ thể đều là tương đối."
以来,"đến nay, trước nay",yǐlái,自古以来,từ xưa đến nay
滴,nhỏ giọt,dī,滴水穿石,nước chảy đá mòn
兼职,kiêm chức,jiānzhí,,
一举两得,một công đôi việc,yījǔliǎngdé,荒山造林，既能生产木材，又能保持水土，是一举两得的事。,"trồng rừng trên núi hoang, vừa sản xuất gỗ vừa bảo vệ được đất đai, đúng là một công đôi việc."
胸,ngực,xiōng,心胸,bụng dạ; lòng dạ
过敏,dị ứng,guòmǐn,药物过敏,dị ứng thuốc
植物,thực vật,zhíwù,,
监督,"giám sát, đôn thúc",jiāndū,政府机关要接受人民监督。,cơ quan chính phủ phải chịu sự giám sát của nhân dân.
司令,tư lệnh,sīlìng,,
竞争,cạnh tranh,jìngzhēng,贸易竞争。,cạnh tranh mậu dịch.
导航,"dẫn dđường, hướng dẫn",dǎoháng,,
壮丽,tráng lệ,zhuànglì,山河壮丽,núi sông tráng lệ
启发,cảm hứng,qǐfā,启发性报告。,báo cáo có tính gợi mở.
继往开来,"tiếp ối người trước, mở lối cho người sau",jìwǎngkāilái,,
延长,kéo dài,yáncháng,路线延长一百二十里。,con đường này kéo dài thêm 120 dặm
曝光,,pùguāng,,
对于,"về, đối với",duìyú,我们对于公共财产，无论大小，都应该爱惜。,"đối với tài sản công cộng, cho dù lớn hay nhỏ chúng ta đều phải quý trọng."
要是,nếu như,yào shi,,
进攻,tấn công,jìngōng,,
澄清,làm rõ,chéngqīng,湖水碧绿澄清。,nước hồ trong veo xanh biếc.
堕落,"sa ngã, trụy lạc",duòluò,腐化堕落,biến chất; hủ bại sa đoạ
遮挡,"che, ngăn che",zhēdǎng,遮挡寒风,che gió lạnh
假使,giả sử,jiǎshǐ,假使你同意，我们明天一清早就出发。,nếu như anh đồng ý thì sáng sớm mai chúng ta sẽ đi.
挽救,"cứa vãn, cứu vớt",wǎnjiù,挽救病人的生命。,cứu vãn sinh mệnh người bệnh.
没关系,không sao đâu,méiguānxì,没关系，我自己能做。,"Không sao, tôi có thể làm được."
杂技,"tạp kỹ, xiếc",zájì,,
神话,truyện thần thoại,shénhuà,,
个性,"tính cách, cá tính",gèxìng,个性强,cá tính mạnh; có cá tính
勤劳,"siêng năng, cần cù, cần mẫn",qínláo,在勤劳勇敢的越南人民面前，没有克服不了的困难。,"nhân dân Việt Nam cần cù, dũng cảm, khó khăn nào cũng khắc phục được."
骨干,"cốt cán, nòng cốt",gǔgàn,骨干分子,thành phần cốt cán
受到,"đau khổ, chịu, bị ảnh hưởng",shòudào,,
糟蹋,"lãng phí, làm hại",zāotà,这阵大风糟蹋了不少果子。,trận gió to này làm hư không ít trái cây.
屈服,khuất phục,qūfú,,
争夺,"tranh đoạt, tranh giành",zhēngduó,争夺市场,tranh giành thị trường
生气,tức giận,shēngqì,谁要打了牲口，老饲养员就要生气。,"người nào đánh gia xúc, người nuôi sẽ rất tức giận."
次,"lần,thứ tự",cì,名次 。,"tên xếp theo thứ tự A, B, C."
撤销,"hủy bỏ, bãi bỏ,",chèxiāo,,
报告,báo cáo,bàogào,你应当把事情的经过向领导报告,anh nên báo cáo những sự việc đã xảy ra cho lãnh đạo biết
进行,tiến hành,jìnxíng,进行讨论。,tiến hành thảo luận.
聪明,thông minh,cōngmíng,这孩子既聪明又用功，学习上进步很快。,"đứa bé này đã thông minh lại còn chăm chỉ, học tập tiến bộ rất nhanh."
发行,phát hành,fāxíng,,
再接再厉,"không ngừng cố gắng, nỗ  lực",zàijiēzàilì,,
体贴,"quan tâm, chăm sóc",tǐtiē,体贴入微(多指对人照顾和关怀十分细致周到)。,săn sóc chu đáo.
跳跃,nhảy cao,tiàoyuè,跳跃前进,nhảy về phía trước
成天,"suốt ngày, cả ngày",chéngtiān,成天忙碌。,cả ngày bận rộn.
伴侣,bạn đồng hành,bànlǚ,终身伴侣 （夫妇）,bạn đời (vợ chồng)
下载,tải về,xiàzài,,
娃娃,búp bê,wáwá,胖娃娃,em bé bụ bẫm; em bé sổ sữa.
打招呼,chào hỏi,dǎzhāohū,路上碰见熟人，打了个招呼。,"trên đường gặp người quen, gật đầu chào hỏi."
盒子,hộp,hézi,,
博士,tiến sĩ,bóshì,,
水果,trái cây,shuǐguǒ,,
单位,đơn vị,dānwèi,直属单位,đơn vị trực thuộc
安置,"bố trí ổn thỏa, ổn định",ānzhì,安置人员,bố trí nhân viên
算了,thôi được rồi,suànle,,
传记,"truyện ký, tiểu sử",zhuànjì,名人传记,truyện ký danh nhân
随便,"tuùy, tùy tiện",suíbiàn,随你的便。,tuỳ anh.
友好,thân thiện,yǒuhǎo,生前友好,bạn thân lúc sinh thời
薄弱,"bạc nhược,yếu kém",bóruò,兵力薄弱,binh lực không hùng hậu
异常,dị thường,yìcháng,神色异常,thần sắc khác thường
掏,đào,tāo,掏钱,móc tiền; lấy tiền ra
委托,"ủy thác, nhờ",wěituō,这件事就委托你了。,việc này phải nhờ anh thôi.
承包,"ký hợp đồng, nhận thầu",chéngbāo,,
研究生,nghiên cứu sinh,yánjiūshēng,,
枕头,cái gối,zhěntou,,
涨,tăng lên,zhǎng,水涨船高,nước lên thuyền lên
协助,giúp,xiézhù,,
无聊,"vô vị, chán",wúliáo,他一闲下来，便感到无聊。,ông ta hễ rỗi rãi là thấy buồn chán.
重叠,"lặp lại, chồng chéo",chóngdié,山峦重叠。,núi non trùng điệp.
召开,"triệu tập, mời dự họp",zhàokāi,,
比,"tỉ lệ, so với",bǐ,比干劲。,đọ khí thế
空调,điều hòa không khí,kòngtiáo,安装空调。,lắp đặt máy điều hoà nhiệt độ.
搅拌,"quấy, trộn",jiǎobàn,搅拌箱。,thùng trộn hồ.
神色,thần sắc,shénsè,神色匆忙。,vẻ hấp tấp.
面条,mì sợi,miàntiáo,,
保重,"bảo trọng, cẩn thận",bǎozhòng,请多保重,xin hãy chú ý giữ gìn sức khoẻ
舔,liếm,tiǎn,舔盘子,liếm đĩa
动荡,"bấp bênh, rối ren, hỗn loạn",dòngdàng,湖水动荡,mặt hồ xao động
精益求精,đã giỏi còn muốn giỏi hơn,jīngyìqiújīng,,
提醒,nhắc nhở,tíxǐng,我要是忘了，请你提醒我。,"nếu tôi có quên, xin anh nhắc tôi."
锦绣前程,tương lai tươi sáng,jǐnxiù qiánchéng,,
预赛,đấu vòng loại,yùsài,,
人物,nhân vật,rénwù,英雄人物。,nhân vật anh hùng.
谦虚,khiêm tốn,qiānxū,他谦虚了一番，终于答应了我的请求。,"anh ấy nói khiêm tốn một hồi, cuối cùng đồng ý lời thỉnh cầu của tôi."
一般,"giống nhau, như nhau",yībān,哥儿俩长得一般高。,hai anh em cao như nhau
拜托,"xin nhờ, kính nhờ",bàituō,有一封信，拜托您带给他。,"có một bức thư, xin nhờ bác đưa giúp đến anh ấy."
尽快,càng nhanh càng tốt,jǐnkuài,,
衣服,quần áo,yīfú,,
风趣,"thú vị, dí dỏm",fēngqù,他讲话很风趣。,anh ấy nói chuyện rất dí dỏm.
独立,độc lập,dúlì,独立山巅的苍松。,cây tùng xanh xanh đứng sừng sững trên đỉnh núi.
听,nghe,tīng,听音乐,nghe nhạc
拖延,"kéo dài, lần lựa",tuōyán,拖延时日,kéo dài thời gian; kéo dài ngày giờ
目睹,mắt thấy,mùdǔ,耳闻目睹。,tai nghe mắt thấy.
文学,văn chương,wénxué,文学作品,tác phẩm văn học
晾,"hong, phơi",liàng,晾干菜。,hong rau khô.
无,không,wú,从无到有。,từ không đến có
书,sách,shū,书法。,thư pháp.
知觉,tri giác,zhījué,失去了知觉。,mất cảm giác
搏斗,vật lộn,bódòu,用刺刀跟敌人搏斗,dùng lưỡi lê đánh xáp lá cà với địch
亲热,"thaân mật, nồng nhiệt",qīnrè,大伙儿就像久别重逢的亲人一样，亲热极了。,"mọi người như người thân lâu ngày gặp lại nhau, vô cùng thân thiết."
变化,thay đổi,biànhuà,化学变化。,biến đổi hoá học
外向,hướng ngoại,wàixiàng,,
袭击,"bố giáp, tập kích",xíjí,,
原来,"lúc đầu, vốn, vốn dĩ",yuánlái,我们能够学会我们原来不懂的东西。,chúng tôi có thể học được những cái mà ban đầu chúng tôi không hiểu.
父亲,"cha, bố",fùqīn,,
排放,thải ra,páifàng,,
随着,cùng với,suízhe,,
清洁,sạch,qīngjié,屋子里很清洁。,trong phòng rất sạch sẽ.
跪,quỳ gối,guì,下跪,quỳ xuống
个子,"vóc dáng, dáng người",gè zi,高个子,vóc dáng cao lớn
承认,thừa nhận,chéngrèn,承认错误。,thừa nhận sai lầm.
如今,hiện nay,rújīn,如今的事情，再用老眼光看可不行了。,"sự việc ngày nay, nếu dùng con mắt xưa để mà nhìn nhận thì không được."
未来,tương lai,wèilái,未来二十四小时内将有暴雨。,trong hai mươi bốn giờ tới sẽ có mưa bão.
鞭策,thúc giục,biāncè,要经常鞭策自己，努力学习。,phải thường xuyên nghiêm khắc thúc giục mình cố gắng học hành.
页,trang,yè,册页,tờ sổ
威望,"uy danh, danh vọng",wēiwàng,,
致辞,đọc diễn văn,zhìcí,由大会主席致辞。,chủ tịch đại hội đọc lời phát biểu.
队伍,"hàng ngũ, đội ngũ",duìwu,干部队伍,đội ngũ cán bộ.
工艺品,đồ thủ công,gōngyìpǐn,,
哪怕,cho dù,nǎpà,哪怕他是三头六臂，一个人也顶不了事。,"dù cho anh ấy có ba đầu sáu tay, thì một mình cũng chẳng làm được gì."
复杂,phức tạp,fùzá,颜色复杂,màu sắc phức tạp.
花生,củ lạc,huāshēng,,
不时,"đôi khi, thỉnh thoảng",bùshí,,
激发,kích thích,jīfā,激发群众的积极性。,kích thích tính tích cực của quần chúng.
布置,sắp xếp,bùzhì,布置会场,sắp xếp hội trường; trang trí hội trường
渺小,nhỏ bé,miǎoxiǎo,,
拐弯,"rẽ, ngoặt",guǎiwān,拐了三道弯儿。,rẽ ba cái ngoặt.
凝聚,"ngưng tụ, đông lại",níngjù,荷叶上凝聚着晶莹的露珠。,trên mặt lá sen còn đọng lại những giọt sương long lanh.
乘务员,"nhân viên phục vụ ( trên tàu,máy bay)",chéngwùyuán,,
条,"điều khoản, điều kiện",tiáo,枝条,cành cây
温和,ôn hòa,wēnhé,昆明气候温和，四季如春。,"khí hậu ở Côn Minh rất ôn hoà, bốn mùa đều như mùa xuân."
完毕,hoàn tất,wánbì,操练完毕。,thao luyện hoàn tất.
维修,"giữ gìn, sửa chữa, duy tu",wéixiū,维修房屋。,sửa chữa nhà cửa
马,ngựa,mǎ,马蜂。,ong vò vẽ.
评论,"bình luận, nhận xét",pínglùn,评论好坏。,bình luận tốt xấu.
花园,vườn hoa,huāyuán,,
转达,truyềnn tải,zhuǎndá,我对老人的心意请你代为转达。,tấm lòng của tôi đối với người già xin anh truyền đạt giùm.
表演,biểu diễn,biǎoyǎn,化装表演。,hoá trang biểu diễn
坚实,"kiên cố, vững chắc",jiānshí,坚实的基础。,cơ sở vững chắc.
挑战,thách thức,tiǎozhàn,向你挑战战,thách bạn đấy
平面,"mặt bằng, mặt phẳng",píngmiàn,,
石油,dầu,shíyóu,,
枚,"cái, tấm",méi,三枚奖章。,ba tấm huân chương.
别,đừng,bié,告别。,cáo biệt; từ giã
时机,"cơ hội, thời cơ",shíjī,掌握时机。,nắm lấy thời cơ.
贪婪,tham lam,tānlán,,
纲领,"cương lĩnh, chính cương",gānglǐng,政治纲领,cương lĩnh chính trị
假装,giaả vờ,jiǎzhuāng,,
爱,yêu,Ài,爱祖国。,yêu tổ quốc.
真理,"chân lý, sự thật",zhēnlǐ,,
人才,người tài năng,réncái,有几分人才。,cũng đoan trang đẹp đấy chứ.
弊病,"tệ nạn, tai hại, sai lầm",bìbìng,克服弊病。,khắc phục sai lầm
技术,kỹ thuật,jìshù,,
退步,lùi bước,tuìbù,成绩退步,thành tích thụt lùi
刻不容缓,"cấp bách, vô cùng khẩn cấp",kèbùrónghuǎn,,
状态,trạng thái,zhuàngtài,心理状态,trạng thái tâm lý; tình trạng tâm lý.
生态,sinh thái,shēngtài,保持生态平衡。,duy trì cân bằng sinh thái.
扔,"ném, vứt",rēng,扔球。,ném bóng.
依据,căn cứ,yījù,,
容器,thùng chứa,róngqì,,
吩咐,dặn dò,fēnfu,,
胡同,"ngõ, hẻm",hútòng,,
丰盛,"phong phú, nhiều, giàu có",fēng shèng,丰盛的酒席,bữa tiệc thịnh soạn
海鲜,hải sản,hǎixiān,,
牢骚,"bực tức, oán trách",láosāo,发牢骚。,nổi giận.
颠簸,"lắc lư, tròng trành",diānbǒ,风大了，船身更加颠簸起来。,"gió to quá, thuyền càng chòng chành."
现实,thực tế,xiànshí,考虑问题，不能脱离现实。,"suy nghĩ vấn đề, không thể xa rời hiện thực."
展现,"bày ra, hiện ra",zhǎnxiàn,走进大门，展现在眼前的是一个宽广的庭院。,"đi vào cửa chính, trước mắt hiện ra một khoảng sân rộng."
征求,"trưng cầu, xin ý kiến",zhēngqiú,征求意见,trưng cầu ý kiến; xin ý kiến
雕刻,điêu khắc,diāokè,精心雕刻,chạm trổ công phu.
农历,âm lịch,nónglì,,
消毒,tẩy uế,xiāodú,病房已经消过毒了。,phòng bệnh nhân đã khử trùng rồi.
保密,bảo mật,bǎomì,,
积累,tích lũy,jīlěi,积累资金。,tích luỹ vốn.
吵,"ồn ào, tranh cãi",chǎo,吵 得慌。,ồn ào khó chịu.
咖啡,cà phê,kāfēi,,
交换,trao đổi,jiāohuàn,交换意见。,trao đổi ý kiến.
青少年,thanh thiếu niên,qīngshàonián,,
伸,"căng ra, duỗi ra",shēn,伸直。,duỗi thẳng.
迟缓,"trì trệ, chậm chạp",chíhuǎn,动作迟缓。,động tác chậm chạp.
纯洁,tinh khiết,chúnjié,心地纯洁。,tấm lòng trong sáng.
鼓掌,vỗ tay,gǔzhǎng,当中央首长进入会场时，代表们热烈鼓掌，表示欢迎。,khi thủ tướng tiến vào hội trường toàn thể đại biểu nhiệt liệt vỗ tay hoan nghênh.
便利,tiện lợi,biànlì,交通便利。,giao thông thuận tiện
赶紧,vội vàng,gǎnjǐn,他病得不轻，要赶紧送医院。,"anh bệnh không nhẹ, cần nhanh chóng đýa đi bệnh viện."
混合,"hỗn hợp, trộn, nhào",hùn hé,男女混合双打。,đánh đôi nam nữ phối hợp
发动,"phát động, bắt đầu",fādòng,发动战争,phát động chiến tranh
儿童,đứa trẻ,értóng,,
退,"lùi, đẩy lùi",tuì,后退,lùi ra sau; lui bước
理由,lý do,lǐyóu,理由充足。,đầy đủ lý do.
歇,"dừng lại, nghỉ ngơi",xiē,歇 了一会儿。,nghỉ một chút.
幅度,"biên độ,mức độ",fúdù,今年小麦增产的幅度较大,mức độ sinh trưởng của tiểu mạch năm nay tương đối cao.
导演,đạo diễn,dǎoyǎn,他导演过五部电影。,ông ấy làm đạo diễn 5 phim rồi.
现场,hiện trường,xiànchǎng,保护现场，以便进行调查。,bảo vệ hiện trường để tiện việc điều tra.
伞,ô,sǎn,一把伞。,một cái ô; một cây dù.
商业,kinh doanh,shāngyè,,
迁徙,di chuyển,qiānxǐ,人口迁徙。,di chuyển nhân khẩu.
接受,"chấp nhận, tiếp nhận",jiēshòu,接受任务。,nhận nhiệm vụ.
趣味,mùi vị,qùwèi,很有趣味。,rất thú vị.
直播,phát sóng trực tiếp,zhíbò,现场直播大会的实况。,phát sóng trực tiếp tình hình đại hội.
预先,"trước, sẵn",yùxiān,预先声明,tuyên bố trước
勉强,"gắng gượng, miễn cưỡng",miǎnqiáng,这项工作我还能勉强坚持下来。,công việc này tôi vẫn có thể cố gượng làm được.
中旬,"trung tuần, giữa tháng",zhōngxún,,
躲藏,"trốn tránh, ẩm náu",duǒcáng,,
疙瘩,"mụn, mụn cơm",gēda,芥菜疙瘩,hạt cải
坦白,thành thật,tǎnbái,襟怀坦白,bụng dạ cởi mở
控制,"kiểm soát, kiềm chế",kòngzhì,自动控制。,tự kiềm chế bản thân.
敏锐,sắc sảo,mǐnruì,,
影响,ảnh hưởng,yǐngxiǎng,父母应该用自己的模范行动去影响孩子。,cha mẹ cần phải dùng hành động gương mẫu của mình để gây ảnh hưởng đến con cái.
又,"lại, thêm",yòu,他拿着这封信看了又看。,anh ấy cầm bức thư xem đi xem lại.
深刻,sâu sắc,shēnkè,深刻化。,trở nên sâu sắc.
火焰,ngọn lửa,huǒyàn,,
仔细,cẩn thận,zǐxì,他做事很仔细。,anh ấy làm việc rất cẩn thận.
镶嵌,khảm,xiāngqiàn,,
在意,"lưu ý, lưu tâm",zàiyì,这些小事，他是不大在意的。,"những việc vặt này, anh ấy không để ý đến đâu."
老鼠,chuột,lǎoshǔ,,
过去,quá khứ,guòqù,过去的工作只不过像万里长征走完了第一步。,công việc trước đây chẳng qua là đi hết bước đầu tiên trong cuộc trường chinh vạn dặm.
结论,kết luận,jiélùn,,
邀请,mời,yāoqǐng,,
惦记,"nghĩ đến, nhớ đến",diànjì,老人孩子有我照顾，你什么也不要惦记。,"trẻ con và người già đã có tôi chăm sóc, anh không phải lo lắng gì cả."
拜访,dđến thăm,bàifǎng,日后一定到府上拜访。,ngày sau nhất định sẽ đến nhà kính thăm
巡逻,đi tuần,xúnluó,,
好吃,ngon,hào chī,,
胆小鬼,kẻ nhát gan,dǎnxiǎoguǐ,,
交通,giao thông,jiāotōng,阡陌交通。,đường ngang lối dọc thông nhau.
记得,nhớ lại,jìdé,一切经过现在还记得。,tất cả những gì đã qua bây giờ vẫn còn nhớ.
旷课,"trốn học, vắng mặt không lý do",kuàngkè,,
不止,"không ngớt, không dứt",bùzhǐ,大笑不止,cười ngặt nghẽo
致使,"khiến cho,l àm cho",zhìshǐ,由于字迹不清，致使信件无法投递。,do chữ viết không rõ làm cho bức thơ không cách nào gửi đi được.
籍贯,quê quán,jíguàn,,
非常,"rất, cực kỳ",fēicháng,非常时期,thời kỳ đặc biệt
查获,khám phá,cháhuò,,
递增,tăng,dìzēng,收入逐年递增,thu nhập tăng hàng năm.
孝顺,lòng hiếu thảo,xiàoshùn,,
儿子,con trai,érzi,他是中国人民忠实的儿子。,anh ấy là người con trung thành của nhân dân Trung Quốc.
勘探,"khảo sát, trinh sát, do thám",kāntàn,,
体积,thể tích,tǐjī,,
羞耻,xấu hổ,xiūchǐ,不知羞耻。,không biết nhục nhã
盖,che,gài,锅盖,nắp nồi
如果,nếu,rúguǒ,你如果有困难，我可以帮助你。,"nếu bạn có khó khăn, tôi có thể giúp đỡ bạn."
镜头,ống kính,jìngtóu,,
消费,sự tiêu thụ,xiāofèi,,
将近,"sắp tới, gần tới",jiāngjìn,本村民兵将近一百人。,dân binh trong thôn có đến gần một trăm người.
想,"nghĩ, nhớ, muốn",xiǎng,想 办法。,nghĩ cách.
致力于,dốc sức cho,zhìlì yú,,
天真,"ngây thơ, hồn nhiên",tiānzhēn,天真烂漫,ngây thơ hồn nhiên
雄厚,hùng hậu,xiónghòu,,
左边,bên trái,zuǒbiān,,
葡萄,nho,pútáo,,
初级,"sơ bộ, bước đầu",chūjí,初级读本。,sách học sơ cấp.
厕所,nhà vệ sinh,cèsuǒ,上厕所,đi cầu; đi vệ sinh
公认,công nhận,gōngrèn,他的刻苦精神是大家公认的。,tinh thần cần cù của ông ấy được mọi người công nhận.
等候,đợi,děnghòu,等候命令,đợi mệnh lệnh
孔,lỗ,kǒng,鼻孔。,lỗ mũi.
装饰,trang trí,zhuāngshì,装饰品,đồ trang sức
皇帝,hoaàn đế,huángdì,,
氧气,ôxy,yǎngqì,,
示范,làm mẫu,shìfàn,示范操作。,thao tác mẫu.
宫殿,cung điện,gōngdiàn,,
感想,cảm tưởng,gǎnxiǎng,看了这封信，你有何感想?,"xem xong bức thư này, anh có cảm nghĩ gì?"
火药,thuốc súng,huǒyào,,
丁,"nhất khẩu, đinh",dīng,成丁,con trai đã trưởng thành
天然气,khí đốt tự nhiên,tiānránqì,,
遗留,"để lại, truyền lại",yíliú,解决遗留问题。,giải quyết vấn đề còn sót lại.
主持,chủ trì,zhǔchí,主持人,người chủ trì
登录,đăng nhập,dēng lù,登录在案,có trong hồ sơ đăng ký
阅读,đọc,yuèdú,他认识了两千多字，已能阅读通俗书报。,"anh ấy học hơn hai nghìn chữ, đã có thể xem các loại sách báo thông thường."
在乎,"lưu ý, để ý",zàihū,东西不在乎好看，而在乎实用。,"đồ đạc không ở chỗ đẹp, mà quan trọng là ở tính thực dụng của nó; tốt gỗ hơn tốt nước sơn."
证据,chuứng cứ,zhèngjù,证据确凿,chứng cứ rành rành; chứng cứ rõ ràng
病毒,vius,bìngdú,,
崇高,cao cả,chónggāo,崇高的敬礼。,lời chào cao cả.
合算,,hésuàn,适于种花生的地用来种棉花，当然不合算。,"đất trồng đậu phộng đem đi trồng bông vải,"
池子,ao,chízi,,
圈套,"thòng lọng, cái bẫy",quāntào,落入圈套。,rơi vào tròng; sa bẫy.
保姆,"bảo mẫu, cô giúp việc",bǎomǔ,,
减少,"giảm, bớt",jiǎnshǎo,减少人员。,giảm bớt nhân viên.
指南针,kim chỉ nam,zhǐnánzhēn,,
展示,truưng bày,zhǎnshì,展示图纸,bày hình vẽ
霞,ráng (mây màu),xiá,,
过滤,"lọc ( bột, nước..)",guòlǜ,过滤器,máy lọc
排球,bóng chuyền,páiqiú,,
赌博,cờ bạc,dǔbó,政治赌博,canh bạc chính trị
煎,rán bằng chảo,jiān,煎鱼。,chiên cá.
财政,tài chính,cáizhèng,财政收入。,khoản thu tài chính
连续剧,phim nhiều tập,liánxùjù,广播连续剧。,phát sóng phim bộ.
笑话,chuyện cười,xiàohuà,他很会说笑话。,anh ấy rất khôi hài.
碰见,gặp,pèngjiàn,昨天我在街上碰见他。,hôm qua tôi gặp anh ấy ở ngoài đường.
争议,tranh luận,zhēngyì,,
申请,mời,shēnqǐng,申请书。,đơn xin.
指令,"mệnh lệnh, chỉ thị",zhǐlìng,,
公平,công bằng,gōngpíng,公平合理,công bằng hợp lý
吹,thổi,chuī,吹 灯。,thổi tắt đèn.
良心,lương tâm,liángxīn,有良心。,có lương tâm.
吹牛,"khoác lác, thổi phồng",chuīniú,,
不免,không tránh được,bùmiǎn,旧地重游，不免想起往事。,"thăm lại chốn cũ, sao khỏi nhớ lại chuyện xưa"
丧失,"mất đi, mất mát",sàngshī,丧失信心。,mất lòng tin.
欺负,"ăn hiếp, bắt nạt",qīfù,,
面对,đối mặt,miàn duì,,
挽回,xoay chuyển (từ xấu sang tốt),wǎnhuí,挽回局面。,xoay chuyển cục diện.
感冒,cảm lạnh,gǎnmào,"她喜欢言情片,对恐怖片不感冒.","Cô ấy thích phim diễm tình, không khoái phim kinh dị"
百分点,điểm phần trăm,bǎifēndiǎn,同前一年相比，通货膨胀率减少3个百分点,"so với cùng kỳ năm trước, tình hình lạm phát giảm được 3 điểm."
压迫,sự áp bức,yāpò,肿瘤压迫神经而引起疼痛。,chỗ sưng ép lên thần kinh gây ra đau đớn.
公民,công dân,gōngmín,公民权,quyền công dân
停泊,"cập bến, đỗ",tíngbó,码头上停泊着许多轮船。,bến tàu có rất nhiều tàu thuyền đang cập bến.
满足,"thỏa mãn, làm thỏa mãn",mǎnzú,他从不满足于已有的成绩。,anh ấy không bao giờ cảm thấy hài lòng với những thành tích mà mình đạt được.
亲切,thân thiết,qīnqiè,他想起延安，像想起家乡一样亲切。,anh ấy nhớ về Diên An như nhớ quê nhà thân thương.
悬念,"không quên được, thấp thỏm nhớ mong",xuánniàn,,
款式,"phong cách, kiểu dáng",kuǎnshì,款式新颖。,kiểu mới.
一辈子,"cả đời, một đời",yībèizi,,
团,nhóm,tuán,团扇,quạt hình tròn; quạt tròn
次序,trật tự,cìxù,按照次序入场。,vào rạp theo thứ tự.
群众,quần chúng,qúnzhòng,群众大会。,mít tinh quần chúng.
日历,lịch,rìlì,,
湿润,ẩm ướt,shīrùn,,
羽毛球,cầu lông,yǔmáoqiú,,
好,"tốt, được",hǎo,好人,người tốt
正好,"vừa vặn, đúng lúc",zhènghǎo,你来得正好,anh đến thật đúng lúc.
着迷,"say mê, say sưa",zháomí,老爷爷讲的故事真动人，孩子们听得都着迷了。,"câu chuyện ông lão kể thật hay, bọn trẻ con nghe rất say sưa."
岳父,cha vợ,yuèfù,,
修改,sửa đổi,xiūgǎi,修改章程。,sửa chữa điều lệ
损失,"tổn thất, mất mát",sǔnshī,,
反常,dị thường,fǎncháng,天气反常,thời tiết bất thường
猫,con mèo,māo,"妈妈从""猫眼""里往外一看","mẹ nhòm ra ngoài qua lỗ ""mắt mèo"""
图书馆,thư viện,túshū guǎn,,
原谅,tha thứ,yuánliàng,,
救,cứu,jiù,救命。,cứu người.
所有,tất cả,suǒyǒu,所有权。,quyền sở hữu.
情绪,hứng thú,qíngxù,生产情绪。,hứng thú sản xuất.
极限,"cao nhất, cực độ",jíxiàn,轮船的载重已经达到了极限。,tải trọng của tàu đã đạt đến tải trọng cao nhất.
庞大,to lớn,pángdà,开支庞大。,số chi khổng lồ.
意图,mục đích,yìtú,主观意图,ý muốn chủ quan.
辆,"chiếc, cái",liàng,一辆汽车。,một chiếc xe hơi.
握手,bắt tay,wòshǒu,,
预报,dự báo,yùbào,天气预报,dự báo thời tiết
不料,không ngờ được,bùliào,今天本想出门，不料竟下起雨来。,"hôm nay vốn định đi ra ngoài, không ngờ trời lại mưa."
画蛇添足,"vẽ rắn thêm chân, vẽ vời vô ích, làm chuyện dư<br>thừa",huàshétiānzú,,
自从,từ,zìcóng,我自从参加了体育锻炼，身体强健多了。,"tôi từ khi tham gia tập thể dục, đã khoẻ nhiều."
充足,đầy đủ,chōngzú,光线充足。,đầy đủ ánh sáng.
爆发,"bùng nổ, bộc phát",bàofā,,
选手,"tuyển thủ, đấu thủ",xuǎnshǒu,,
垃圾桶,thùng rác,lèsè tǒng,,
尊敬,tôn kính,zūnjìng,尊敬老师,kính trọng thầy giáo
高尚,"cao cả, cao thượng",gāoshàng,高尚的娱乐,thú vui thanh cao; giải trí có chất lượng cao.
说不定,"nói không chừng, chưa biết chừng",shuō bu dìng,,
点,điểm,diǎn,雨点儿。,giọt mưa; hạt mưa
阻拦,"ngăn cản, ngăn trở",zǔlán,他要去，谁也阻拦不住。,"anh ấy muốn đi, không ai ngăn nổi anh ấy."
迷路,lạc đường,mílù,,
天堂,thiên đường,tiāntáng,,
本科,khoa chính quy,běnkē,,
列举,"liệt kê, nêu ra",lièjǔ,列举事实。,nêu lên sự thực.
趟,chuyến đi,tàng,他到成都去了一趟。,anh ấy đã đến Thành đô một lần.
文艺,văn học và nghệ thuật,wényì,文艺团体,đoàn thể văn nghệ
过奖,quá khen,guòjiǎng,您过奖了，我不过做了该做的事。,"ông quá khen, tôi chẳng qua là làm những việc nên làm mà thôi."
原告,nguyên cáo,yuángào,,
陈列,trưng bày,chénliè,陈列品。,sản phẩm trưng bày.
着重,"nhấn mạnh, chú trọng",zhuózhòng,着重说明,nhấn mạnh rằng
唾沫,nước miếng,tuòmò,,
灯,đèn,dēng,一盏灯,một ngọn đèn
岔,"quẹo,ngoặt, rẽ",chà,岔 路。,đường rẽ.
伙伴,đối tác,huǒbàn,,
附属,phụ thuộc,fùshǔ,附属小学,trường tiểu học phụ thuộc
港口,hải cảng,gǎngkǒu,,
更新,"thay mới, đổi mới, canh tân",gēngxīn,万象更新,vạn vật đổi mới
液体,chất lỏng,yètǐ,,
自私,ích kỷ,zìsī,,
个别,"riêng biệt, cá biệt",gèbié,个别谈话,nói chuyện riêng
改变,thay đổi,gǎibiàn,山区面貌大有改变。,bộ mặt của vùng núi đã thay đổi rõ rệt.
传染,truyền nhiễm,chuánrǎn,,
几,mấy,jǐ,茶几儿。,bàn uống trà.
准确,chính xác,zhǔnquè,准确性,tính chính xác
扑,bổ nhào,pū,孩子高兴得一下扑到我怀里来。,đứa bé mừng rỡ bổ nhào vào trong lòng tôi.
普遍,"phổ biến, lan rộng",pǔbiàn,普遍化。,phổ biến hoá.
征收,trưng thu,zhēngshōu,征收商业税,thu thuế thương nghiệp
放手,buông tay,fàngshǒu,他一放手，笔记本就掉了。,"anh ấy vừa buông tay, sổ ghi chép mất tiêu."
悔恨,"hối hận, hối lỗi",huǐhèn,悔恨不已,ân hận hoài
茫然,"mù tịt, chẳng biết gì",mángrán,事情发生的原因和经过我都茫然。,nguyên nhân và quá trình xảy ra sự việc tôi hoàn toàn không biết gì cả.
恐吓,"dọa nạt, dọa dẫm",kǒnghè,恐吓信。,thư đe doạ.
健康,sức khỏe,jiànkāng,,
请假,xin nghỉ,qǐngjià,因病请假一天。,vì bệnh xin nghỉ một ngày.
今天,hôm nay,jīntiān,今天的中国已经不是解放前的中国了。,Trung Quốc hôm nay không phải như Trung Quốc trước giải phóng nữa.
苦尽甘来,khổ tận cam lai,kǔjìngānlái,,
书籍,sách,shūjí,,
坚决,"kiên quyết, chắc chắn",jiānjué,态度十分坚决。,thái độ rất kiên quyết.
乱,"thiếu trật tự, rối loạn",luàn,乱七八糟。,lộn xộn; lung tung.
持续,tiếp tục,chíxù,两国的经济和文化的交流已经持续了一千多年。,"việc giao lưu kinh tế và văn hoá giữa hai nước được duy trì lâu dài, hơn ngàn năm nay."
耀眼,"chói mắt, lóa mắt",yàoyǎn,,
因此,"vì thế, do đó",yīncǐ,他的话引得大家都笑了，室内的空气因此轻松了很多。,"lời nói của anh ấy khiến mọi người đều cười, do đó không khí trong phòng cũng bớt căng thẳng."
脂肪,"mỡ, chất béo",zhīfáng,,
地势,địa thế,dìshì,地势险要,địa thế hiểm yếu
真挚,"chân thành, tha thiết",zhēnzhì,真挚的友谊。,tình hữu nghị chân thành tha thiết.
场合,trường hợp,chǎnghé,在公共场合，要遵守秩序。,"ở nơi công cộng, phải tuân thủ theo trật tự."
哲学,triết học,zhéxué,,
恰巧,"đúng lúc, vừa khéo",qiàqiǎo,他正愁没人帮他卸车，恰巧这时候老张来了。,"anh ấy đang lo không có người xuống hàng, vừa may có anh Trương đến."
涌现,"tuôn ra, xuất hiện nhiều",yǒngxiàn,新人新作不断涌现,người mới việc mới không ngừng xuất hiện.
除非,trừ phi,chúfēi,若要人不知，除非已莫为。,"muốn mọi người không biết, trừ phi mình đừng làm."
用功,siêng năng,yònggōng,他正在图书馆里用功。,nó đang cặm cụi trong thư viện.
角度,"góc, góc độ",jiǎodù,如果光从自己的角度来看问题，意见就难免有些片面。,"nếu đứng trên góc độ cá nhân mà nhìn nhận vấn đề, thì ý kiến khó tránh khỏi bị phiến diện."
还是,"hay là, hoặc",háishì,尽管今天风狂雨大，他们还是照常出工。,mặc dù hôm nay trời mưa to gió lớn nhưng họ vẫn làm việc bình thường.
特长,đặc trưng,tècháng,发挥特长,phát huy sở trường
设备,thiết bị,shèbèi,新建的工人俱乐部设备得很不错。,câu lạc bộ công nhân mới xây dựng được trang bị rất tốt.
走,đi,zǒu,行走,đi
相应,tương ứng,xiāngyìng,相应函达。,nên có công văn đến
闻,ngửi,wén,耳闻不如目见。,tai nghe không bằng mắt thấy
瘫痪,"liệt, bại liệt",tānhuàn,他得了伤寒病，卧床五个多月，尽管活下来了，但左腿瘫痪了。,"Ông bị bệnh thương hàn, nằm điều trị mất hơn năm tháng, mặc dù thoát chết, nhưng chân trái bị liệt."
满意,vừa ý,mǎnyì,,
四肢,"bốn chân tay, tứ chi",sìzhī,,
诗,thơ,shī,,
透明,"minh bạch, trong suốt",tòumíng,水是无色透明的液体。,nước là chất lỏng trong suốt không màu.
岂有此理,lẽ nào lại như vậy,qǐyǒucǐlǐ,,
商标,thương hiệu,shāngbiāo,,
至少,ít nhất,zhìshǎo,今天到会的至少有三千人。,đến dự họp hôm nay ít nhất có 3.000 người.
差,"khác nhau, chênh lệch",chà,差 别。,khác biệt.
络绎不绝,lũ lượt kéo đến,luòyì bù jué,,
咳嗽,ho,késou,,
兴高采烈,rất cao hứng và mãn ý,xìnggāocǎiliè,,
机动,"chạy máy, cơ động, gắn máy",jīdòng,机动车。,xe gắn máy.
力争,"tranh thủ, cố gắng",lìzhēng,力争上游。,cố gắng vượt lên hàng đầu.
体验,"thể nghiệm, tự nghiệm thấy",tǐyàn,作家到群众中去体验生活。,nhà văn đi vào quần chúng thể nghiệm cuộc sống.
他,anh ấy,tā,睡他一觉。,ngủ một giấc
臂,cánh tay,bì,左臂,tay trái
歌颂,khen ngợi,gēsòng,歌颂祖国的大好河山。,ca ngợi núi sông của đất nước.
一起,cùng nhau,yīqǐ,坐在一起,cùng ngồi một chỗ
经理,giám đốc,jīnglǐ,,
结婚,kết hôn,jiéhūn,结婚证书。,giấy kết hôn; hôn thú.
戴,"cài, đội, đeo",dài,戴帽子,đội mũ; đội nón
新,mới,xīn,新 风气。,thị hiếu mới; tập tục mới
称号,"tước vị, danh hiệu",chēnghào,他获得了先进工作者的称号。,anh ta đã đạt được danh hiệu lao động tiên tiến.
近代,cận đại,jìndài,,
失踪,mất tích,shīzōng,,
徘徊,"lưỡng lự, chần chừ",páihuái,,
响应,"trả lời, đáp ứng",xiǎngyìng,,
侵犯,"xâm phạm, can thiệp",qīnfàn,,
先生,"ông, ngài",xiānshēng,您好先生!,Chào ngài!
无忧无虑,không lo lắng,wú yōu wú lǜ,,
平行,song song,píngxíng,平行机关。,cơ quan cùng cấp.
便于,"tiện bề, tiện việc, tiện cho",biànyú,便于计算。,tiện tính toán
不管,"cho dù, bất kể",bùguǎn,不管远不远他都不去,dù xa hay không xa nó cũng không đi
人质,con tin,rénzhì,,
方位,"phương hướng, phương vị",fāngwèi,下着大雨，辨不清方位。,"mưa lớn quá, không phân biệt được phương hướng."
南,hướng nam,nán,南边儿。,phía nam.
索赔,"bắt đền, bồi thường",suǒpéi,,
叹气,tiếng thở dài,tànqì,唉声叹气,thở than; thở vắn than dài
舞蹈,"nhảy múa, khiêu vũ",wǔdǎo,,
神奇,thần kỳ,shén qí,这些古代传说都被人们渲染上一层神奇的色彩。,những truyền thuyết cổ đại này đều được con người tô vẽ thêm một màu sắc thần bí.
一度,một lần,yīdù,一年一度的春节又到了。,một mùa xuân nữa lại về.
事业,"sự nghiệp, công cuộc",shìyè,革命事业。,sự nghiệp cách mạng.
忙碌,bận rộn,mánglù,忙忙碌碌。,bận rộn.
阶层,"tầng lớp, đẳng cấp",jiēcéng,,
要,"muốn, cần",yào,要求,yêu cầu
对象,đối tượng,duìxiàng,革命的对象,đối tượng của cách mạng
走廊,hành lang,zǒuláng,河西走廊,hành lang Hà Tây.
政府,chính phủ,zhèngfǔ,,
隧道,đường hầm,suìdào,,
输,thua,shū,输出。,chuyển vận (từ trong ra).
向来,luôn luôn,xiànglái,向来如此。,luôn luôn như vậy.
反正,dù sao cũng,fǎnzhèng,反正去不去都是一样。,cho dù đi hay không cũng vậy thôi.
拾,"nhặt, mót",shi,拾粪。,nhặt phân.
条款,điều khoản,tiáokuǎn,法律条款,các điều khoản luật pháp
公告,"thông báo, thông cáo",gōnggào,以上通令，公告全体公民周知。,"cấp trên ra lệnh, thông báo cho toàn thể công dân được biết"
指望,"trông chờ, mong đợi",zhǐwàng,指望今年有个好收成。,mong năm nay được mùa.
射击,"bắn, xạ kích",shèjí,,
港湾,"cảng, bến cảng",gǎngwān,,
力图,"mưu cầu, gắng đạt được",lìtú,力图实现自己的抱负。,cố gắng thực hiện hoài bão to lớn của mình.
总裁,chủ tịch,zǒngcái,,
凌晨,"rạng sáng, hừng đông",língchén,,
关于,về,guānyú,关于兴修水利，上级已经做了指示。,"về việc xây dựng các công trình thuỷ lợi, cấp trên đã có chỉ thị."
离,từ,lí,离别。,li biệt.
轮廓,đường viền,lúnkuò,他画了一个人体的轮廓。,anh ấy phác hoạ một hình người.
精心,"chăm chú, chuyên tâm",jīngxīn,精心杰作。,kiệt tác công phu.
正当,"giữa lúc,trong lúc",zhèngdàng,正当春耕之时,đúng lúc cấy vụ xuân.
归纳,"quy kết, quy nạp",guīnà,大家提的意见，归纳起来主要就是这三点。,"ý kiến của mọi người, quy lại chủ yếu có ba điểm."
农民,nông dân,nóngmín,,
屡次,"nhiều lần, liên tiếp",lǚcì,屡次三番。,ba lần bảy lượt.
成员,thành viên,chéngyuán,,
扩充,"tăng thêm, mở rộng",kuòchōng,扩充内容。,mở rộng nội dung。
不愧,xứng đáng,bùkuì,岳飞不愧为一位民族英雄。,Nhạc Phi xứng đáng là một vị anh hùng dân tộc
包,gói,bāo,包 书,bao sách
日益,càng ngày càng,rìyì,生活日益改善。,cuộc sống ngày càng được cải thiện.
蛇,con rắn,shé,,
通常,thông thường,tōngcháng,通常的情况。,tình hình bình thường
高考,thi vào trường cao đẳng,gāokǎo,参加高考,dự thi vào trường cao đẳng
总是,luôn luôn,zǒng shì,,
高,cao,gāo,离地面地势很高,địa thế cách mặt đất rất cao.
勤恳,siêng năng,qínkěn,勤恳地劳动。,cần cù lao động.
摸索,"tìm tòi, tìm kiếm",mōsuǒ,他们在暴风雨的黑夜里摸索着前进。,lần từng bước trong mưa bão để tiến lên phía trước.
凝固,"cứng lại, đông đặc",nínggù,蛋白质遇热会凝固。,lòng trắng trứng gặp nóng sẽ bị cứng lại.
调整,điều chỉnh,tiáozhěng,调整物价,điều chỉnh vật giá
瞻仰,"chiêm ngưỡng, nhìn cung kính",zhānyǎng,瞻仰遗容,chiêm ngưỡng dung mạo người quá cố.
丢人,"mất mặt, xấu mặt",diūrén,丢人现眼,làm mất mặt
班,lớp,bān,作业班,lớp luyện tập
琢磨,"đẽo gọt, gọt giũa",zhuómó,队长的话我琢磨了很久。,lời nói của đội trưởng tôi suy nghĩ rất lâu
豆腐,đậu phụ,dòufu,,
喇叭,"còi, loa, kèn đồng",lǎbā,汽车喇叭。,còi ô-tô.
试,thử,shì,试行。,làm thử.
大型,quy mô lớn,dàxíng,大型钢材,thép cỡ lớn
团员,đoàn viên,tuányuán,这个代表团由团长一人团员三人组成。,đoàn đại biểu này do một đoàn trưởng có ba đoàn viên.
超越,vượt qua,chāo yuè,我们完全能够超越任何障碍，战胜任何困难。,"chúng ta hoàn toàn có thể vượt qua bất cứ trở ngại nào, chiến thắng bất cứ khó khăn nào."
明天,ngày mai,míngtiān,我们明天就去。,Ngày mai chúng tôi sẽ đi.
较量,"đọ sức, tính toán, so đo",jiàoliàng,,
辩证,biện chứng,biànzhèng,辩证的统一。,sự thống nhất biện chứng
空间,không gian,kōngjiān,三维空间。,không gian ba chiều.
加工,"gia công, chế biến",jiāgōng,,
边疆,biên giới,biānjiāng,保卫边疆,bảo vệ biên cương
住,"ở, sống",zhù,你住在什么地方?,bạn ở đâu?
开水,nước sôi,kāishuǐ,,
施展,"phát huy, thi thố (năng lực)",shīzhǎn,施展本领。,phát huy bản lĩnh.
棍棒,"côn, gậy, gậy gộc",gùnbàng,,
畜牧,chăn nuôi,xùmù,畜牧业,ngành chăn nuôi.
强烈,mạnh mẽ,qiángliè,强烈的求知欲。,nhu cầu hiểu biết mạnh mẽ.
巴不得,"ước gì, chỉ mong",bābudé,他巴不得立刻见到你。,anh ấy ước gì gặp được chị ngay.
舌头,lưỡi,shétou,,
团结,đoàn kết,tuánjié,团结朋友，打击敌人。,"đoàn kết bạn bè, tấn công kẻ địch."
指示,chỉ thị,zhǐshì,指示剂,chất chỉ thị; thuốc chỉ thị (hoá học)
确信,tin chắc,quèxìn,我们确信共产主义一定能实现。,chúng tôi tin rằng chủ nghĩa cộng sản nhất định sẽ thành hiện thực.
布告,bản thông báo,bùgào,出布告,ra thông báo
吃力,"phí sức, tốn sức",chīlì,爬山很吃力。,leo núi rất vất vả.
经商,kinh doanh,jīngshāng,,
杀,giết,shā,杀虫。,sát trùng.
塌,sập,tā,倒塌,sụp đổ
伴随,"đi đôi với, kèm theo, theo",bànsuí,伴随经济的繁荣，必将出现对科学文化的强烈需求。,"đi đôi với sự phồn vinh của nền kinh tế, tất sẽ xuất hiện nhu cầu mạnh mẽ về văn hoá khoa học"
供不应求,cung không đáp ứng được cầu,gōng bù yìng qiú,,
可行,"khả thi, có thể thực hiện",kěxíng,方案切实可行。,phương án thiết thực có thể thực hiện được.
铸造,đúc,zhùzào,铸造机器零件。,đúc linh kiện máy móc
虽然,"tuy nhiên, mặc dầu",suīrán,现在我们虽然生活富裕了，但是也要注意节约。,"tuy là bây giờ cuộc sống của chúng ta đã được sung túc, nhưng cũng vẫn phải tiết kiệm."
围绕,quay quanh,wéirào,月亮围绕着地球旋转。,mặt trăng quay quanh trái đất.
深奥,sâu,shēn'ào,,
转让,chuyển nhượng,zhuǎnràng,转让房屋,chuyển nhượng nhà
教养,giáo dưỡng,jiàoyǎng,,
原先,"trước kia, ban đầu",yuánxiān,照原先的计划做。,làm theo kế hoạch ban đầu.
劳动,lao động,láodòng,体力劳动。,lao động chân tay.
重,nặng,zhòng,书买重 了。,sách mua trùng lặp rồi.
战略,chiến lược,zhànlüè,战略部署,sắp xếp cục diện chiến tranh.
问世,"ra mắt, ra đời, chào đời",wènshì,一部新词典即将问世。,một bộ từ điển mới sắp xuất bản.
竭尽全力,dốc toàn lực,jiéjìn quánlì,,
蛋糕,bánh ngọt,dàngāo,,
繁忙,bận rộn,fánmáng,工作繁忙,công việc bộn bề
爱好,sở thích,àihào,爱好体育。,yêu thích thể dục.
那儿,"đó, cái đó",nà'er,那儿的天气很热。,khí hậu nơi ấy nóng lắm.
子弹,đạn,zǐdàn,,
打印,in,dǎyìn,打印文件,đánh máy và in rô-nê-ô văn kiện
总统,tổng thống,zǒngtǒng,,
全面,toàn diện,quánmiàn,全面性。,tính toàn diện.
造反,phản loạn,zàofǎn,,
鼓动,"cổ đôộng, khuyến khích, xúi giục",gǔdòng,小鸟鼓动翅膀。,chú chim nhỏ vỗ cánh bay đi.
倍,lưng,bèi,二的五倍是十,năm lần hai là mười
哭,khóc,kū,放声大哭。,khóc to thành tiếng.
数量,số lượng,shùliàng,要保证数量，也要保证质量。,"phải đảm bảo số lượng, cũng phải đảm bảo chất lượng."
交叉,"đan xen, đan chéo",jiāochā,交叉火力网。,lưới hoả lực đan chéo.
领事馆,lãnh sự quán,lǐngshìguǎn,,
遵守,tuân thủ,zūnshǒu,遵守时间,tôn trọng thời gian
口味,mùi vị,kǒuwèi,这个菜的口味很好。,hương vị của món này rất ngon.
过,đã từng,guò,过来,qua đây; lại đây
也,cũng,yě,孔子，鲁人也。,Khổng Tử là người nước Lỗ (vậy).
能,có thể,néng,技能。,kỹ năng.
装备,trang thiết bị,zhuāngbèi,这些武器可以装备一个营。,số vũ khí này có thể trang bị cho một tiểu đoàn.
承办,đảm đương,chéngbàn,承办土木工程。,nhận làm các công trình thổ mộc.
方言,tiếng địa phương,fāngyán,,
辽阔,"bát ngát, bao la",liáokuò,辽阔的土地。,đất rộng bao la.
一帆风顺,thuận buồm xuôi gió,yīfānfēngshùn,,
决策,quyết sách,juécè,运筹决策。,tính toán sách lược.
自觉,tự giác,zìjué,肺结核的初期，病症不很显著，病人常常不自觉。,"thời kỳ đầu của bệnh lao phổi, triệu chứng không rõ ràng, nên người bệnh không cảm nhận được."
司机,tài xế lái xe,sījī,,
省略,lược bỏ,shěnglüè,省略这几段风景描写，可以使全篇显得更加紧凑。,"bỏ bớt mấy đoạn tả phong cảnh, có thể làm cho bài văn thêm gọn."
优越,"ưu việt, hơn hẳn",yōuyuè,优越的条件,điều kiện ưu việt
生锈,rỉ xét,shēng xiù,,
偏见,"phiến diện, thành kiến",piānjiàn,,
以便,"để, nhằm",yǐbiàn,请在信封上写清邮政编码，以便迅速投递。,xin ghi rõ mã bưu chính trên phong thư để chuyển thư được nhanh chóng.
庆祝,chúc mừng,qìngzhù,,
快乐,hạnh phúc,kuàilè,快乐的微笑。,sung sướng mỉm cười.
形势,tình hình,xíngshì,形势险要。,địa thế hiểm yếu
嫂子,chị dâu,sǎozi,,
指定,chỉ định,zhǐdìng,指定他做大会发言人。,chỉ định anh ấy là người phát ngôn của đại hội.
以往,trong quá khứ,yǐwǎng,产品的质量比以往大有提高。,chất lượng sản phẩm so với trước kia được nâng cao hơn nhiều.
台阶,bậc thềm,táijiē,改进管理方法之后，该厂生产跃上新的台阶,"sau khi cải tiến phương pháp quản lý, sản xuất của nhà máy bước sang một gia đoạn mới."
恰到好处,"đúng dịp, đúng mục đích",qiàdàohǎochù,,
公共汽车,xe bus,gōnggòng qìchē,,
智商,IQ,zhìshāng,,
周末,cuối tuần,zhōumò,,
模糊,"mờ, nhòe, mơ hồ",móhú,字迹模糊。,nét chữ mờ nhạt.
迷失,maất phương hướng,míshī,,
寻找,tìm kiếm,xúnzhǎo,寻找失物,tìm kiếm vật bị mất
咨询,"tư vấn, trưng cầu",zīxún,法律咨询,tư vấn pháp luật
冰雹,mưa đá,bīngbáo,,
我,tôi,wǒ,我校,trường ta
造型,tạo hình,zàoxíng,造型艺术,nghệ thuật tạo hình
凑合,"tập hợp, gom góp, quây quần",còuhé,下班以后大伙儿都凑合在一起练习唱歌。,"sau giờ làm, mọi người quây quần lại tập hát."
角色,vai trò,juésè,,
干涉,can thiệp,gānshè,互不干涉内政,không can thiệp vào công việc nội bộ của nhau.
推论,suy luận,tuīlùn,根据事实推论,suy luận căn cứ vào sự thật.
文章,văn chương,wénzhāng,话里有文章,lời nói có ngụ ý.
铜矿,quặng đồng,tóng kuàng,,
综合,tổng hợp,zònghé,综合治理,tổng hợp quản lý
辐射,"sự phát xạ,bức xạ",fúshè,辐射形,hình tia
未必,"chưa hẳn, không hẳn",wèi bì,他未必知道。,nó chưa chắc đã biết
卷,thể tích,juǎn,把竹帘子卷起来。,cuốn rèm trúc lại.
缺陷,khuyết điểm,quē xiàn,,
隐蔽,giấu,yǐnbì,游击队隐蔽在高粱地里。,đội du kích ẩn nấp trong ruộng cao lương.
勉励,khuyến khích,miǎnlì,互相勉励。,khuyến khích lẫn nhau.
起源,bắt nguồn,qǐyuán,秦腔起源于陕西。,ca kịch Tần Xoang bắt nguồn từ tỉnh Thiểm Tây.
凝视,nhìn chòng chọc,níngshì,,
朗读,"đọc to, đọc diễn cảm",lǎngdú,朗读课文。,đọc diễn cảm
姑娘,cô gái,gūniang,,
下午,buổi chiều,xiàwǔ,,
慈祥,"hiền từ, hiền hậu",cíxiáng,祖母的脸上露出了慈祥的笑容。,gương mặt của bà nội ánh lên nụ cười đôn hậu.
挫折,sự thất bại,cuòzhé,,
猜,đoán,cāi,他的心思我猜不透。,tâm tư của anh ta tôi đoán không thấu
容貌,"tướng mạo, vẻ ngoài",róngmào,容貌端正,tướng mạo đoan chính
绿,xanh lá cây,lǜ,嫩绿。,xanh non.
行动,"hành động, hoạt động",xíngdòng,,
灌溉,"tưới, dẫn nước tưới ruộng",guàngài,灌溉农田,dẫn nước tưới ruộng; dẫn thuỷ nhập điền.
时光,thời gian,shíguāng,,
不敢当,không dám,bù gǎndāng,,
最近,"gần đây, dạo này",zuìjìn,最近我到上海去了一趟。,tôi vừa đi Thượng Hải một chuyến.
竖,thẳng đứng,shù,竖井。,giếng đứng.
绅士,thân sĩ,shēnshì,,
夹子,cái kẹp,jiázi,头发夹子。,cái cặp tóc.
车库,nhà để xe,chēkù,,
产业,sản nghiệp,chǎnyè,产业工人。,công nhân công nghiệp.
搀,"trộn,lẫn",chān,搀和。,trộn đều.
湖泊,ao hồ,húbó,,
主权,chủ quyền,zhǔquán,,
协会,hiệp hội,xiéhuì,作家协会。,hội nhà văn.
暗,tối,àn,光线太暗,tối quá
太空,"vũ trụ, bầu trời cao",tàikōng,太空飞行,bay vào vũ trụ
混浊,vẩn đục,húnzhuó,,
模范,kiểu mẫu,mófàn,模范人物。,nhân vật mẫu mực; nhân vật điển hình.
告别,từ tiệt,gàobié,告别亲友,chia tay bạn thân
地方,nơi,dìfāng,中央工业和地方工业同时并举。,công nghiệp trung ương và địa phương phải tiến hành song song.
力气,sức mạnh,lìqì,他的力气大，一个人就搬起了这块大石头。,"anh ấy khoẻ lắm, một mình có thể di chuyển nổi hòn đá to lớn này."
真相,sự thật,zhēnxiàng,真相大白,lộ rõ chân tướng
调剂,điều chỉnh,tiáojì,调剂物资,điều chỉnh vật tư
起飞,"bay, cất cánh",qǐfēi,飞机起飞,máy bay cất cánh
大肆,"trắng trợn, không kiêng nể",dàsì,大肆吹嘘,thổi phồng không kiêng nể.
啤酒,bia,píjiǔ,,
汗,mồ hôi,hàn,,
位置,vị trí,wèizhì,大家都按指定的位置坐了下来。,mọi người đều ngồi vào vị trí đã được chỉ định.
认识,quen biết,rènshì,我认识他。,tôi biết anh ta.
注视,nhìn chăm chú,zhùshì,他目不转睛地注视着窗外。,anh ấy đăm đắm nhìn ra ngoài cửa sổ.
视野,"phạm vi nhìn, tầm nhìn",shìyě,,
奥秘,"hầm, sấy, chịu đựng",àomì,探索宇宙的奥秘。,tìm tòi những điều thần bí của vũ trụ.
保留,"giữ nguyên, bảo tồn",bǎoliú,保留意见,giữ nguyên ý kiến
风土人情,phong thổ,fēngtǔ rénqíng,,
不断,"thường xuyên, không ngừng",bùduàn,接连不断,liên tiếp không dừng
性能,tính năng,xìngnéng,这种插秧机构造简单，性能良好。,loại máy cày này có cấu tạo đơn giản nhưng có tính năng rất tốt.
包含,"chứa, bao gồm",bāohán,每粒米都包含着劳动人民的血汗。,mỗi hạt gạo đều thấm đẫm mồ hôi và nước mắt của người lao động
魔术,ảo thuật,móshù,,
驱逐,trục xuất,qūzhú,驱逐出境。,đuổi ra khỏi biên giới.
须知,điều cần biết,xūzhī,游览须知,du khách cần biết
放大,phóng to,fàngdà,放大镜,kính lúp; kính phóng đại.
担任,đảm nhiệm,dānrèn,担任小组长,làm tổ trưởng
消极,tiêu cực,xiāojí,消极言论。,luận điệu tiêu cực.
监狱,"nhà tù,nhà giam",jiānyù,,
佳肴,"cao lương mỹ vị,  món ngon",jiāyáo,,
区别,khác biệt,qūbié,区别好坏。,phân biệt tốt xấu; phân biệt hay dở.
恨不得,"hận không thể, muốn",hènbude,他恨不得长出翅膀来一下子飞到北京去。,anh ấy hận không thể mọc thêm đôi cánh để bay đến Bắc Kinh.
信念,"niềm tin, lòng tin",xìnniàn,,
评价,đánh giá,píngjià,评价文学作品。,đánh giá tác phẩm văn học.
妨碍,gây trở ngại,fáng'ài,大声说话妨碍别人学习。,nói chuyện lớn tiếng ảnh hưởng đến việc học của người khác.
呆,"ngốc, ngẩn ngơ",dāi,呆头呆脑,đầu óc ngu si; ngu si; đần độn
否定,phủ định,fǒudìng,全盘否定,phủ nhận toàn bộ
谴责,lên án,qiǎnzé,世界进步舆论都谴责侵略者的挑衅。,dư luận tiến bộ trên thế giới đều lên án sự khiêu khích của kẻ xâm lược.
捧,"nâng, bê, bưng",pěng,捧着花生来。,bưng đậu phụng lại.
预防,phòng ngừa,yùfáng,预防传染病。,dự phòng bệnh truyền nhiễm.
哆嗦,"lạnh cóng, căm căm, run cầm cập",duōsuō,,
毛巾,khăn mặt,máojīn,,
磁带,băng từ,cídài,,
存在,tồn tại,cúnzài,存在决定意识，不是意识决定存在。,"vật chất quyết định ý thức, chứ không phải ý thức quyết định vật chất."
可见,có thể thấy,kějiàn,由此可见，这次事故是因为思想麻痹造成的。,"từ đó thấy rõ, chuyện lần này là do tư tưởng cứng nhắc tạo ra."
授予,trao tặng,shòuyǔ,,
布,vải,bù,棉布,vải bông
当场,tại chỗ,dāngchǎng,当场出丑,lòi mặt xấu ngay tại chỗ; mất mặt ngay tại chỗ.
仓促,vội vàng,cāngcù,,
结果,kết quả,jiéguǒ,开花结果。,ra hoa kết quả.
墨水儿,mực nước,mòshuǐ er,,
化妆,trang điểm,huàzhuāng,,
迹象,dấu vết,jīxiàng,,
借,"vay, mượn",jiè,向图书馆借书。,mượn sách ở thư viện.
统一,thôống nhất,tǒngyī,统一体,thể thống nhất
洗手间,nhà vệ sinh,xǐshǒujiān,,
业余,nghiệp dư,yèyú,业余时间,làm việc ngoài giờ
铃,chuông,líng,哑铃。,quả tạ tay.
随意,tùy ý,suíyì,,
万,"vạn, mười nghìn",wàn,万国。,nhiều nước.
使劲儿,"gắng sức, ra sức",shǐjìn er,,
双,đôi,shuāng,双翅。,đôi cánh.
功夫,"công sức, bản lĩnh, thời gian",gōngfu,他的诗功夫很深。,trình độ thơ của anh ấy rất cao.
特别,đặc biệt,tèbié,特别的式样,kiểu đặc biệt
见多识广,hiểu biết sâu rộng,jiàn duō shì guǎng,,
乘,"đáp, đi, cưỡi",chéng,乘 车。,đáp xe đi; đón xe đi.
年纪,tuổi tác,nián jì,像我这样的年纪。,Tuổi tác như tôi
败坏,hư hỏng,bàihuài,败坏风俗。,làm tổn hại đến thuần phong mỹ tục
银,bạc,yín,银 行,ngân hàng
保管,bảo quản,bǎoguǎn,图书保管工作,công tác bảo quản thư viện
策略,sách lược,cèlüè,斗争策略,sách lược đấu tranh
福利,phúc lợi,fúlì,福利费,phí phúc lợi
紧,chật,jǐn,绳子拉得很紧。,dây thừng kéo rất căng.
指责,chỉ trích,zhǐzé,大家指责他不爱护公物。,mọi người đều chỉ trích nó không biết yêu quý và bảo vệ của công.
效率,"hiệu suất, năng suất",xiàolǜ,工作效率。,hiệu suất làm việc
祖国,tổ quốc,zǔguó,,
刚才,"ban nãy, vừa mới",gāngcái,他把刚才的事儿忘了。,anh ấy quên mất chuyện vừa rồi.
发生,xảy ra,fāshēng,发生变化,có thay đổi
泛滥,"tràn, tràn lan",fànlàn,洪水泛滥,nước lụt tràn lan
声誉,danh tiếng,shēngyù,维护祖国的声誉。,Bảo vệ danh dự của tổ quốc.
围巾,khăn choàng cổ,wéijīn,,
难过,buồn,nánguò,解放前穷人的日子真难过。,"trước giải phóng, đời sống của dân nghèo rất chật vật."
归还,"trả về, trả lại",guīhuán,向图书馆借书，要按时归还。,"mượn sách ở thư viện, nên trả lại đúng hạn."
联欢,liên hoan,liánhuān,联欢会。,buổi liên hoan.
防御,phòng ngự,fángyù,防御战,đánh phòng ngự
看待,"đối đãi,tiếp đãi",kàndài,把他当亲兄弟看待。,đối đãi với anh ấy như anh em ruột.
完,xong,wán,体无完 肤。,thương tích đầy mình.
可怕,đáng sợ,kěpà,,
沐浴,tắm gội,mùyù,每朵花，每棵树，每根草都沐浴在阳光里。,"mỗi bông hoa, mỗi thân cây, mỗi một ngọn cỏ, đều được tắm trong ánh nắng mặt trời."
以后,"sau này, sau",yǐhòu,从今以后,từ nay về sau
帮助,giúp đỡ,bāngzhù,肯帮助别人,chịu giúp người khác
数学,toán học,shùxué,华罗庚在清华大学数学系当上了助理员。,Hoa La Canh làm nhân viên trợ lý ở khoa toán đại học Thanh Hoa.
迟疑,"do dự, chần chừ",chíyí,迟疑不决。,do dự không quyết định.
出洋相,"xấu mặt, làm trò cười cho thiên hạ",chūyángxiàng,,
顽强,ngoan cố,wánqiáng,他很顽强，没有向困难低过头。,"anh ấy rất ngoan cường, chưa bao giờ khuất phục trước khó khăn."
立场,lập trường,lìchǎng,,
漫画,hoạt họa,mànhuà,,
桥,cây cầu,qiáo,一座桥。,một cây cầu.
试验,"thực nghiệm, thử nghiệm",shìyàn,试验新机器。,thử nghiệm máy mới.
窗户,cửa sổ,chuānghù,,
冷却,"làm lạnh, để nguội",lěngquè,,
示意,"tỏ ý, ra hiệu",shìyì,以目示意。,ra hiệu bằng mắt.
掰,"bẻ, tách, tẽ, cạy, vạch",bāi,掰玉米。,tẽ ngô
祖先,tổ tiên,zǔxiān,始祖鸟是鸟类的祖先。,chim thuỷ tổ là tổ tiên của loài chim.
不择手段,không từ thủ đoạn,bùzéshǒuduàn,,
含糊,mơ hồ,hánhú,含糊其辞,ăn nói úp mở; ăn nói ậm ờ.
晴朗,nắng,qínglǎng,天气晴朗。,trời quang mây tạnh.
拿手,"sở trường, tài năng",náshǒu,拿手好戏。,kịch đặc sắc.
经过,"trải qua, xuyên qua",jīngguò,从北京坐火车到广州要经过武汉,từ Bắc Kinh mà ngồi xe lửa đi Quảng Châu thì phải qua Vũ Hán.
把戏,"xiếc, trò lừa bịp",bǎxì,耍把戏,làm trò
货币,tiền tệ,huòbì,,
面子,mặt,miànzi,被面子。,mặt chăn; mặt mền.
间接,gián tiếp,jiànjiē,间接传染。,truyền nhiễm gián tiếp.
浓厚,dày,nónghòu,浓厚的黑烟。,khói đen dày đặc.
污蔑,phỉ báng,wūmiè,,
皮鞋,giày da,píxié,,
和解,hòa giải,héjiě,双方和解,hoà giải hai bên
弄,làm,nòng,里弄。,xóm phố.
本,quyển,běn,草本,thân cỏ
右边,bên phải,yòubiān,,
难堪,xấu xí,nánkān,难堪的话。,những lời nói khó chấp nhận được.
抢,"cướp lấy, vồ lấy",qiǎng,呼天抢地。,kêu trời đạp đất.
耍,chơi,shuǎ,让孩子到院子里耍去。,đýa trẻ em ra ngoài sân chơi.
房间,"căn phòng, phòng",fángjiān,这套房子有五个房间。,căn nhà này có năm phòng.
地位,địa vị,dìwèi,学术地位,địa vị học thuật
领袖,"laãnh tụ, thủ lĩnh",lǐngxiù,,
女儿,con gái,nǚ'ér,,
震惊,sốc,zhènjīng,震惊世界,làm cả thế giới kinh ngạc
填空,điền vào chỗ trống,tiánkòng,填空补缺,lấp chỗ trống
行政,hành chính,xíngzhèng,行政单位。,đơn vị hành chính
免费,miễn phí,miǎnfèi,免费医疗。,chữa bệnh miễn phí.
惹祸,"tai họa, gây rắc rối",rěhuò,,
桌子,cái bàn,zhuōzi,一张桌子,một cái bàn
细菌,vi khuẩn,xìjùn,,
对抗,"đối kháng, đối đầu",duìkàng,阶级对抗,đối kháng giai cấp
婚礼,hôn lễ,hūnlǐ,举行婚礼,cử hành lễ cưới
雌雄,"thắng bại, cao thấp, sống mái",cíxióng,决一雌雄。,quyết một phen sống mái.
嗨,"nào, này",hāi,加油干呐，嗨!,"cố lên, dô ta nào !"
尖端,"mũi nhọn, đỉnh điểm",jiānduān,尖端科学。,khoa học mũi nhọn.
断绝,"cắt đứt, đoạn tuyệt",duànjué,断绝关系,cắt đứt quan hệ
受罪,"mang vạ, bị giày vò",shòuzuì,,
厌恶,thù ghét,yànwù,大家都厌恶他。,mọi người đều chán ghét nó.
落实,"đầy đủ chu đáo, làm cho chắc chắn",luòshí,生产计划要订得落实。,kế hoạch sản xuất phải vạch ra một cách đầy đủ chắc chắn.
讨论,bàn luận,tǎolùn,讨论会,hội nghị thảo luận; hội thảo.
组成,"tạo thành, cấu thành",zǔchéng,组成全体的各部分。,Cấu thành các bộ phận của toàn thể.
凭,bằng phẳng,píng,凭几。,tựa ghế.
分裂,phân tách,fēnliè,细胞分裂,phân bào
具体,cụ thể,jùtǐ,具体化。,cụ thể hoá.
和睦,"vui vẻ, hòa thuận",hémù,家庭和睦,gia đình hoà thuận
敬爱,kính yêu,jìng'ài,人民敬爱自己的领袖。,nhân dân kính yêu vị lãnh tụ của mình.
合身,vừa vặn,héshēn,这套衣服做得比较合身。,bộ đồ này may rất vừa vặn.
光,ánh sáng,guāng,风光,phong cảnh; quang cảnh
熬,nhọt,áo,熬 白菜。,luộc cải trắng.
洒,"rắc, tung, vẩy",sǎ,扫地的时候先洒些水。,khi quét nhà trước tiên hãy vẩy một ít nước.
问,hỏi,wèn,问事处,chỗ hỏi (điều cần hỏi)
名片,danh thiếp,míngpiàn,,
空气,không khí,kōngqì,空气污染。,ô nhiễm không khí.
公园,"hơn, càng",gōngyuán,,
教授,giáo sư,jiàoshòu,,
封闭,đóng chặt lại,fēngbì,大雪封闭了道路。,tuyết nhiều phủ kín con đường.
逃避,trốn thoát,táobì,逃避斗争,trốn tránh đấu tranh
所以,"cho nên, do vậy",suǒyǐ,我和他在一起工作过，所以对他比较熟悉。,"tôi đã cùng làm việc với anh ấy, cho nên tôi biết anh ấy tương đối rõ."
沙发,ghế sofa,shāfā,,
空洞,"trỗ trống, suông",kōngdòng,空洞无物。,trống rỗng không có đồ đạc gì.
回报,trả lại,huíbào,做好事不图回报。,làm việc tốt không cần báo đáp
渠道,"kênh, kênh truyền hình",qúdào,通过外交渠道。,Qua con đường ngoại giao
调节,"điều tiết, điều chỉnh",tiáojié,水能调节动物的体温,nước có thể điều tiết nhiệt độ trong cơ thể động vật.
合同,hợp đồng,hétóng,产销合同,hợp đồng sản xuất và tiêu thụ.
缺乏,thiếu,quēfá,材料缺乏。,thiếu tài liệu.
诚挚,"chân thành, thân ái",chéngzhì,会谈是在诚挚友好的气氛中进行的。,cuộc hội đàm diễn ra trong không khí hữu nghị chân thành.
先,"trước, đầu tiên",xiān,先 进。,tiên tiến
系列,hàng loạt,xìliè,一系列事实已证明他的话是对的。,Hàng loạt sự thực đã chứng minh lời nói của anh ấy là đúng.
穿,mặc,chuān,把纸穿 了个洞。,chọc tờ giấy thủng một lỗ.
担心,lo lắng,dānxīn,担心情况有变。,lo lắng tình hình có thay đổi.
复制,"phục chế, làm lại",fùzhì,复制品,sản phẩm phục chế
老实,thành thật,lǎoshí,当老实人、说老实话、办老实事。,"hãy làm người trung thực, làm việc trung thực, nói lời trung thực."
禁止,cấm,jìnzhǐ,厂房重地，禁止吸烟。,"đây là nơi quan trọng trong nhà máy, cấm hút thuốc."
您,"ông, bà (tôn trọng)",nín,老师您早!,chào thầy ạ!
氢,hy-drô,qīng,,
斑纹,sọc,bānwén,老虎身上有美丽的斑纹,trên mình hổ có vằn đẹp
发炎,viêm,fāyán,,
路,đường,lù,陆路。,đường bộ.
时装,thời trang,shízhuāng,,
物资,vật liệu,wùzī,物资交流。,trao đổi vật tư.
医院,bệnh viện,yīyuàn,,
吨,tấn,dūn,,
样子,dáng vẻ,yàngzi,这件衣服样子很好看。,bộ đồ này kiểu dáng rất đẹp.
调料,đò gia vị,tiáoliào,,
承诺,cam kết,chéngnuò,,
嫌,nghi ngờ,xián,避嫌 。,tránh hiềm nghi
形式,hình thức,xíngshì,组织形式。,hình thức tổ chức
营养,dinh dưỡng,yíngyǎng,水果富于营养,trái cây giàu chất dinh dưỡng.
岁,tuổi,suì,岁月。,năm tháng.
即使,cho dù,jíshǐ,即使我们的工作得到了很大的成绩，也不能骄傲自满。,"cho dù chúng ta đạt được nhiều thành tích trong công tác, cũng không được kiêu căng tự mãn."
辞职,từ chức,cízhí,辞职书,thư từ chức; đơn từ chức.
斟酌,trân trọng,zhēnzhuó,再三斟酌,suy đi nghĩ lại
保守,bảo thủ,bǎoshǒu,保守秘密,giữ bí mật
机会,cơ hội,jīhuì,错过机会。,bỏ lỡ cơ hội.
维生素,vitamin,wéishēngsù,,
糖,đường,táng,奶糖,kẹo sữa
罐头,đồ hộp,guàntóu,,
平等,bình đẳng,píngděng,平等互利。,bình đẳng cùng có lợi.
成长,lớn lên,chéngzhǎng,前年裁的果树还没有成长。,cây ăn quả trồng năm ngoái vẫn chưa lớn.
故乡,"quê nhà, quê hương",gùxiāng,,
红包,"tiền thưởng, tiền lì xì",hóngbāo,送红包,tiền lì xì
突破,đột phá,túpò,突破封锁,phá vòng vây; đột phá sự phong toả.
青春,tuổi trẻ,qīngchūn,把青春献给祖国。,hiến dâng tuổi thanh xuân cho đất nước.
展开,"triển khai, tiến hành",zhǎnkāi,展开画卷,mở bức hoạ cuốn tròn.
轨道,đường ray,guǐdào,人造卫星进入轨道。,vệ tinh nhân tạo đã tiến vào quỹ đạo.
被动,bị động,bèidòng,,
读,đọc,dú,朗读,đọc to
沿海,duyên hải,yánhǎi,,
盛情,thịnh tình,shèngqíng,盛情厚谊。,tình cảm nồng nàn.
急于求成,vội vàng mong đạt được thành công,jíyú qiú chéng,,
熨,"ủi, là",yù,这一番坦诚的谈话，说得他心里十分熨。,cuộc nói chuyện thẳng thắn này làm cho anh ấy hết sức yên lòng.
渴望,"khát vọng, khát khao",kěwàng,渴望和平。,khát khao hoà bình.
发展,phát triển,fāzhǎn,事态还在发展。,tình hình vẫn còn đang phát triển.
占据,chiếm,zhànjù,占据地盘,chiếm địa bàn
办理,xử lý,bànlǐ,办理手续,làm thủ tục
心得,tâm đắc,xīndé,学习心得。,tâm đắc qua học tập
发言,phát biểu,fāyán,积极发言,tích cực phát biểu ý kiến
总共,"tổng cộng, tất cả",zǒnggòng,他家总共三口人。,nhà anh ấy tổng cộng có ba người.
连,ngay cả,lián,心连心。,tâm liền tâm.
精神,tinh thần,jīngshén,精神面貌。,bộ mặt tinh thần.
最初,đầu tiên,zuìchū,那里最初还是不毛之地。,nơi đây lúc đầu là đồng khô cỏ cháy.
回忆,"hồi ức, hồi tưởng",huíyì,回忆过去,nhớ lại quá khứ
曲子,bài hái,qǔzi,这支曲子很好听。,ca khúc này nghe rất hay.
日记,nhật ký,rìjì,日记本,quyển nhật ký.
溪,suối,xī,,
屁股,đít,pìgu,胡蜂的屁股上有刺。,đít ong có vòi đốt.
疑惑,nghi ngờ,yíhuò,疑惑不解,nghi ngờ không giải thích được
礼物,"quà, lễ vật",lǐwù,,
情理,"tình lý, lẽ phải",qínglǐ,不近情理。,không hợp tình hợp lý.
阵地,"trâận địa, mặt trận",zhèndì,阵地战,trận địa chiến
擦,"chà, cọ xát",cā,摩拳擦掌,xoa tay hăm hở
剩,"còn lại, thừa lại",shèng,剩饭。,cơm thừa.
以致,"đến nỗi, khiến, cho nên",yǐzhì,他事先没有充分调查研究，以致做出了错误的结论。,"anh ấy không điều tra nghiên cứu đầy đủ trước, cho nên đã đýa ra kết luận sai lầm."
追求,theo đuổi,zhuīqiú,追求真理,theo đuổi chân lý
谨慎,cẩn thận,jǐnshèn,小心谨慎。,cẩn thận; dè dặt.
雄伟,hùng vĩ,xióngwěi,雄伟的天安门。,Thiên An Môn hùng vĩ
气候,khí hậu,qìhòu,政治气候。,hoàn cảnh chính trị.
呀,"a, ô (kinh ngạc)",ya,呀，下雪了。,"a, tuyết rơi rồi"
断定,"kết luận, nhận định",duàndìng,我敢断定这事是他干的。,tôi có thể nói việc này do anh ấy làm.
直接,trực tiếp,zhíjiē,直接关系,quan hệ trực tiếp.
天才,thiên tài,tiāncái,艺术天才,thiên tài nghệ thuật
随即,ngay,suíjí,,
挥霍,phung phí,huīhuò,挥霍无度,tiêu pha vô độ; tiêu xài phung phí
食物,thức ăn,shíwù,,
贬义,nghĩa xấu,biǎnyì,贬义词。,từ mang nghĩa xấu
帽子,mũ,màozi,一顶帽子。,một cái mũ.
绕,"quấn, cuyển động",rào,绕线。,quấn chỉ.
进口,nhập khẩu,jìnkǒu,进口货。,hàng nhập khẩu.
工人,công nhân,gōngrén,,
牵制,"kiềm chế, hãm chân",qiānzhì,我军用两个团的兵力牵制了敌人的右翼。,quân ta sử dụng hai trung đoàn kềm chế cánh phải của địch.
依次,"lần lượt, theo thứ tự",yīcì,依次入座,lần lượt vào chỗ ngồi
童话,truyện cổ tích,tónghuà,,
紧张,"căng thẳng, lo lắng",jǐnzhāng,第一次登台，免不了有些紧张。,"lần đầu tiên lên sân khấu, không tránh khỏi có chút hồi hộp."
形象,"hình tượng, hình ảnh",xíngxiàng,图画教学是通过形象来发展儿童认识事物的能力。,dạy học bằng tranh vẽ là thông qua hình ảnh để phát triển năng lực nhận thức sự vật của trẻ em.
远,xa,yuǎn,远 处,nơi xa; chốn xa
见闻,"hiểu biết, sự từng trải",jiànwén,见闻广。,hiểu biết rộng.
独裁,độc tài,dúcái,独裁者,kẻ độc tài
便,"ngay cả, dù cho",biàn,轻便。,gọn nhẹ; tiện lợi
草,cỏ,cǎo,野草。,cỏ hoang; cỏ dại
周折,"trục trặc, trắc trở",zhōuzhé,大费周折,gặp nhiều trắc trở
偏僻,"hoang vu, hẻo lánh",piānpì,偏僻的山区。,vùng núi hẻo lánh.
奇怪,kì lạ,qíguài,海里有不少奇怪的动植物。,dưới biển có nhiều động thực vật kỳ lạ.
刺激,kích thích,cìjī,刺激生产力的发展。,thúc đẩy phát triển sức sản xuất.
起伏,"nhấp nhô, lên xuống",qǐfú,这一带全是连绵起伏的群山。,vùng này đều là những dãy núi nhấp nhô trùng điệp.
备忘录,bản ghi nhớ,bèiwànglù,,
种,"loại, trồng(cây)",zhǒng,猫是哺乳动物猫科猫属的一种。,mèo là động vật có vú và là một loài thuộc họ mèo.
欣赏,thưởng thức,xīnshǎng,他站在窗前，欣赏雪景。,"anh ấy đứng trước cửa, ngắm cảnh tuyết."
讲,"giảng, nói",jiǎng,讲故事。,kể chuyện.
笔记本,máy tính sách tay,bǐjìběn,,
出差,đi công tác,chūchāi,,
流行,phổ biến,liúxíng,流行性感冒。,dịch cúm đang hoành hành.
熟练,"thành thạo, thuần thục",shúliàn,,
技能,kỹ năng,jìnéng,,
人间,"nhân gian, thế giới",rénjiān,人间乐园,thiên đàng giữa nhân gian.
道歉,xin lỗi,dàoqiàn,赔礼道歉,nhận lỗi; chịu lỗi
一定,nhất định,yīdìng,每天工作几小时，学习几小时，休息几小时，都有一定。,"mỗi ngày làm việc mấy tiếng, học mấy tiếng, nghỉ ngơi mấy tiếng, đều có quy định sẵn."
艰巨,"khó khăn, gian khổ",jiānjù,艰巨的任务。,nhiệm vụ gian khổ.
嘴唇,môi,zuǐchún,上嘴唇,môi trên
预料,"dự liệu, liệu trước",yùliào,预料这个地区农业方面可以比去年增产百分之十。,dự đoán về mặt nông nghiệp vùng này có thể tăng sản lượng 10 % so với năm ngoái
反馈,phản hồi,fǎnkuì,市场销售情况的信息不断反馈到工厂。,thông tin về tình hình tiêu thụ của thị trường không ngừng phản hồi về nhà máy.
尊重,tôn trọng,zūn zhòng,尊重老人,kính trọng người già
惊讶,"kinh ngạc, ngạc nhiên",jīngyà,,
本身,tự bản thân,běnshēn,是单位本身问题。,là vấn đề của chính đơn vị ta
拽,"quăng, ném, vứt",zhuai,拿砖头拽狗。,lấy gạch ném chó.
宿舍,ký túc xá,sùshè,,
纽扣儿,cúc áo,niǔkòur,,
现金,tiền mặt,xiànjīn,你已经输了全部现金，别再赌了。,"mày đã thua hết sạch số tiền hiện có rồi, đừng đánh bạc nữa"
自豪,tự hào,zìháo,自豪感,lòng tự hào
资产,tài sản,zīchǎn,,
呼吁,"hô hào, kêu gọi",hūyù,奔走呼吁,chạy cầu cứu
撞,"đụng, va chạm",zhuàng,撞钟,đánh chuông
有名,"nổi tiếng, nổi danh",yǒumíng,他是有名的登山运动健将。,anh ấy là kiện tướng leo núi nổi tiếng.
世界,thế giới,shìjiè,世界观。,thế giới quan.
得不偿失,"hại nhiều hơn lợi, lợi ít hại nhiều",débùchángshī,,
宣扬,tuyên dương,xuānyáng,宣扬好人好事。,tuyên dương người tốt việc tốt.
珍贵,quý,zhēnguì,珍贵的参考资料。,tư liệu tham khảo quý giá
阶段,giai đoạn,jiēduàn,大桥第一阶段的工程已经完成。,giai đoạn một của công trình cầu lớn đã hoàn thành xong.
助手,"trợ thủ, phụ tá",zhùshǒu,得力助手,trợ lý đắc lực
城堡,lâu dài,chéngbǎo,,
蝴蝶,"bươm bướm, con bướm",húdié,,
购物,mua sắm,gòuwù,,
卖,bán,mài,把余粮卖给国家。,bán thóc thừa cho nhà nước.
紫,màu đỏ tía,zǐ,紫红,màu mận chín
开玩笑,nói đùa,kāiwánxiào,他是跟你开玩笑的，你 别认真。,"anh ấy nói đùa với anh đấy, anh đừng tưởng thật."
长途,đường dài,chángtú,长途旅行。,du lịch đường dài.
地道,địa đạo,dìdào,地道药材。,vị thuốc chính hiệu.
本能,bản năng,běnnéng,,
隐患,tai họa ngầm,yǐnhuàn,消除隐患,loại bỏ tai hoạ ngầm
边缘,"giáp danh, giáp với",biānyuán,边缘地区,vùng sát biên giới
允许,cho phép,yǔnxǔ,得到允许，方可入内。,"cho phép, mới được vào"
拉,kéo,lā,拉锯。,giằng co.
动员,huy động,dòngyuán,动员报告,báo cáo động viên
平方,"vuông, bình phương",píngfāng,,
专心,chuyên tâm,zhuānxīn,专心一意,một lòng một dạ
领域,lĩnh vực,lǐngyù,思想领域。,lĩnh vực tư tưởng.
刑事,hình sự,xíngshì,刑事案件。,vụ án hình sự
公司,công ty,gōngsī,,
经济,kinh tế,jīngjì,经济作物。,cây công nghiệp; cây kinh tế.
贿赂,hối lộ,huìlù,贿赂上司,hối lộ cấp trên
宗教,tôn giáo,zōngjiào,,
清理,dọn dẹp,qīnglǐ,清理仓库。,thanh lý kho.
潜力,tiềm lực,qiánlì,挖掘潜力。,khai thác tiềm lực.
后面,"phía sau, mặt sau, đằng sau",hòumiàn,房子后面有一个花园。,phía sau nhà có một vườn hoa.
就近,"lân cận, vùng phụ cận",jiùjìn,蔬菜、肉类等副食品都是采取就近生产、就近供应的办法。,"biện pháp cung ứng nhanh nhất là rau dưa, thịt thà...đều lấy từ những vùng sản xuất lân cận."
可是,nhưng,kěshì,大家虽然很累，可是都很愉快。,mọi người mặc dù rất mệt nhưng rất vui vẻ.
自发,tự phát,zìfā,自发性,tính tự phát
点缀,tô điểm,diǎnzhuì,蔚蓝的天空点缀着朵朵白云。,bầu trời xanh thẫm được tô điểm vài cụm mây trắng.
实话,"sự thật, nói thật",shíhuà,实话实说。,nói thật; có thật nói thật.
机遇,cơ hội,jīyù,,
依靠,tin cậy,yīkào,依靠群众,dựa vào quần chúng
孤独,"lẻ loi, cô độc",gūdú,孤独的老人,người già cô đơn
乒乓球,bóng bàn,pīngpāng qiú,,
内在,"bên trong, nội tại",nèizài,内在规律。,qui luật nội tại.
通货膨胀,sự lạm phát,tōng huò<br>péngzhàng,,
束缚,"ràng buộc, gò bó",shùfù,,
分辨,,fēnbiàn,分辨香花和毒草,phân biệt hoa thơm và cỏ độc.
将军,tướng quân,jiāngjūn,他当众将了我一军，要我表演舞蹈。,"trước mặt mọi người anh ấy chiếu tướng tôi, bắt tôi phải biểu diễn vũ đạo."
留学,du học,liúxué,留学生。,lưu học sinh.
串,chuỗi,chuàn,贯串 。,quán xuyến.
刻苦,"chịu khổ, chịu khó",kèkǔ,刻苦研究。,khắc khổ nghiên cứu.
专利,bằng sáng chế,zhuānlì,专利权,bản quyền phát minh sáng chế
盘子,"đĩa, mâm , khay",pánzi,,
刻,khắc,kè,雕刻。,điêu khắc.
权衡,"cân nhắc, suy tính",quánhéng,权衡轻重。,cân nhắc sự nặng nhẹ.
根深蒂固,ăn sâu bén rễ,gēnshēndìgù,,
出息,"triển vọng, tiền đồ",chūxi,不管做什么工作，只要对人民有贡献，就有出息。,"bất cứ làm việc gì hễ có cống hiến cho nhân dân, thì đều có tiền đồ."
民族,dân tộc,mínzú,,
正在,đang,zhèng zài,他们正在开会。,họ đang họp.
服气,"chịu phục, chịu thua",fúqì,两个人都很自负，互不服气。,"hai người rất tự phụ, không ai chịu phục ai cả."
处置,"xử lý, xử trí",chǔzhì,处置失当。,xử lý không thoả đáng.
赞同,tán đồng,zàntóng,全厂职工一致赞同这项改革。,công nhân viên chức toàn nhà máy nhất trí tán thành cải cách này.
请柬,thiệp mời,qǐngjiǎn,,
诚实,thành thật,chéngshí,,
敏感,"nhạy cảm, mẫn cảm",mǐngǎn,有些动物对天气的变化非常敏感。,có những loài động vật rất nhạy cảm với sự thay đổi của thời tiết.
几乎,gần như,jīhū,今天到会的几乎有五千人。,hôm nay có gần 50 ngàn người đến dự hội nghị.
三,"ba, số ba",sān,三番五次。,năm lần bảy lượt.
赞美,khen ngợi,zànměi,赞美金色的秋景。,ca ngợi cảnh sắc thu vàng
往事,quá khứ,wǎngshì,回忆往事,nhớ lại những việc đã qua
册,"sổ, quyển, tập",cè,名册,sổ ghi tên
主流,"chủ yếu, xu hướng",zhǔliú,我们必须分清主流和支流，区别本质和现象。,"chúng ta phải phân định rõ ràng xu hướng chính và xu hướng phụ, phân biệt bản chất và hiện tượng."
搬,"chuyển chỗ, chuyển",bān,把货物搬走,chuyển dọn hàng hoá đi
拥护,ủng hộ,yǒnghù,受到人民群众的拥护。,Được sự ủng hộ của quần chúng nhân dân.
器官,cơ quan,qìguān,,
啦,"đấy, nhé, nhá, à",la,二组跟咱们挑战啦!,tổ hai thách thức chúng ta đấy!
迷人,cuốn hút,mírén,,
墙,tường,qiáng,一堵墙。,một bức tường.
大方,hào phóng,dàfāng,大方之家,nhà chuyên môn
单独,"đơn độc, một mình",dāndú,单独行动,hành động một mình
理所当然,tất nhiên,lǐsuǒdāngrán,,
小心,cẩn thận,xiǎoxīn,小心火烛。,coi chừng củi lửa.
趋势,"khuynh hướng, xu thế",qūshì,当前世界的总趋势。,Xu thế chung của thế giới hiện nay.
油炸,rán bằng dầu mỡ,yóu zhá,,
权益,quyền lợi,quányì,合法权益。,quyền lợi hợp pháp.
冷淡,"nhạt nhẽo, lạnh nhạt",lěngdàn,生意冷淡。,buôn bán ế ẩm.
文化,văn hóa,wénhuà,越南文化,văn hoá Việt Nam
弹性,độ co giãn,tánxìng,弹性立场,thay đổi lập trường
果然,quả nhiên,guǒrán,果然名不虚传,quả là danh bất hư truyền
特点,đặc điểm,tèdiǎn,快餐的特点就是快。,đặc điểm của thức ăn nhanh là nhanh.
联盟,"vội vã, vội vàng",liánméng,工农联盟。,liên minh công nông.
稠密,dày đặc,chóumì,人烟稠密。,nhà cửa đông đúc.
热烈,"nhiệt liệt, sôi nổi",rèliè,热烈的掌声。,vỗ tay nhiệt liệt.
冻结,đông lại,dòngjié,冻结存款,khoản tồn đọng; đóng băng khoản tiền gửi.
心血,"tâm huyết, tâm sức",xīnxuè,费尽心血。,dốc hết tâm huyết.
跑步,chạy bộ,pǎobù,,
一共,"tất cả, tổng cộng",yīgòng,三个小组一共是十七个人。,tổng cộng ba nhóm có mười bảy người.
苦,đắng,kǔ,苦胆。,mật đắng.
嗅觉,khứu giác,xiùjué,政治嗅觉,sự nhạy cảm chính trị
毒品,thuốc phiện,dúpǐn,,
构成,"hình thành, cấu thành",gòuchéng,眼镜由镜片和镜架构成,kính do tròng kính và gọng kính tạo thành.
针对,"nhằm vào, chĩa vào",zhēnduì,针对儿童的心理特点进行教育。,nhằm vào đặc điểm tâm lý trẻ em để tiến hành giáo dục.
模样,"dáng dấp, dáng điệu",múyàng,这孩子的模样像他爸爸。,thằng bé này trông giống bố nó.
温带,ôn đới,wēndài,,
不相上下,ngang nhau,bù xiāng shàngxià,本领不相上下,bản lĩnh ngang nhau
寂寞,"vắng vẻ, cô đơn",jìmò,晚上只剩下我一个人在家里，真是寂寞。,"buổi tối, chỉ mỗi mình tôi ở nhà, thật là cô đơn lạnh lẽo."
光盘,CD,guāngpán,,
殖民地,thuộc địa,zhímíndì,,
光明,ánh sáng,guāngmíng,黑暗中的一线光明。,một tia sáng trong bóng tối.
会晤,"gặp gỡ, gặp mặt",huìwù,两国领导人会晤。,lãnh đạo hai nước gặp nhau.
盆,"chậu, bồn",pén,花盆儿。,chậu hoa.
执照,giấy phép,zhízhào,施工执照,giấy phép thi công.
年级,lớp,niánjí,我在三年级学习。,Tôi học lớp ba.
培育,"bồi dưỡng, đào tạo",péiyù,培育树苗。,chăm chút cây con.
汇报,báo cáo,huìbào,听汇报,nghe báo cáo
口音,"khẩu âm, giọng",kǒuyīn,听他的口音， 好像是河内人。,"nghe giọng anh ấy, dường như là người Hà Nội."
事物,"điều,vật, thứ",shìwù,,
顽固,bướng bỉnh,wángù,顽固守旧。,ngoan cố thủ cựu.
无论,bất kể,wúlùn,无论任务怎么艰巨，我们一定要把它完成。,"bất kể nhiệm vụ khó khăn nặng nề đến đâu, chúng ta cũng nhất định hoàn thành."
仍然,còn,réngrán,他仍然保持着老红军艰苦奋斗的作风。,anh ấy vẫn giữ lại tác phong phấn đấu gian khổ của người cựu hồng quân.
开始,bắt đầu,kāishǐ,新的一年开始了。,bắt đầu một năm mới rồi.
象棋,cờ tướng,xiàngqí,,
艘,"chiếc, con (tàu, thuyền)",sōu,五艘远洋货轮。,năm chiếc tàu viễn dương chở hàng.
桥梁,cầu,qiáoliáng,桥梁作用。,tác dụng của cầu nối.
谈,nói chuyện,tán,漫谈,mạn đàm
谁,ai,shéi,你找谁?,anh tìm ai?
日新月异,biến chuyển từng ngày,rìxīnyuèyì,,
体会,"lĩnh hội,nhận thức",tǐhuì,只有深入群众，才能真正体会群众的思想感情。,"chỉ có xâm nhập vào quần chúng, mới hiểu đúng cảm tình, tư tưởng của quần chúng."
埋伏,mai phục,máifú,中埋伏。,rơi vào ổ mai phục.
力量,sức mạnh,lìliàng,人多力量大。,người đông sức mạnh.
任命,bổ nhiệm,rènmìng,,
反而,"trái lại, ngược lại",fǎn'ér,风不但没停，反而越来越大了。,gió không những không ngừng mà trái lại càng mạnh thêm.
狮子,sư tử,shīzi,,
心理,tâm lý,xīnlǐ,工作顺利就高兴，这是一般人的心理。,"công việc thuận lợi thì vui mừng, đây là tâm lý chung của mọi người."
响亮,vang dội,xiǎngliàng,歌声响亮。,tiếng hát vang dội.
繁华,"phồn hoa, sầm uất",fánhuá,王府井是北京繁华的商业街。,Vương Phủ Tỉnh là con đường buôn bán sầm uất ở Bắc Kinh.
舰艇,chiến hạm,jiàntǐng,,
诽谤,"nói xấu, phỉ báng, gièm pha",fěibàng,恶意诽谤,cố ý phỉ báng
连年,liên tục nhiều năm,liánnián,连年大丰收。,nhiều năm liền bội thu.
贼,kẻ trộm,zéi,工贼,công nhân làm tay sai cho giai cấp tư sản.
认定,"cho rằng, nhận định",rèndìng,马克思主义认定一切事物都是在矛盾中不断向前发展的。,chủ nghĩa Mác cho rằng tất cả mọi sự vật đều không ngừng phát triển trong mâu thuẫn nội tại của chúng.
职位,chức vị,zhíwèi,重要的职位。,chức vị quan trọng.
录取,"tuyển chọn, nhận vào",lùqǔ,择优录取。,tuyển chọn những người ưu tú.
失去,mất,shīqù,失去知觉。,mất tri giác.
更加,"càng, thêm, hơn nữa",gèngjiā,公家的书，应该更加爱护。,sách công càng cần phải giữ gìn tốt hơn.
议论,"thảo luận,bàn luận",yìlùn,议论纷纷,bàn bạc xôn xao
了不起,"tài ba, giỏi lắm",liǎobùqǐ,他的本事真了不起。,bản lĩnh của anh ấy thật cừ.
过瘾,"thỏa nguyện, đã nghiền, say đắm",guòyǐn,这段唱腔优美，听起来真过瘾。,"giọng hát đoạn này ngọt ngào, nghe đã ghiền quá."
物理,vật lý,wùlǐ,,
注重,"coi trọng,chú trọng",zhùzhòng,注重调查研究。,coi trọng điều tra nghiên cứu
终身,suốt đời,zhōngshēn,终身之计,chuyện trăm năm; kế sách cả đời.
价格,giá cả,jiàgé,,
那,"điều đó, vậy",nà,那老头儿。,ông lão ấy.
招待,chiêu đãi,zhāodài,招待客人,chiêu đãi khách
夹杂,"xen lẫn, pha trộn",jiázá,脚步声和笑语声夹杂在一起。,tiếng bước chân và tiếng cười nói xen lẫn nhau.
目前,hiện nay,mùqián,目前形势。,tình thế trước mắt.
害羞,"nhát, xấu hổ",hàixiū,她是第一次当众讲话，有些害羞。,"đây là lần đầu tiên cô ấy nói chuyện trước đám đông, nên có phần thẹn thùng."
都市,đô thị,dūshì,,
寒假,kỳ nghỉ đông,hánjià,,
干预,"tham dự, tham gia, can dự",gānyù,,
家属,người nhà,jiāshǔ,,
表达,"biểu đạt, hiểu hiện",biǎodá,,
刹车,"phanh, thắng xe",shāchē,,
比方,"ví, so sánh, so bì",bǐfāng,他的坚贞不屈的品德，只宜用四季常青的松柏来比方,phẩm chất kiên trinh bất khuất của anh ấy chỉ có thể thông bách xanh tươi bốn mùa mới sánh được.
组合,tổ hợp,zǔhé,这本集子是由诗、散文和短篇小说三部分组合而成的。,"tập sách này gồm ba phần thơ, tản văn và truyện ngắn hợp thành."
宴会,tiệc,yànhuì,举行盛大宴会,mở tiệc long trọng; mở tiệc linh đình.
刷牙,chải răng,shuāyá,,
调解,hòa giải,tiáojiě,调解人,người hoà giải
饿,đói,è,牲口多拉几趟不要紧，可别饿着它。,gia súc kéo thêm vài chuyến nữa cũng không sao nhưng đừng bỏ đói chúng.
投票,bỏ phiếu,tóupiào,,
慰问,thăm hỏi,wèiwèn,慰问信,thư thăm hỏi
实际,thực tế,shíjì,一切从实际出发。,tất cả xuất phát từ thực tế.
发扬,"nêu cao, phát huy",fāyáng,发扬光大,phát huy truyền thống
尝,nếm,cháng,尝尝咸淡。,nếm xem vừa chưa
画,bức tranh,huà,画山水,vẽ tranh sơn thuỷ
沼泽,đầm lầy,zhǎozé,,
把握,"cầm, nắm,nắm bắt",bǎwò,战士把握着武器,chiến sĩ cầm chắc tay súng
此外,ngoài ra,cǐwài,院子里种着两棵玉米和两棵海棠，此外还有几丛月季。,"trong vườn trồng hai cây bắp, hai cây hải đường, ngoài ra còn có mấy bụi hoa hồng."
咬,cắn,yǎo,咬紧牙关。,cắn chặt răng; cắn răng chịu đựng.
膝盖,đầu gối,xīgài,,
面包,bánh mì,miànbāo,,
搜索,tìm kiếm,sōusuǒ,搜索残敌。,lùng tìm tàn quân địch.
边境,biên giới,biānjìng,封锁边境。,phong toả vùng biên giới
为难,làm khó,wéinán,为难的事,việc khó xử
可能,có thể,kěnéng,可能性。,tính khả thi.
冠军,"quán quân, chức vô địch",guànjūn,,
腐朽,"mục nát, hủ bại, sa đọa",fǔxiǔ,埋在地里的木桩都腐朽了。,gỗ chôn dưới đất lâu ngày đều bị mục nát.
亦,cũng,yì,反之亦 然,ngược lại cũng vậy
辣椒,ớt,làjiāo,,
赤字,"thiếu hụt, bội chi",chìzì,,
毫米,milimet,háomǐ,,
立足,"dừng chân, chỗ dựa, chỗ đứng",lìzú,立足之地。,chỗ đứng.
怀疑,nghi ngờ,huáiyí,他的话叫人怀疑。,người ta nghi ngờ lời nói của anh ấy.
烂,"nát, thối rữa",làn,烂泥。,bùn nhão.
得罪,đắc tội,dézuì,出言不逊，多有得罪。,"nói năng không khiêm tốn, làm mất lòng người khác."
二氧化碳,CO2,èryǎnghuàtàn,,
文具,văn phòng phẩm,wénjù,,
牙膏,kem đánh răng,yágāo,,
避免,tránh,bìmiǎn,看问题要客观、全面，避免主观、片面。,"xem xét vấn đề cần khách quan, toàn diện, tránh chủ quan, phiến diện"
巧克力,socola,qiǎokèlì,,
法律,pháp luật,fǎlǜ,,
愿望,"nguyện vọng, mong muốn",yuànwàng,主观愿望,nguyện vọng (nguyện vọng chủ quan)
蹲,ngồi xổm,dūn,蹲 了腿。,bị sái chân.
英俊,"anh tuấn, khôi ngôi tuấn tú",yīngjùn,英俊有为,tài năng đầy hứa hẹn
庄重,trang trọng,zhuāngzhòng,态度庄重,thái độ trang trọng
星期,"thứ, tuần",xīngqí,星期日。,ngày chủ nhật
废除,"bãi bỏ, hủy bỏ",fèichú,废除农奴制。,xoá bỏ chế độ nông nô
供给,cung cấp,gōngjǐ,学习用品由训练班免费供给。,đồ dùng học tập đều do lớp huấn luyện cung cấp miễn phí.
生疏,mới lạ,shēngshū,人地生疏。,lạ nước lạ cái.
显著,"rõ rệt, nổi bật",xiǎnzhù,我国社会主义建设已经取得显著成就。,công cuộc xây dựng chủ nghĩa xã hội ở nước ta đã đạt được những thành tựu nổi bật.
摆,"xếp đặt,bày biện",bǎi,把东西摆好,sắp xếp xong mọi thứ
极,"cực, cao nhất",jí,登峰造极。,trèo lên đỉnh cao; điêu luyện.
参与,tham dự,cānyù,参与其事。,tham dự chuyện đó
跳舞,"nhảy múa, nhảy",tiàowǔ,,
贩卖,"bán hàng, buôn bán",fànmài,贩卖干鲜果品,bán trái cây tươi và khô.
目的,mục đích,mùdì,,
揭露,phơi bày,jiēlù,揭露矛盾。,vạch trần mâu thuẫn.
泼,"hắt, giội, vẩy ( nước)",po,扫地时，泼一点水，免得尘土飞扬。,"lúc quét sân, vẩy một ít nước để tránh bụi."
忍耐,"kiên nhẫn, nhẫn lại",rěnnài,,
报到,"báo cáo có mặt, trình diện",bàodào,,
偿还,"trả nợ, bồi hoàn",chánghuán,,
躺,nằm,tǎng,躺在地头休息。,nằm xuống đất nghỉ.
观众,"khán giả,  người xem",guānzhòng,电视观众,khán giả truyền hình
借助,"nhờ vào, cậy vào",jièzhù,要看到极远的东西，就得借助于望远镜。,"muốn nhìn được những cái cực xa, thì phải nhờ đến kính viễn vọng."
浸泡,"ngâm, nhúng, dìm",jìnpào,浸泡棉籽。,ngâm hạt bông.
初步,"sơ bộ,bước đầu",chūbù,提出初步意见。,nêu ý kiến sơ bộ.
合乎,"phù hợp, hợp với",héhū,合乎事实,hợp với thực tế
秃,"trọc, trụi",tū,秃尾巴,đuôi trụi
神经,thần kinh,shénjīng,,
隆重,"long trọng, linh đình",lóngzhòng,隆重的典礼。,buổi lễ long trọng.
蓝,màu xanh lam,lán,蔚蓝。,xanh tốt.
强调,nhấn mạnh,qiángdiào,我们强调自力更生。,chúng ta nhấn mạnh tự lực cánh sinh.
唱歌,hát,chànggē,,
优美,đẹp,yōuměi,风景优美,phong cảnh tươi đẹp
西红柿,cà chua,xīhóngshì,,
制度,chế độ,zhìdù,工作制度,chế độ công tác
留神,"lưu ý, để ý cẩn thạn",liúshén,留点儿神留神，可别上当。,"chú ý một chút, đừng để bị mặc lừa."
批评,"phê bình, chỉ trích",pīpíng,,
利率,lãi xuất,lìlǜ,,
元宵节,tết Nguyên Tiêu,yuánxiāo jié,,
冷酷,"cay nghiệt, ác nghiệt",lěngkù,冷酷无情。,"phũ phàng; đối xử lạnh lùng hà khắc, không có tình người."
及早,"nhanh chóng, sớm",jízǎo,生了病要及早治。,có bệnh phải nhanh chóng điều trị.
严寒,lạnh,yánhán,天气严寒,khí hậu giá lạnh
素质,tố chất,sùzhì,提高军事素质。,thường xuyên nâng cao trình độ quân sự.
平静,yên lặng,píngjìng,激动的心情久久不能平静。,tâm trạng kích động mãi không thể yên ổn lại được.
周转,quay vòng (đồng vốn),zhōuzhuǎn,周转期。,thời gian quay vòng vốn.
处分,trừng phạt,chǔfèn,,
厚,dầy,hòu,厚木板,tấm ván dày
潮流,trào lưu,cháoliú,革命潮流。,trào lưu cách mạng.
手法,"thủ pháp, bút pháp",shǒufǎ,两面手法。,thủ đoạn hai mặt; con dao hai lưỡi.
刺,"đâm, chọc, chích",cì,刺 的一声，滑了一个跟头。,trượt chân ngã oạch một cái.
知道,biết,zhīdào,他知道的事情很多。,những việc anh ấy biết thì rất nhiều.
遏制,"kiềm chế, ngăn chặn",èzhì,,
踊跃,"nhảy nhót, nhảy lên",yǒngyuè,踊跃欢呼,nhảy lên hoan hô
喘气,"thở dốc, thở sâu, hổn hển",chuǎnqì,跑得喘不过气来。,chạy thở không ra hơi.
国际,quốc tế,guójì,国际协定,hiệp định quốc tế
腐败,"mục nát, hủ bại, thối rữa",fǔbài,木材涂上油漆，可以防止腐败。,dùng sơn sơn lên gỗ có thể chống được mục.
加油站,trạm đổ xăng,jiāyóu zhàn,,
从容不迫,"chậm rãi, không vội vàng",cóngróngbùpò,,
节奏,"nhịp điệu, tiết tấu",jiézòu,有节奏有条理地安排工作。,sắp xếp công tác nhịp nhàng thứ tự.
忘记,quên,wàngjì,我们决不会忘记，今天的胜利是经过艰苦的斗争得来的。,"chúng ta quyết không thể quên rằng, thắng lợi hôm nay là phải qua đấu tranh gian khổ mới có được."
毕竟,"rốt cuộc, cuối cùng",bìjìng,这部书虽然有缺页，毕竟是珍本。,"mặc dù bộ sách này thiếu trang, nhưng suy cho cùng là bộ sách quý"
情况,tình hình,qíngkuàng,思想情况。,tình hình tư tưởng.
高兴,vui vẻ,gāoxìng,听说你要来，我们全家都很高兴。,"nghe nói anh sắp đến, cả nhà chúng tôi đều rất vui mừng."
大概,có lẽ,dàgài,他嘴上不说，心里却捉摸了个大概。,"nó không nói ra, nhưng trong lòng đã có những dự tính sơ lược."
释放,phóng thích,shìfàng,释放战俘。,phóng thích tù binh địch.
保障,"đảm bảo, bảo hộ",bǎozhàng,保障人民的生命财产。,bảo vệ sinh mạng và tài sản của nhân dân
培养,"rèn luyện, bồi dưỡng",péiyǎng,培养细菌。,cấy vi khuẩn.
母语,tiếng mẹ đẻ,mǔyǔ,,
冷静,"vắng vẻ, yên tĩnh, bình tĩnh",lěngjìng,夜深了，街上显得很冷静。,"đêm đã khuya, đường phố rất yên tĩnh."
开拓,"khai phá, mở rộng",kāità,这一年短篇小说的创作道路开拓得更广阔了。,"năm nay, khuynh hướng sáng tác chuyện ngắn càng được phát triển rộng khắp."
费用,chi phí,fèiyòng,生活费用,chi phí sinh hoạt
艺术,nghệ thuật,yìshù,领导艺术,chỉ đạo nghệ thuật
坐,ngồi,zuò,请坐,mời ngồi
幸运,may mắn,xìngyùn,,
愉快,vui vẻ,yúkuài,愉快的微笑。,mỉm cười vui sướng
心情,tâm trạng,xīnqíng,心情舒畅。,thư thái trong lòng
婚姻,hôn nhân,hūnyīn,婚姻法,luật hôn nhân
上瘾,nghiện,shàngyǐn,,
论文,luận văn,lùnwén,学术论文。,luận văn học thuật.
呻吟,rên rỉ,shēnyín,,
淹没,chìm ngập,yānmò,河里涨水，小桥都淹没了。,"nước sông dâng cao, tất cả các cây cầu nhỏ đều ngập."
上进心,chí tiến thủ,shàngjìn xīn,,
伺候,"hầu hạ, phục dịch",cìhou,,
开采,"khai thác, đào, bới",kāicǎi,开采石油。,khai thác dầu lửa.
同胞,đồng bào,tóngbāo,同胞兄弟,anh em ruột
次要,"thứ yếu, không quan trọng",cì yào,内容是主要的，形式是次要的，形式要服从内容。,"nội dung là chủ yếu, hình thức là thứ yếu; hình thức phải phục vụ cho nội dung."
书法,thư pháp,shūfǎ,,
冻,đông lại,dòng,不冻港,cảng không đóng băng
很,rất,hěn,很快,rất nhanh
嫌疑,nghi ngờ,xiányí,不避嫌疑。,không tránh khỏi hiềm nghi
胡说,"xuyên tạc, nói bậy",húshuō,信口胡说,nói liều; nói bậy
故事,"sự cố, tai nạn",gùshì,虚应故事,ứng phó chiếu lệ cho qua chuyện
山脉,"rặng núi, dãy núi",shānmài,,
未免,"có hơi, có phần",wèimiǎn,你的顾虑未免多了一些。,những lo lắng của anh có hơi nhiều quá đấy.
疼爱,thương yêu,téng'ài,母亲最疼爱小女儿。,mẹ yêu nhất đứa con gái nhỏ.
沸腾,sôi sùng sục,fèiténg,热血沸腾,máu nóng sục sôi
鞭炮,"pháo hoa, pháo",biānpào,放鞭炮,đốt pháo
觉醒,thức tỉnh,juéxǐng,,
公元,công nguyên,gōngyuán,,
矿泉水,nước khoáng,kuàngquán shuǐ,,
播放,"truyền, phát, đưa tin",bòfàng,播放录音讲话。,phát chương trình kể chuyện qua đài
立即,ngay lập tức,lìjí,接到命令，立即出发。,"nhận được mệnh lệnh, lập tức xuất phát."
魅力,sức quyến rũ,mèilì,富有魅力。,đầy sức hấp dẫn.
筐,"giỏ, sọt",kuāng,抬筐。,khiêng giỏ.
标志,"cột mốc, ký hiệu",biāozhì,地图上有各种形式的标志。,trên bản đồ có ký hiệu đủ kiểu
程序,chương trình,chéngxù,工作程序。,trình tự công việc.
生效,có hiệu lực,shēngxiào,条约生效。,hiệp định có hiệu lực.
溅,"tung tóe, bắn tóe",jiàn,溅了一身泥。,toé bùn.
皱纹,nếp nhăn,zhòuwén,脸上布满皱纹,trên mặt đầy nếp nhăn.
促进,"xúc tiến, đẩy mạnh",cùjìn,促进派。,bên xúc tiến.
竹子,cấy tre,zhúzi,,
不惜,"ngần ngại, không tiếc",bùxī,不惜工本,không tiếc công tiếc vốn
提拔,"đề bạt, cất nhắc",tíbá,提拔干部,đề bạt cán bộ
分别,phân biệt,fēnbié,暂时分别，不久就能见面。,"tạm thời xa cách, chẳng bao lâu sẽ được gặp nhau."
磋商,"bàn bạc, hội ý, trao đổi",cuōshāng,,
立方,hình lập phương,lìfāng,,
幸福,hạnh phúc,xìngfú,我们今天的幸福是先烈们流血流汗得来的。,hạnh phúc hôm nay của chúng ta là do các bậc tiên liệt đổ mồ hôi và máu giành lại.
阻挠,"cản trở, ngăn cản, phá rối",zǔnáo,从中阻挠,phá rối từ trong
菜单,thực đơn,càidān,,
庄严,trang nghiêm,zhuāngyán,态度庄严。,thái độ trang nghiêm
情节,"tình tiết, trường hợp",qíngjié,故事情节。,tình tiết câu chuyện.
胖,béo,pàng,心广体胖。,lòng dạ thảnh thơi thư thái.
航空,hàng không,hángkōng,航空事业,ngành hàng không
人类,nhân loại,rénlèi,人类起源,nguồn gốc loài người
舒服,thoải mái,shūfú,睡得很舒服。,ngủ rất thoải mái.
无理取闹,gây sự vô cớ,wúlǐqǔnào,,
本领,"bản lĩnh, khả năng",běnlǐng,有本领,có bản lĩnh
均匀,"đều, đều đặn",jūnyún,今年的雨水很均匀。,"năm nay, mưa rất đều đặn."
火箭,"tên lửa, hỏa tiễn",huǒjiàn,,
毕业,tốt nghiệp,bìyè,,
钩子,cái móc,gōuzi,火钩子,móc treo để nấu nướng
背景,"bối cảnh, nền",bèijǐng,历史背景,bối cảnh lịch sử
对方,"phía bên kia, đối phương",duìfāng,老王结婚了，对方是幼儿园的保育员。,"anh Vương cưới vợ rồi, chị ấy là bảo mẫu ở nhà trẻ."
无动于衷,"thờ ơ, làm thinh, không chút động lòng",wúdòngyúzhōng,,
洞穴,hang động,dòngxué,,
丛,"bụi, lùm, khóm",cóng,丛生。,mọc thành bụi.
阴,âm,yīn,阴历,âm lịch
皮革,da,pígé,,
粒,"hạt, viên",lì,豆粒儿。,hạt đậu.
唯独,"duy nhất, chỉ",wéi dú,,
获得,"được, đạt được",huòdé,获得好评,được đánh giá tốt
疑问,nghi ngờ,yíwèn,,
出卖,bán,chūmài,出卖民族利益的反动派永远被人民所唾弃。,"bọn phản động bán rẻ lợi ích của dân tộc, suốt đời bị nhân dân khinh bỉ."
混淆,"lộ xộn, xáo trộn",hùnxiáo,真伪混淆,thực giả lẫn lộn
私人,"riêng, tư nhân",sīrén,私人企业。,xí nghiệp tư nhân.
包装,"gói, bọc",bāozhuāng,,
展望,nhìn ra xa,zhǎnwàng,他爬上山顶，向四周展望。,"anh ấy trèo lên đỉnh núi, nhìn ra bốn phía"
淡,"nhạt,loãng",dàn,淡墨,mực loãng
一,"một, số một",yī,一视同仁。,đối xử bình đẳng
批判,phê phán,pīpàn,,
骨头,xương,gǔtou,懒骨头,bản chất lười nhác
扰乱,"quấy nhiễu, hỗn loạn",rǎoluàn,扰乱治安。,làm hỗn loạn trật tự trị an.
唯一,duy nhất,wéiyī,,
振兴,"chấn hưng, hưng thịnh",zhènxīng,振兴工业,chấn hưng ngành công nghiệp.
吝啬,bủn xỉn,lìnsè,大方些，别那么吝啬。,"rộng rãi một tý đi, đừng có bủn xỉn như vậy."
脏,dơ bẩn,zàng,脏衣服,đồ bẩn; đồ dơ
阵,"trận, cơn",zhèn,严阵以待,bày trận chờ quân giặc
贪污,tham nhũng,tānwū,贪污腐化。,tham ô hủ hoá
对联,câu đối,duìlián,,
嗓子,"giọng, cổ họng",sǎngzi,嗓子疼。,đau họng.
准则,"chuẩn tắc, nguyên tắc",zhǔnzé,行动准则,nguyên tắc hành động.
编辑,"biên tập, chỉnh sửa",biānjí,编辑部。,ban biên tập; toà soạn
指导,"chỉ đạo, hướng dẫn",zhǐdǎo,指导员,hướng dẫn viên; chỉ đạo viên
轻视,khinh thường,qīngshì,,
繁体字,chữ phồn thể,fántǐ zì,,
后勤,hậu cần,hòuqín,,
人家,những người khác,rénjiā,这个村子有百十户人家。,thôn này có một trăm mười hộ.
绝望,tuyệt vọng,juéwàng,,
推销,bán,tuīxiāo,推销员,nhân viên chào hàng; nhân viên bán hàng.
辩护,"biện hộ, bảo vệ",biànhù,不要替错误行为辩护。,đừng bào chữa cho hành vi sai trái
商量,"thương lượng, bàn luận",shāngliáng,遇事要多和群众商量。,có công việc cần phải trao đổi nhiều với quần chúng.
脚,chân,jiǎo,脚面。,lòng bàn chân.
坚韧,"kiên trì, vững chắc",jiānrèn,,
张,"tờ, trang, tấm",zhāng,张嘴,mở miệng
警告,cảnh cáo,jǐnggào,,
绣,thêu,xiù,刺绣,thêu
穿越,"vượt qua, vượt",chuānyuè,,
酗酒,"say rượu, nát rượu",xùjiǔ,酗酒滋事,say rượu gây chuyện
辫子,bím tóc,biànzi,梳辫子。,chải bím tóc
黄金,vàng,huángjīn,黄金时代,thời đại hoàng kim
蔓延,"lan tràn, lan ra",mányán,蔓延滋长。,cỏ mọc lan tràn.
参观,tham quan,cānguān,参观团。,đoàn tham quan
饼干,bánh quy,bǐnggān,,
倡议,sáng kiến,chàngyì,倡议书。,bản kiến nghị
船,thuyền,chuán,一只船 。,một chiếc thuyền.
轻,nhẹ,qīng,身轻如燕。,thân nhẹ như chim én.
小心翼翼,"dè dặt, cẩn thận từng li từng tí",xiǎoxīnyìyì,,
产品,sản phẩm,chǎnpǐn,农产品。,sản phẩm nông nghiệp; nông sản.
教练,huấn luyện viên,jiàoliàn,足球教练。,huấn luyện viên bóng đá.
惊动,"kinh động, quấy rầy",jīngdòng,娘睡了，别惊动她。,"mẹ ngủ rồi, đừng quấy rầy mẹ."
包围,bao vây,bāowéi,亭子被茂密的松林包围着,ngôi đình có rừng thông rậm rạp bao quanh
势力,"sức mạnh, thế lực",shìlì,,
厉害,"lợi hại, kịch liệt, gay gắt",lìhài,心跳得厉害。,tim đập nhanh kinh khủng.
炉灶,bếp lò,lúzào,修理炉灶。,sửa sang lại bếp núc.
闭塞,"tắc nghẽn, bế tắc",bìsè,管道闭塞,nghẽn đường ống
原理,nguyên tắc,yuánlǐ,马列主义原理。,nguyên lý chủ nghĩa Mác-Lênin.
收据,"biên nhận, biên lai",shōujù,,
把,"bó, hành động (đem cái gì... làm gì đó)",bǎ,把舵,cầm lái
元素,nguyên tố,yuánsù,,
永远,mãi mãi,yǒngyuǎn,先烈们的革命精神永远值得我们学习。,tinh thần cách mạng của các liệt sĩ đáng để chúng ta học tập mãi mãi.
来得及,kịp,láidejí,电影是七点开演，现在刚六点半，你马上去还来得及。,"bây giờ mới có sáu giờ rưỡi, bảy giờ mới bắt đầu chiếu phim, anh đi ngay vẫn còn kịp."
为期,"kỳ hạn, thời gian",wéiqí,为期不远,(xét về) thời gian không xa
弥补,"bù đắp, đền bù",míbǔ,弥补缺陷。,bổ khuyết.
怎么,làm sao,zěnme,这是怎么回事?,việc này là thế nào?
美观,"đẹp, dễ coi, duyên dáng",měiguān,房屋布置得很美观。,nhà cửa bày trí rất đẹp (rất mỹ quan)。
次品,"loại hai, thứ phẩm",cì pǐn,,
不好意思,cảm thấy xấu hổ,bù hǎoyìsi,他被大伙儿笑得不好意思了,nó bị mọi người cười đến mức xấu hổ
时事,thời sự,shíshì,时事报告。,báo cáo thời sự.
羡慕,"ngưỡng mộ, hâm mộ, thèm muốn",xiànmù,他很羡慕我有这么一个好师傅。,nó rất hâm mộ khi tôi có người thầy tốt như vậy.
简历,sơ yếu lý lịch,jiǎnlì,,
表彰,khen ngợi,biǎozhāng,,
整体,"toàn thể, tổng thể",zhěngtǐ,整体规划,quy hoạch tổng thể
汽油,xăng,qìyóu,,
弱点,nhược điểm,ruòdiǎn,,
解雇,"đuổi việc, xa thải",jiěgù,,
推广,"mở rộng, phổ biến,phát triển",tuīguǎng,推广普通话,phát triển tiếng Phổ thông.
把手,"tay nắm cửa, chuôi",bǎshǒu,,
狼,chó sói,láng,,
味道,mùi vị,wèidào,这个菜味道好。,món (ăn) này (mùi vị) ngon quá.
勤奋,"siêng năng, cần cù",qínfèn,,
论证,"luận chứng, chứng minh",lùnzhèng,论证会。,buổi trình bày.
遵循,"theo, tuân theo",zūnxún,遵循原则,tuân theo nguyên tắc
果实,trái cây,guǒshí,劳动果实,thành quả lao động
事项,hạng mục công việc,shìxiàng,,
振动,"trấn động, rung động",zhèndòng,,
弥漫,"dày đặc, mù mịt, bao phủ",mímàn,烟雾弥漫。,sương mù dày đặc.
实力,sức mạnh,shílì,实力雄厚。,thực lực hùng hậu.
搭配,"phối hợp, kèm theo",dāpèi,车、犁、耙、套、鞭等农具，随牲口合理搭配。,"nông cụ như xe, cào... phải dùng phối hợp với gia súc cho hợp lý."
主办,người đứng ra tổ chức,zhǔbàn,主办世界杯足球赛。,tổ chức cúp bóng đá thế giới.
概括,khái quát,gàikuò,各小组的办法虽然都不一样，但概括起来不外两种。,biện pháp của các tổ tuy không giống nhau nhưng nhìn chung không ngoài hai cách.
软件,phần mềm,ruǎnjiàn,,
重量,trọng lượng,zhòngliàng,,
座,ngồi,zuò,座次,số ghế; thứ tự chỗ ngồi.
助理,"trợ lý, giúp việc",zhùlǐ,助理人员,nhân viên trợ lý
轮船,thuyền chạy bằng hơi nước,lúnchuán,,
棕色,màu nâu,zōngsè,,
沟通,"khai thông, nối liền",gōutōng,沟通思想,khai thông tư tưởng
演员,diễn viên,yǎnyuán,,
打针,tiêm,dǎzhēn,,
制约,"chế ước, kìm hãm",zhìyuē,互相制约,chế ước lẫn nhau.
烫,"hâm, là, ủi",tàng,烫手,phỏng tay
燃烧,đốt cháy,ránshāo,燃烧弹,bom cháy
种子,hạt,zhǒngzi,革命的种子,hạt giống Cách Mạng.
高明,thông minh,gāomíng,主意高明,chủ ý cao siêu
封建,phong kiến,fēngjiàn,反封建,phản phong kiến; chống phong kiến.
幢,"căn, tòa, ngôi",chuáng,经幢 。,cột kinh; cột đá khắc kinh.
降临,,jiànglín,夜色降临。,màn đêm buông xuống.
勤俭,tiết kiệm,qínjiǎn,勤俭建国。,cần cù xây dựng tổ quốc.
大臣,đại thần,dàchén,,
现在,"bây giờ, hiện nay",xiànzài,他现在的情况怎么样?,tình hình hiện nay của anh ấy ra sao?
沾光,"được nhờ, thơm lây",zhānguāng,,
砍,chặt,kǎn,砍柴。,chẻ củi.
俘虏,bắt tù binh,fúlǔ,俘虏了敌军师长。,bắt được sư đoàn trưởng của địch.
弟弟,em trai,dìdì,叔伯弟弟,em chú bác
作风,phong cách,zuòfēng,反对官僚作风。,phản đối tác phong quan liêu
毁灭,"tiêu diệt, hủy diệt",huǐmiè,毁灭罪恶势力,tiêu diệt thế lực tội ác.
既然,đã…thì….,jìrán,既然知道做错了，就应当赶快纠正。,đã biết làm sai thì phải nhanh chóng sửa chữa.
季军,"hạng ba, huy chương đồng",jìjūn,,
潜水,lặn,qiánshuǐ,潜水衣。,áo lặn.
神秘,"thần bí,bí ẩn",shénmì,科学技术并不是那么神秘，只要努力钻研，就可以掌握它。,"khoa học kỹ thuật không thần bí gì cả, chỉ cần đi sâu nghiên cứu thì có thể nắm bắt được chúng."
雕塑,điêu khắc,diāosù,,
肌肉,bắp thịt,jīròu,,
巨大,to lớn,jùdà,巨大的工程。,công trình vĩ đại.
及格,"hợp cách, đạt tiêu chuẩn",jígé,,
意料,"dự đoán, dự liệu",yìliào,意料之中,trong dự đoán
安居乐业,an cư lạc nghiệp,ānjūlèyè,,
递,"truyền đạt,chuyển giao",dì,投递给我。,đưa cho tôi
感慨,xúc động,gǎnkǎi,感慨万端,nhiều cảm xúc
边界,ranh giới,biānjiè,越过边界。,vượt biên
战术,chiến thuật,zhànshù,,
座位,chỗ ngồi,zuòwèi,,
东,hướng Đông,dōng,东边儿。,phía đông
并非,không,bìngfēi,,
迟到,đến muộn,chídào,,
瞎,mù,xiā,他的右眼瞎 了。,mắt phải của nó đã bị mù.
认可,"cho phép, đồng ý",rènkě,点头认可。,gật đầu đồng ý.
斯文,"nhã nhặn, lịch sự",sīwén,他说话挺斯文的。,anh ấy nói chuyện rất lịch sự.
例外,ngoại lệ,lìwài,大家都得遵守规定， 谁也不能例外。,"mọi người đều phải tuân theo qui định, không ngoại trừ một ai."
合成,"hợp thành, cấu thành",héchéng,合成词,từ hợp thành; từ ghép
水利,thủy lợi,shuǐlì,,
醒,tỉnh,xǐng,酒醉未醒。,say rượu vẫn chưa tỉnh
绳子,dây thừng,shéngzi,,
女人,phụ nữ,nǚrén,,
铜,đồng,tóng,,
动手,"bắt đầu làm, bắt tay vào làm",dòngshǒu,早点儿动手早点儿完。,bắt đầu làm sớm thì sẽ xong sớm.
股份,cổ phần,gǔfèn,,
期待,"kỳ vọng, mong đợi",qídài,,
案件,"vụ án,trường hợp, án kiện",ànjiàn,刑事案件,vụ án hình sự
两,hai,liǎng,两扇门。,hai cánh cửa.
姿势,tư thế,zīshì,姿势端正,tư thế đứng đắn; tư thế nghiêm chỉnh
切,cắt,qiè,把瓜切开。,bổ dưa; xẻ dưa.
敬礼,"cúi chào, cúi rạp mình",jìnglǐ,向老师敬个礼。,cúi chào thầy giáo.
记者,phóng viên,jìzhě,,
呵,"ơ, ôi, ui, ui cha",ā,呵一口气,thở một hơi
跟随,"theo, đi theo",gēnsuí,他从小就跟随着爸爸在山里打猎。,từ nhỏ nó đã theo cha vào rừng săn bắn.
打折,giảm giá,dǎzhé,,
早上,buổi sáng,zǎoshang,明天早上,sáng mai.
电源,nguồn điện,diànyuán,,
细胞,tế bào,xìbāo,,
森林,rừng rậm,sēnlín,,
为,"bị, được, vì",wèi,事在人为,việc là do con người làm ra
可口,"ngon miệng, vừa miệng",kěkǒu,吃 着 家乡风味的菜，觉得 很可口。,"thưởng thức những món ăn mang hương vị đồng quê, cảm thấy rất ngon miệng."
足以,đủ,zúyǐ,这些事实足以说明问题。,sự thật này đủ để chứng minh vấn đề.
孩子,con cái,háizi,小孩子,em bé; con nít.
性别,giới tính,xìngbié,,
以,với,yǐ,以 少胜多。,lấy ít thắng nhiều.
反抗,phản kháng,fǎnkàng,反抗精神,tinh thần phản kháng
想方设法,"trăm phương ngàn ké, nghĩ cách này bày cách nọ",xiǎngfāngshèfǎ,,
报纸,báo,bàozhǐ,,
宇宙,vũ trụ,yǔzhòu,,
收缩,co lại,shōusuō,铁受了热就会膨胀，遇到冷就会收缩。,"sắt gặp nhiệt thì nở ra, gặp lạnh thì co lại."
散发,đi bộ,sànfà,花儿散发着阵阵的芳香。,từng làn hương hoa toả ra.
尾巴,đuôi,wěiba,飞机尾巴,đuôi máy bay
抹杀,bôi,mǒshā,一笔抹杀。,gạch bỏ.
轻松,"nhẹ nhõ, thoải mái",qīngsōng,轻松活儿。,việc nhẹ.
从而,"do đó, vì vậy",cóng'ér,由于交通事业的迅速发展，从而为城乡物资交流提供了更为有利的条件。,"nhờ sự nghiệp giao thông phát triển nhanh, nên đã tạo điều kiện thuận lợi hơn cho việc trao đổi vật tư giữa thành thị và nông thôn."
破产,phá sản,pòchǎn,从资本主义发展的历史来看，产业工人的前身多半是破产的农民。,"nhìn từ góc độ lịch sử phát triển của chủ nghĩa tư bản, tiền thân của giai cấp công nhân phần lớn là những người nông dân bị phá sản."
人民币,nhân dân tệ,rénmínbì,,
热情,"nhiệt tình, hăng hái",rèqíng,爱国热情。,lòng nhiệt tình yêu nước.
提倡,"đề xướng, khởi xướng",tíchàng,提倡说普遍话。,đề xướng việc nói tiếng phổ thông.
印象,ấn tượng,yìnxiàng,深刻的印象。,ấn tượng sâu sắc
挺拔,thẳng tắp,tǐngbá,峰峦挺拔,núi cao thẳng đứng.
疲惫,kiệt quệ,píbèi,疲惫不堪。,mệt không chịu nổi; mệt bã người.
高峰,đỉnh cao,gāofēng,1960年5月25日中国登山队胜利地登上了世界第一高峰珠穆朗玛峰。,ngày 25 tháng 5 năm 1960 đoàn leo núi của Trung Quốc đã leo lên đỉnh Everest cao nhất thế giới.
荒凉,"hoang vu, hoang vắng",huāngliáng,一片荒凉,một vùng hoang vắng
隔壁,nhà bên cạnh,gébì,左隔壁,nhà sát vách bên trái
可笑,"nực cười, buồn cười",kěxiào,说到可笑的地方，连他自己也忍不住笑了起来。,"nói đến đoạn tức cười, ngay cả anh ấy cũng chịu không nỗi phải phá lên cười ."
机关,cơ quan,jīguān,摇动水车的机关，把河水引到田里。,làm chuyển động bộ phận then chốt của guồng nước để đưa nước vào đồng ruộng.
单调,đơn điệu,dāndiào,色彩单调,màu sắc đơn giản
光彩,"hào quang, màu sắc ánh sáng",guāngcǎi,橱窗里面摆着光彩夺目的各色丝绸。,trong tủ kính bày nhiều hàng tơ lụa màu sắc rất đẹp mắt.
削弱,suy yếu,xuēruò,,
申报,trình báo,shēnbào,,
才,vừa mới,cái,德才兼备,tài đức song toàn; đức tài toàn vẹn; tài đức kiêm toàn; có đức có tài.
老师,"giáo viên, thầy dạy học",lǎo shī,,
实行,thực hiện,shíxíng,,
匆忙,vội vàng,cōngmáng,临行匆忙，没能来看你。,lúc đi vội vội vàng vàng nên không ghé thăm anh được.
统计,thống kê,tǒngjì,把人数统计一下。,thống kê về số người.
场所,nơi,chǎngsuǒ,公共场所。,nơi công cộng.
势必,"tất phải, buộc phải",shìbì,看不到群众的力量，势必要犯错误。,"không thấy được sức mạnh của quần chúng, tất phải phạm sai lầm."
当事人,"người có liên quan, đương sự",dāngshìrén,,
到,đến,dào,到期,đến kỳ hạn; đến kỳ
因为,bởi vì,yīnwèi,因为今天事情多，所以没有去。,"bởi vì hôm nay nhiều việc, cho nên không có đi."
器材,"khí tài, dụng cụ",qìcái,照相器材。,dụng cụ chụp ảnh.
偶然,"tình cờ,ngẫu nhiên",ǒurán,偶然事故。,sự cố ngẫu nhiên.
数字,kỹ thuật số,shùzì,不要盲目追求数字。,không nên mù quáng chạy theo số lượng.
务必,"ắt phải, nhất thiết phải, cốt phải",wùbì,同学们都希望听你的学术报告，你务必去讲一次。,"các bạn học đều hi vọng được nghe báo cáo học thuật của anh, anh nhất thiết phải đi diễn thuyết một chuyến."
证实,chứng thực,zhèngshí,通过实践而发现真理，又通过实践而证实真理。,"thông qua thực tiễn phát hiện chân lý, lại thông qua thực tiễn chứng thực chân lý."
电视,ti vi,diànshì,黑白电视,ti-vi trắng đen
雷达,radar,léidá,,
切实,"thiết thực, thực sự",qièshí,切实可行的方法。,phương pháp thiết thực có thể thực hiện được.
项目,dự án,xiàngmù,首先兴办关键性的建设项目。,trước hết phải thực hiện những hạng mục then chốt.
辩论,tranh luận,biànlùn,辩论会。,cuộc biện luận; buổi biện luận bảo vệ luận án; buổi hội thảo
屋子,nhà,wūzi,一间屋子。,một gian phòng; một căn phòng
体面,"vẻ vang, danh giá",tǐmiàn,有失体面,làm mất thể diện
娶,lấy vợ,qǔ,嫁娶。,cưới gả.
后果,hậu quả,hòuguǒ,后果堪虑,hậu quả đáng lo ngại
铅笔,bút chì,qiānbǐ,,
大体,nhìn chung,dàtǐ,识大体，顾大局。,"biết nguyên tắc, lo cho đại cuộc"
预习,chuẩn bị bài,yùxí,,
教室,lớp học,jiàoshì,,
正经,"đoan trang, chính phái",zhèngjīng,正经正史,chính kinh chính sử
收,nhận,shōu,收拾。,thu dọn.
白,trắng,bái,他头发白了,tóc ông ấy đã bạc rồi
期间,"dịp, thời kỳ, thời gian",qíjiān,农忙期间。,ngày mùa bận rộn.
灰心,nản lòng,huīxīn,灰心丧气,nản chí ngã lòng; hết sức chán nản
精彩,"ưu việt, xuất sắc",jīngcǎi,晚会的节目很精彩。,tiết mục tối nay rất xuất sắc.
眼神,"aánh mắt, thị lực",yǎnshén,我眼神儿不好，天一黑就看不清了。,"thị lực của tôi kém lắm, trời vừa tối là không nhìn thấy rõ nữa."
广泛,rộng rãi,guǎngfàn,内容广泛,nội dung phổ biến
责任,trách nhiệm,zérèn,尽责任,làm hết trách nhiệm
取缔,"thủ tiêu, cấm chỉ",qǔdì,,
整个,"toàn bộ, tất",zhěnggè,整个上午,cả buổi sáng
红,đỏ,hóng,红枣,táo đỏ
让步,"nhượng bộ, nhường bước",ràngbù,不向无理要求让步。,Không nhượng bộ trước yêu cầu vô lý.
前途,"tương lai, tiền đồ",qiántú,,
生产,sản xuất,shēngchǎn,生产基金。,Quỹ sản xuất
本人,"bản thân,t ôi",běnrén,他的先进事迹，还是由他本人来谈吧。,thành tích tiên tiến của anh ấy hãy để anh ấy tự kể
记性,trí nhớ,jìxìng,记性好。,trí nhớ tốt.
玉米,ngô,yùmǐ,,
主席,chủ tịch,zhǔxí,,
着想,"suy nghĩ, lo nghĩ",zhuóxiǎng,他是为你着想才劝你少喝酒的。,anh ấy lo cho anh nên mới khuyên anh uống ít rượu đấy.
顾虑,"lo lắng, băn khoăn",gùlǜ,打消顾虑,xua tan nổi băn khoăn
缺席,vắng mặt,quēxí,因事缺席。,vì bận nên không đi họp.
毅然,"kiên quyết, không chút do dự",yìrán,毅然决然,kiên quyết không do dự
与日俱增,tăng lên từng ngày,yǔrìjùzēng,,
保持,"duy trì, gìn giữ",bǎochí,水土保持,gìn giữ lớp đất màu
但是,nhưng,dànshì,他想睡一会儿，但是睡不着。,"anh ấy muốn ngủ một chút, nhưng ngủ không được."
热闹,"náo nhiệt, ồn ào",rènào,热闹的大街。,phố lớn náo nhiệt.
迷惑,mê hoặc,míhuò,迷惑不解。,mê muội không thể lí giải nổi.
丰满,"sung túc, đầy đủ, đầy ắp",fēngmǎn,今年好收成，囤里的粮食都很丰满。,"năm nay được mùa, lương thực đầy kho đầy bồ."
崇敬,"yêu mến, kính yêu",chóngjìng,革命英雄永远被人民崇敬。,những người anh hùng cách mạng mãi mãi được nhân dân tôn kính.
文件,hồ sơ,wénjiàn,,
缓和,"xoa dịu, hòa dịu",huǎnhé,紧张的心情慢慢缓和下来了。,tâm trạng căng thẳng dần dần dịu lại.
利益,lợi ích,lìyì,物质利益。,vật chất có ích.
半,"một nửa, rưỡi",bàn,半路上,giữa đường
处理,xử lý,chǔlǐ,处理品。,hàng thanh lí.
档案,hồ sơ,dǎng'àn,人事档案,hồ sơ nhân sự
指,ngón tay,zhǐ,食指,ngón tay trỏ
塑造,"miêu tả, đắp nặn",sùzào,,
提供,cung cấp,tígōng,提供经验,cung cấp kinh nghiệm
压缩,nén,yāsuō,压缩空气,nén không khí
待遇,đãi ngộ,dàiyù,周到的待遇,đối đãi chu đáo.
爆炸,"nổ, làm nổ tung, phá (mìn)",bàozhà,,
同事,đồng nghiệp,tóngshì,老同事,đồng nghiệp cũ
保护,bảo vệ,bǎohù,保护亲人,bảo vệ người thân
盼望,"mong mỏi, trông chờ",pànwàng,,
规则,quy tắc,guīzé,交通规则,luật giao thông
附件,phụ kiện,fùjiàn,汽车附件,phụ kiện xe ô tô; phụ tùng xe hơi.
河,sông,hé,江河,sông ngòi
请帖,thiệp mời,qǐng tiě,,
偏偏,"lại, cứ, cố ý",piānpiān,经过大家讨论，问题都解决了，他偏偏还要钻牛角尖。,"qua sự thảo luận của mọi người, vấn đề đã được giải quyết xong, thế mà anh ấy vẫn cứ chui đầu vào chỗ bế tắc."
意志,ý chí,yìzhì,意志薄弱,ý chí yếu đuối
坟墓,phần mộ,fénmù,,
侧面,mặt bên,cèmiàn,从侧面打击敌人。,tấn công địch từ cạnh sườn
幼儿园,nhà trẻ,yòu'éryuán,,
违反,vi phạm,wéifǎn,违反社会发展规律。,trái với quy luật phát triển xã hội
格局,"bố cục, lề lối, kết cấu",géjú,经济迅速发展，不断打破旧格局，形成新格局。,"kinh tế phát triển nhanh chóng, không ngừng phá vỡ cái cũ, hình thành nên bố cục mới."
懂,hiểu,dǒng,懂事,biết điều; biết chuyện.
场面,tình cảnh,chǎngmiàn,热烈的场面。,cảnh tưng bừng.
维持,duy trì,wéichí,维持秩序,giữ trật tự
愈,"khỏi bệnh, hết bệnh",yù,痊愈,hết bệnh; khỏi bệnh
调查,khảo sát,diàochá,调查事实真相,điều tra chân tướng sự thật
终年,suốt cả năm,zhōngnián,终年积雪的高山,núi cao tuyết phủ quanh năm
精密,"tỉ mỉ, tinh vi",jīngmì,精密仪器。,máy móc có độ chính xác cao; máy móc tinh vi.
美丽,đẹp,měilì,美丽的花朵。,bông hoa đẹp.
合格,"hợp lệ, đủ tiêu chuẩn",hégé,质量合格,đạt chất lượng
其余,"còn lại,ngoài ra",qíyú,除了有两人请假，其余的人都到了。,"ngoài hai người xin nghỉ ra, còn lại đều đến cả."
客厅,phòng khách,kètīng,,
给予,"dành cho, cho",jǐyǔ,给予帮助。,dành cho sự giúp đỡ.
玩具,đồ chơi,wánjù,,
市场,thị trường,shìchǎng,国内市场。,thị trường trong nước.
制作,"chế tạo, làm ra, chế ra",zhìzuò,制作家具,làm ra dụng cụ gia đình
中间,ở giữa,zhōngjiān,那些树中间有半数是李树。,trong số những cây kia có phân nửa là cây mận.
节,"đoạn, khúc, tiết",jié,竹节。,đốt tre.
饱和,"bão hòa, no, chán ngấy",bǎohé,,
宰,"giết, mổ, làm thịt",zǎi,宰主,chúa tể
蹦,"nhảy, bật, tung ra",bèng,欢蹦乱跳,mừng nhảy cẩng lên
抄,"coppy, sao chép",chāo,抄书。,chép sách.
残酷,"hung ác, tàn bạo",cánkù,残酷无情。,hung ác không tình người
比例,tỷ lệ,bǐlì,教师和学生的比例已经达到要求,tỉ lệ thầy giáo và học sinh đã đạt yêu cầu
培训,"bồi dưỡng, đào tạo",péixùn,培训技术人员。,Đào tạo và huấn luyện nhân viên kỹ thuật.
捣乱,"phá đám, quấy rối",dǎoluàn,,
新闻,tin tức,xīnwén,新闻记者。,phóng viên tin tức
领导,lãnh đạo,lǐngdǎo,集体领导。,lãnh đạo tập thể.
发票,hóa đơn,fāpiào,,
哦,"hứ, há",ó,吟哦。,ngâm nga.
协商,,xiéshāng,有问题可以协商解决。,có vấn đề gì thì phải bàn bạc giải quyết.
短,ngắn,duǎn,短刀,đoản đao; đao ngắn
特定,đặc biệt,tèdìng,特定的人选。,người được tuyển chọn đặc biệt.
昨天,hôm qua,zuótiān,这件事发生在昨天。,Việc này xảy ra hôm qua
容纳,chứa,róngnà,这个广场可以容纳十万人。,quảng trường này có thể chứa mười vạn người.
资格,tư cách,zīgé,审查资格,kiểm tra tư cách
周到,chu đáo,zhōudào,服务周到,phục vụ chu đáo
颁发,ban phát,bānfā,颁发指示,ra chỉ thị
缓解,"xoa dịu, làm dịu",huǎnjiě,病情缓解,bệnh tình đã thuyên giảm
介绍,giới thiệu,jièshào,介绍信。,thư giới thiệu.
流利,lưu loát,liúlì,文章写得流利。,bài văn viết trôi chảy.
亲自,"đích thân, tự mình",qīnzì,"你亲自去一趟, 和他当面谈谈。","anh tự đi một chuyến, nói chuyện trực tiếp với hắn."
零食,đồ ăn vặt,língshí,不吃零食是好习惯。,không ăn quà vặt là thói quen tốt.
残疾,tàn tật,cánjí,残疾儿童。,trẻ em tàn tật
充实,"tăng cường, bổ sung cho đủ",chōngshí,文字流畅，内容充实。,"lời văn trôi chảy, nội dung phong phú."
椅子,cái ghế,yǐzi,,
点心,tráng miệng,diǎnxīn,,
馅儿,,xiàn er,,
无从,không biết từ đâu,wúcóng,心中千言万语，一时无从说起。,"trong lòng muôn lời nghìn ý, (một lúc) không biết nói từ đâu."
发呆,ngây người,fādāi,他话也不说，眼直直地瞪着，坐在那儿发呆。,"nó không nói không rằng, mắt mở trừng trừng, ngồi ngây người ra đấy."
盛开,nở hoa,shèngkāi,百花盛开。,trăm hoa đua nở.
无耻,không xấu hổ,wúchǐ,卑鄙无耻。,bỉ ổi vô liêm sỉ .
考虑,xem xét,kǎolǜ,这个问题让我考虑一下再答复你。,vấn đề này để tôi suy nghĩ một tý rồi trả lời bạn sau.
售货员,người bán hàng,shòuhuòyuán,,
梦想,giấc mơ,mèngxiǎng,他小时候梦想着当一名飞行员。,"từ thời còn nhỏ, anh ấy đã mong ước được trở thành một phi hành gia."
不像话,chẳng ra làm sao cả,bù xiànghuà,整天撒泼耍赖，实在不像话,"cả ngày bày trò nghịch ngợm, thực là kỳ cục"
坚固,chắc chắn,jiāngù,阵地坚固。,trận địa kiên cố.
超市,siêu thị,chāoshì,,
封锁,"phong tỏa, bao vây, chặn",fēngsuǒ,经济封锁,bao vây kinh tế
面临,đối mặt với,miànlín,我们面临着极其艰巨而又十分光荣的任务。,chúng tôi đang đối mặt với những vấn đề cực kỳ khó khăn nhưng đó lại là một nhiệm vụ vinh quang.
布局,bố cục,bùjú,画面布局匀称,tranh vẽ được bố trí cân đối
课,bài học,kè,上课。,lên lớp.
对手,đối thủ,duìshǒu,我们的对手是个素负盛名的球队。,đối thủ của chúng ta là một đội bóng danh tiếng đã lâu.
稳定,ổn định,wěndìng,这几天九龙江水位很稳定。,mấy ngày nay mực nước sông Cửu Long rất ổn định.
节约,tiết kiệm,jiéyuē,节约增产。,tăng gia sản xuất và tiết kiệm.
顺便,"nhân tiện, tiện thể",shùnbiàn,我是下班打这儿过，顺便来看看你们。,"tôi tan sở đi ngang qua đây, tiện thể vào thăm các anh."
骂,"mắng, chửi",mà,骂街。,chửi đổng.
旅游,du lịch,lǚyóu,旅游胜地。,du ngoạn danh lam thắng cảnh.
草率,"qua loa, đại khái",cǎoshuài,草率从事。,làm việc cẩu thả
设立,thiết lập,shèlì,,
中央,trung tâm,zhōngyāng,湖的中央有个亭子。,giữa hồ có một cái đình
凶手,"hung thủ, kẻ giết người",xiōngshǒu,,
导弹,"hỏa tiễn, đạn đạo",dǎodàn,,
慢,chậm,màn,慢车。,tàu chậm.
教育,giáo dục,jiàoyù,说服教育。,"thuyết phục, dạy dỗ."
工程师,kỹ sư,gōngchéngshī,,
云,đám mây,yún,人云 亦云,người ta nói sao mình nói vậy.
反复,lặp đi lặp lại,fǎnfù,反复思考,suy đi nghĩ lại
以为,"tưởng rằng, cho rằng",yǐwéi,不以为然,không cho là như vậy
停滞,đọng lại,tíngzhì,停滞不前。,đình trệ không tiến.
请示,xin chỉ thị,qǐngshì,这件事须请示上级后才能决定。,việc này phải xin chỉ thị của cấp trên xong mới quyết định được
残忍,tàn nhẫn,cánrěn,手段凶狠残忍。,thủ đoạn hung ác tàn nhẫn
顿,bữa (ăn),dùn,他顿了一下，又接着往下说。,"anh ấy ngừng giây lát, rồi lại nói tiếp."
讥笑,"châm biếm, nhạo báng, chế giễu",jīxiào,,
包子,bánh bao,bāozi,,
顾问,cố vấn,gùwèn,军事顾问,cố vấn quân sự
孙子,cháu trai,sūnzi,,
周围,xung quanh,zhōuwéi,周围地区,quanh vùng; quanh khu vực
钻研,nghiên cứu,zuānyán,钻研理论,nghiên cứu lý luận
脸,mặt,liǎn,圆脸。,mặt tròn.
步伐,"tiến độ, nhịp bước",bùfá,步伐整齐,nhịp bước chỉnh tề
法人,pháp nhân,fǎrén,,
古怪,kỳ quặc,gǔguài,脾气古怪,tính nết kỳ lạ
而,"và, mà",ér,伟大而艰巨的任务。,nhiệm vụ vĩ đại nhưng gian khổ.
引擎,động cơ,yǐnqíng,,
字,chữ,zì,汉字,chữ Hán
后来,"sau này, về sau",hòulái,他还是去年二月里来过一封信，后来再没有来过信。,"tháng hai năm ngoái nó còn gởi thư về, sau đó không gởi thêm lá nào nữa."
却,"mà,lại, nhưng mà",què,却步。,lùi bước.
慢性,mãn tính,mànxìng,慢性病。,bệnh mãn tính.
基因,gene,jīyīn,,
言论,"ngôn luận, lời bàn",yánlùn,,
口腔,khoang miệng,kǒuqiāng,,
要命,"mất mạng, chết người",yàomìng,痒得要命,ngứa chết đi được; ngứa ghê.
倒闭,"sập tiệm, đóng cửa",dǎobì,,
书架,giá sách,shūjià,,
拳头,nắm tay,quántóu,把拳头握得紧紧的。,nắm tay thật chặt.
昼夜,ngày và đêm,zhòuyè,昼夜兼程,một ngày một đêm đi đoạn đường bằng đi hai ngày; hành trình một ngày bằng hai ngày.
掠夺,cướp đoạt,lüèduó,掠夺财物。,cướp tài sản.
不过,tuy nhiên,bùguò,再好不过,tốt nhất trên đời
调和,hòa giải,tiáohé,雨水调和,nước mưa điều hoà
碧玉,ngọc bích,bìyù,,
当然,"tất nhiên, đương nhiên",dāngrán,理所当然,lẽ tất nhiên; lẽ đương nhiên; lẽ dĩ nhiên.
贫乏,nghèo,pínfá,生活经验贫乏。,kinh nghiệm sống không phong phú.
权利,quyền lợi,quánlì,,
灿烂,"sáng lạng, rực rõ",cànlàn,灯光灿烂。,ánh đèn sáng rực
冲动,"xung động, kích thích",chōngdòng,不要冲动，应当冷静考虑问题。,"đừng nên quá xúc động, phải bình tĩnh xem xét vấn đề."
神圣,"thiêng liêng, thần thánh",shénshèng,神圣的使命。,sứ mệnh thiêng liêng.
丰富,phong phú,fēngfù,物产丰富,sản vật phong phú
交易,giao dịch,jiāoyì,做了一笔交易。,tiến hành một vụ mua bán.
纳闷儿,"bồn chồn, bối rối, khó hiểu",nàmèn er,他听说有上海来的长途电话找他，一时想不出是谁，心里有些纳闷儿。,"anh ấy nghe nói có điện thoại đường dài từ Thượng Hải gọi tới, không đoán ra ai, trong lòng hơi bồn chồn."
消耗,tiêu thụ,xiāohào,消耗精力。,tiêu hao tinh lực
什么,cái gì,shénme,这是什么?,đây là cái gì?
盲目,mù quáng,mángmù,盲目行动。,hành động mù quáng.
财富,sự giàu có,cáifù,自然财富。,tài nguyên thiên nhiên
清楚,rõ ràng,qīngchǔ,字迹清楚。,nét chữ rõ ràng.
心疼,"thương, không nỡ, tiếc",xīnténg,,
淘汰,đào thải,táotài,淘汰旧产品,loại bỏ những sản phẩm cũ.
打包,đóng gói,dǎbāo,打包机,máy đóng gói
思念,nhớ,sīniàn,,
园林,vườn,yuánlín,园林艺术,lâm viên nghệ thuật
枯竭,"cạn kiệt, khô kiệt",kūjié,水源枯竭。,nguồn nước khô cạn.
猴子,con khỉ,hóuzi,,
专长,"chuyên môn, đặc trưng, chuyên khoa",zhuāncháng,学有专长,học có sở trường.
气功,khí công,qìgōng,,
漫长,"dài dằng dặc, dài đằng dẵng",màncháng,漫长的岁月。,năm tháng dài đằng đẵng.
格式,"cách thức, quy cách",géshì,公文格式,quy cách công văn
戒备,"cảnh giới, phòng bị",jièbèi,戒备森严。,phòng bị nghiêm ngặt.
雇佣,thuê,gùyōng,,
飙升,bay lên,biāoshēng,,
富,giàu có,fù,富裕,sung túc
寻觅,tìm kiếm,xúnmì,,
方面,phương diện,fāngmiàn,优势是在我们方面，不是在敌人方面。,"ưu thế ở bên chúng ta, không phải phía địch."
往,đến,wǎng,往 来,đi lại; đi lại
一再,"nhiều lần, năm lằn bảy lượt",yīzài,一再声明,tuyên bố nhiều lần
接待,tiếp đãi,jiēdài,接待室。,phòng tiếp khách; phòng khách.
竞赛,cuộc thi,jìngsài,体育竞赛。,thi đấu thể thao.
发布,"tuyên bố, phát hành, thông báo",fābù,发布战报,thông báo tình hình chính sự
比喻,"ví dụ, ví von",bǐyù,,
份,phần,fèn,股份,cổ phần
饶恕,tha thứ,ráoshù,,
拼命,"liều mạng, liều mình",pīnmìng,资本家为了获得更多的利润，拼命地剥削工人。,"các nhà tư bản vì muốn đạt được nhiều lợi nhuận, đã ra sức bóc lột người công nhân."
抽屉,ngăn kéo,chōuti,,
轰动,"xôn xao, náo động, chấn động",hōngdòng,轰动全国,chấn động cả nước
策划,"chuẩn bị, lập kế hoạch",cèhuà,幕后策划。,giật dây sau hậu trường
号码,số,hàomǎ,门牌号码,bảng số nhà.
日程,lịch trình,rìchéng,议事日程,chương trình nghị sự hằng ngày.
相等,bằng,xiāngděng,这两个数相等。,hai số này bằng nhau
阵容,"đội hình, đội ngũ",zhènróng,阵容整齐,thế trận chỉnh tề
变质,"biến chất, hư hỏng",biànzhí,蜕化变质分子。,phần tử thoái hoá biến chất
错误,"lỗi, sai lầm",cuòwù,错误思想。,tư tưởng lệch lạc.
荒唐,"hoang đường, vô lý",huāngtáng,荒唐之言,lời nói hoang đường
委员,ủy viên,wěiyuán,,
腿,chân,tuǐ,大腿,đùi
脾气,"tính tình, thính cách",píqì,她的脾气很好，从来不急躁。,"tính của cô ấy rất hay, chẳng bao giờ nóng nảy."
共和国,nước cộng hòa,gònghéguó,,
诧异,ngạc nhiên,chàyì,听了这突如其来的消息，我们都十分诧异。,"nghe được tin bất ngờ này, chúng tôi vô cùng kinh ngạc."
注意,chú ý,zhùyì,注意力,sức chú ý
自己,"tự mình, bản thân",zìjǐ,自己动手，丰衣足食。,tự tay mình làm để có cơm no áo ấm.
起初,lúc đầu,qǐchū,起初我不同意他这种做法， 后来才觉得他这样做是有道理的。,"lúc đầu tôi không đồng ý với cách làm này, về sau mới cảm thấy anh ấy làm như vậy là có lí."
细致,tỉ mỉ,xìzhì,工作细致。,làm việc tinh tế tỉ mỉ.
提高,"tăng lên, nâng cao",tígāo,提高水位,nâng cao mực nước
名副其实,đúng sự thật,míngfùqíshí,,
崩溃,"tan vỡ, sụp đổ",bēngkuì,,
集合,tập hợp,jíhé,民兵已经在村前集合了。,dân quân đã tập hợp ở đầu làng rồi.
翼,cánh,yì,两翼 阵地,trận địa ở hai cánh
网络,mạng,wǎngluò,,
镇压,"đàn áp, trấn áp",zhènyā,镇压反革命,đàn áp bọn phản cách mạng
塔,tháp,tǎ,宝塔,bảo tháp
频率,tần số,pínlǜ,,
卫生间,nhà vệ sinh,wèishēngjiān,,
吃惊,ngạc nhiên,chījīng,吃惊受怕。,giật mình sợ hãi.
辨认,"nhận rõ, phân biệt",biànrèn,辨认面貌。,nhận mặt
谢绝,"từ chối khéo, khước từ, xin miễn",xièjué,谢绝参观。,xin miễn tham quan.
头发,tóc,tóufǎ,,
亭子,cái đình,tíngzi,,
销售,bán hàng,xiāoshòu,,
饱,"no, đầy",bǎo,我饱 了，一点也吃不下了,"tôi no rồi, không ăn thêm được chút nào nữa đâu"
膜,màng,mó,耳膜。,màng nhĩ.
严肃,nghiêm túc,yánsù,他是个很严肃的人，从来不苟言笑。,"anh ấy là một con người rất nghiêm, xưa nay không nói cười tuỳ tiện bao giờ."
习俗,tập tục,xísú,民间习俗,tập tục dân gian
追究,"truy cứu, truy vấn",zhuījiù,追究原由,truy xét nguyên do; tìm hiểu nguyên do.
台风,bão,táifēng,,
观念,quan niệm,guānniàn,破除旧的传统观念。,bỏ quan niệm truyền thống cũ.
扩散,"khuếch tán, lan rộng",kuòsàn,扩散影响。,ảnh hưởng lan rộng.
收益,"lợi nhuận, thu lợi",shōuyì,,
向导,hướng dẫn,xiàngdǎo,革命党是群众的向导。,người dẫn đường của nhân dân là Đảng Cách Mạng.
共计,"tổng cộng, tính gộp",gòngjì,共计三千万元,tổng cộng 30.000.000 đồng.
方案,"kế hoạch, phương án",fāng'àn,教学方案,kế hoạch dạy học.
寓言,truyện ngụ ngôn,yùyán,,
尸体,"thi thể, tử thi",shītǐ,,
给,đưa cho,gěi,叔叔给他一支笔。,chú cho nó một cây viết.
利息,"lãi, lợi tức",lìxí,定期存款的利息是多少?,Lãi định kỳ là bao nhiêu?
演绎,diễn dịch,yǎnyì,,
乌黑,đen thui,wūhēi,,
枪,súng,qiāng,打枪。,làm bài thi hộ.
匪徒,"kẻ cướp, đạo tặc",fěitú,财物被匪徒抢劫一空。,tài sản bị cướp sạch.
修建,xây dựng,xiūjiàn,修建铁路。,thi công đường sắt
走私,buôn lậu,zǒusī,走私毒品,buôn lậu chất có hại.
拘束,"hạn chế, hà khắc, cưỡng ép",jūshù,不要拘束孩子的正当活动。,đừng nên gò bó những hoạt động chính đáng của trẻ thơ.
格外,đặc biệt,géwài,久别重逢，大家格外亲热。,"lâu ngày mới gặp, mọi người vô cùng nồng nhiệt."
检讨,"kiểm điểm, kiểm thảo",jiǎn tǎo,工作检讨。,kiểm điểm công tác.
高超,"cao siêu, tuyệt vời",gāochāo,见解高超,kiến giải cao siêu
转移,thay đổi vị trí,zhuǎnyí,转移阵地,chuyển trận địa
行人,người đi bộ,xíngrén,,
定期,"theo kỳ hạn, định kỳ",dìngqí,定期召开代表大会。,định ngày họp đại hội đại biểu.
盛行,thịnh hành,shèngxíng,盛行一时。,một thời thịnh hành.
家乡,quê nhà,jiāxiāng,,
评估,đánh giá,pínggū,,
冬,mùa đông,dōng,隆冬,mùa đông rét đậm
蜜蜂,con ong mật,mìfēng,,
惯例,"lệ cũ, cách làm thường lệ",guànlì,打破惯例,phá bỏ lệ cũ
彩虹,cầu vồng,cǎihóng,,
照常,như thường lệ,zhàocháng,照常工作,công việc như thường
数据,dữ liệu,shùjù,,
法院,tòa án,fǎyuàn,,
来自,đến từ,láizì,,
跌,"ngã, té, rơi",diē,跌跤,ngã; té
断,"cắt đứt, ngắt",duàn,割断,cắt đứt
派,"phái đi, cắt cử",pài,党派。,đảng phái.
碎,nghiền nát,suì,粉碎。,vỡ tan.
哎哟,"ôi, ôi chao",āiyō,哎哟!都十二点了,ấy chết! đã mười hai giờ rồi
狡猾,láu lỉnh,jiǎohuá,,
运动,vận động,yùndòng,田径运动,hoạt động điền kinh
义务,ngĩa vụ,yìwù,我们有义务帮助学习较差的同学。,chúng tôi có nhiệm vụ giúp đỡ các bạn học yếu.
想象,tưởng tượng,xiǎngxiàng,不难想象。,dễ dàng tưởng tượng.
合适,thích hợp,héshì,这双鞋你穿着正合适。,đôi giày này anh mang rất vừa.
判断,phán đoán,pànduàn,你判断得很正确。,anh nhận định rất đúng.
清晰,"rõ ràng, rõ rệt",qīngxī,发音清晰。,phát âm rõ ràng.
猖狂,"ngang ngược, điên cuồn",chāngkuáng,,
顿时,"ngay, liền, tức khắc",dùnshí,喜讯传来，人们顿时欢呼起来。,tin vui truyền đến mọi người liền hoan hô.
组织,tổ chức,zǔzhī,组织人力,tổ chức nhân lực
新郎,"tân lang, chú rể",xīnláng,,
八,"số tám, tám",bā,八 月革命。,Cách mạng tháng Tám
毛,lông,máo,羽毛。,lông vũ.
反感,"ác cảm, bất mãn",fǎngǎn,你这样说话容易引起他们的反感。,lời anh nói dễ gây ác cảm với họ.
艰难,"khó khăn, gian nan",jiānnán,行动艰难。,hành động khó khăn.
居住,"cư chú, sống",jūzhù,他家一直居住在北京。,nhà anh ấy xưa nay vẫn ở Bắc Kinh.
馒头,"màn thầu, bánh bao không nhân",mántou,,
陆续,lần lượt,lù xù,来宾陆续地到了。,khách khứa đã lục tục kéo tới.
呼吸,"thở, hô hấp",hūxī,,
乘坐,"ngồi, đi (phương tiện)",chéngzuò,,
电台,trạm phát sóng,diàntái,,
反应,phản ứng,fǎnyìng,热核反应,phản ứng nhiệt hạch
登机牌,thẻ lên máy bay,dēng jī pái,,
交,"giao, đưa",jiāo,交活。,nộp sản phẩm.
生理,sinh lý,shēnglǐ,生理特点。,đặc điểm sinh lí.
累,mệt nhọc,lèi,日积月累。,tích góp từng ngày từng tháng; ngày tháng tích luỹ.
厘米,"cm, centimet",límǐ,,
独特,độc đáo,dútè,风格独特,phong cách đặc biệt
划船,chèo thuyền,huáchuán,,
制止,"ngăn cấm, chặn đứng",zhìzhǐ,制止侵略,ngăn chặn xâm lược
等,đợi,děng,同等,đồng đẳng; cùng cấp bậc; đồng hạng.
图案,"hoa văn, đồ án, hình vẽ",tú'àn,,
养成,tạo thành,yǎng chéng,,
建立,thiết lập,jiànlì,建立新的工业基地。,xây dựng khu vực công nghiệp mới.
深情厚谊,tình bạn thân thiết,shēnqíng hòuyì,,
棉花,bông,miánhuā,,
雪上加霜,"hết khổ này đến khổ khác, liên tiếp gặp nạn",xuěshàngjiāshuāng,,
看不起,coi thường,kànbùqǐ,别看不起这本小字典，它真能帮助我们解决问题。,"đừng xem thường quyển tự điển nhỏ này, nó có thể giúp chúng ta giải quyết vấn đề đấy."
回顾,"nhìn lại, hồi tưởng",huígù,回顾过去，瞻望未来。,"nhìn lại quá khứ, nhìn về tương lai."
况且,"vả lại, hơn nữa",kuàngqiě,上海地方那么大，況且你又 不知道他的地址，一 下子怎么 能找到他呢?,"đất Thượng Hải rộng lớn như thế, hơn nữa bạn lại không biết địa chỉ, thì làm sao trong chốc lát tìm thấy anh ấy được."
意向,"mục đích, ý đồ",yìxiàng,意向不明,mục đích không rõ ràng
信封,phong bì,xìnfēng,,
寺庙,đền chùa,sìmiào,,
放暑假,nghỉ hè,fàng shǔjià,,
灭亡,chết,mièwáng,,
阴谋,âm mưu,yīnmóu,阴谋暴乱,ngấm ngầm làm loạn
解体,giải thể,jiětǐ,外国资本主义的侵入，曾对中国的封建经济起了解体的作用。,sự xâm nhập của chủ nghĩa tư bản nước ngoài càng có tác dụng làm tan rã nền kinh tế phong kiến của Trung Quốc.
万分,vô cùng,wànfēn,万分高兴。,muôn phần vui sướng.
近,gần,jìn,近郊。,vùng ngoại thành.
眯,chợp mắt,mī,眯缝。,híp mắt lại.
武术,võ thuật,wǔshù,,
角落,"góc, xó xỉnh",jiǎoluò,院子的一个角落长着一棵桃树。,một cây đào mọc ở góc vườn.
水平,trình độ,shuǐpíng,加强学习，提高政治思想水平和业务水平。,"tăng cường học tập, nâng cao trình độ tư tưởng và trình độ nghiệp vụ."
弱,yếu,ruò,软弱。,đuối sức; yếu đuối.
摄影,nhiếp ảnh,shèyǐng,,
锋利,"sắc, nhọn, bén, sắc sảo",fēnglì,锋利的匕首,đoản kiếm sắc bén; lưỡi lê sắc bén.
相似,giống,xiāngsì,这两个人年貌相似。,hai người này tuổi tác và dung mạo giống nhau.
无精打采,"phờ phạc, mặt ủ mayd chau,rũ rượi",wújīngdǎcǎi,他无精打采地坐在地下，低着头，不吱声。,"anh ấy buồn bã ngồi bệt dưới đất mặt ủ mày chau, cúi đầu lặng lẽ không nói một lời."
战斗,"chiến đấu, đánh nhau",zhàndòu,战斗力,sức chiến đấu
周期,chu kỳ,zhōuqí,,
交往,"giao du, quan hệ qua lại",jiāowǎng,我跟他没有交往。,tôi và anh ấy không có mối quan hệ qua lại với nhau.
吊,treo,diào,门前吊着两盏红灯。,trước cửa treo hai ngọn đèn đỏ.
排斥,"bài xích, bài bác",páichì,排斥异己。,bài xích những người không ăn cánh.
卫星,vệ tinh,wèixīng,卫星城市,thành phố vệ tinh
波涛汹涌,sóng cuộn trào dâng,bōtāoxiōngyǒng,,
乙,"thứ hai, ất, B",yǐ,,
完备,hoàn toàn,wánbèi,工具完备。,công cụ
公斤,kilogam,gōngjīn,,
枝,"cành, nhánh,ngành",zhī,树枝,cành cây; nhành cây
口,miệng,kǒu,口轻。,ăn nhạt.
同学,bạn học,tóngxué,我们自幼同学。,chúng tôi học chung từ bé.
亚军,á quân,yàjūn,,
股东,"cổ đông, người góp vốn",gǔdōng,,
随身,"tuùy thân, di động",suíshēn,,
适宜,"thủ tục, công việc",shìyí,浓淡适宜。,đậm nhạt vừa phải.
现象,hiện tượng,xiànxiàng,社会生活现象。,Những hiện tượng trong cuộc sống xã hội.
讨价还价,"mặc cả, trả giá",tǎojiàhuánjià,,
聋哑,người câm điếc,lóng yǎ,,
成绩,"thành tựu, thành tích",chéngjī,学习成绩。,thành tích học tập.
现成,"có sẵn, vốn có",xiànchéng,现成儿饭。,cơm đã có sẵn
香,thơm,xiāng,香 水。,nước hoa; dầu thơm
干,làm,gàn,干犯,can phạm
欠,nợ,qiàn,欠伸。,ngáp và vươn vai.
船舶,thuyền bè,chuánbó,,
防疫,phòng dịch,fángyì,防疫针,tiêm phòng dịch
严密,"chặt chẽ, kín đáo",yánmì,瓶子盖得很严密。,bình đậy rất kín
与其,thà... Còn hơn,yǔqí,与其坐车，不如坐船。,thà đi tàu còn hơn đi xe.
装,"hóa trang, trang phục",zhuāng,装饰,trang sức
再三,"nhiều lần, hết lần này tới lần khác",zài sān,再三再四,ba bốn lần; nhiều lần
信息,thông tin,xìnxī,,
系领带,thắt cà vạt,xì lǐngdài,,
也许,có lẽ,yěxǔ,你仔细找一找，也许能找到。,"anh tìm kỹ đi, biết đâu có thể tìm được."
证书,giấy chứng nhận,zhèngshū,结婚证书,giấy chứng nhận kết hôn; giấy đăng ký kết hôn.
溶解,hòa tan,róngjiě,,
披,"khoác, choàng",pī,披着斗篷。,khoác áo tơi.
提纲,đề cương,tígāng,发言提纲,đề cương phát biểu
人事,nhân sự,rénshì,人事科。,phòng nhân sự.
悲哀,"bi ai, đau buồn",bēi'āi,一种幻灭似的悲哀，抓住了他的心灵。,một nỗi thương tâm nát tan xiết lấy tâm hồn anh.
问题,vến đề,wèntí,这次考试一共有五个问题。,lần thi này có tất cả năm đề.
探索,khám phá,tànsuǒ,探索人生道路,tìm kiếm con đường nhân sinh
理解,hiểu,lǐjiě,互相理解。,hiểu nhau.
片,tấm,piàn,布片儿。,tấm vải.
威胁,"đe dọa, uy hiếp",wēixié,威胁利诱,đe doạ dụ dỗ
黑,dđan,hēi,黑板,bảng đen
和,và,hé,温和,ôn hoà
号召,"hiệu triệu, kêu gọi",hàozhào,响应号召,hưởng ứng lời kêu gọi
博物馆,viện bảo tàng,bówùguǎn,,
陶瓷,đồ gốm,táocí,,
平均,bình quân,píngjūn,二十筐梨重一千八百斤，平均每筐重九十斤。,"hai chục sọt lê nặng 1800 cân, trung bình mỗi sọt nặng 90 cân."
支,"đội, đơn vị (bản, bài cây, cán)",zhī,支帐篷。,chống lều
中文,tiếng Trung,zhōngwén,汉语是指口讲、耳听的语言，中文还包括阅读和书写的内容。,"Hán ngữ chỉ ngôn ngữ miệng nói tai nghe, Trung văn còn bao gồm nội dung đọc và viết."
做主,"làm chủ, quyết định",zuòzhǔ,当家做主,quyết định việc nhà.
说服,thuyết phục,shuōfú,,
卧室,phòng ngủ,wòshì,,
务实,"cụ thể, phải thiết thực",wùshí,,
无微不至,tỉ mỉ,wúwēibùzhì,小杨无微不至地照顾瘫痪的妻子。,Tiểu Dương chăm sóc người vợ bại liệt tỉ mỉ chu đáo.
拍,"đập, vỗ, phủi",pāi,拍球。,đập bóng.
怠慢,"lãnh đạm, thờ ơ, lạnh nhạt",dàimàn,不要怠慢了客人。,không nên lãnh đạm với khách.
可爱,dễ thương,kě'ài,孩子活泼。,đứa trẻ hoạt bát đáng yêu.
奋斗,phấn đấu,fèndòu,艰苦奋斗,gian khổ phấn đấu
默默,âm thầm,mòmò,默默无言。,lặng lẽ không nói lời nào.
刊物,"sách báo, báo chí",kānwù,定期刊物。,tập san định kỳ.
上当,bị lừa,shàngdàng,,
然而,tuy nhiên,rán'ér,他虽然失败了很多次，然而并不灰心。,"mặc dù anh ấy đã thất bại nhiều lần, nhưng mà anh ấy hoàn toàn không nản lòng."
全局,tình hình chung,quánjú,胸怀全局。,suy nghĩ cho toàn cuộc.
窄,hẹp,zhǎi,狭窄,chật hẹp
得力,được lợi,délì,得力于平时的勤学苦练。,hiệu quả từ việc học hành chăm chỉ hàng ngày.
无偿,"không trả giá, không hoàn lại",wúcháng,无偿援助。,viện trợ không hoàn lại; viện trợ cho không.
沮丧,"ủ rũ, chán",jǔsàng,沮丧敌人的精神。,làm cho địch quân xuống tinh thần.
天生,trời sinh,tiānshēng,天生的一对,một cặp trời sinh; xứng đôi vừa lứa.
乐意,"vui lòng, tự nguyện",lèyì,这件事只要你乐意办，保险办得好。,"chuyện này chỉ có bạn vui lòng làm, bảo đảm sẽ làm rất tốt."
你,"bạn, anh",nǐ,你校。,trường anh; trường các anh.
笼罩,bao phủ,lóngzhào,晨雾笼罩在湖面上。,sương mù bao phủ mặt hồ.
收拾,"thu dọn, sửa chữa",shōushí,收拾残局。,thu dọn tàn cục.
玻璃,thủy tinh,bōlí,有机玻璃。,kính hữu cơ
欺骗,lừa dối,qīpiàn,欺骗世界舆论。,Đánh lừa dư luận thế giới.
对策,biện pháp đối phó,duìcè,商量对策,thương lượng đối sách
敌视,"căm thù, coi như kẻ thù",díshì,互相敌视,coi nhau như kẻ thù
警察,cảnh sát,jǐngchá,,
固然,"tất nhiên, cố nhiên",gùrán,这样办固然稳当，但是太费事，怕缓不济急。,"làm như thế dĩ nhiên là chắc chắn nhất, nhưng phí công quá, e không giải quyết kịp thời công việc."
领土,lãnh thổ,lǐngtǔ,保卫国家的领土完整。,Bảo vệ toàn vẹn lãnh thổ của đất nước.
出色,xuất sắc,chūsè,他们出色地完成了任务。,họ đã hoàn thành xuất sắc nhiệm vụ.
破,"hỏng, vỡ, bể",pò,破烂。,vỡ nát.
高涨,"dâng cao, tăng vọt",gāozhàng,,
储存,,chúcún,,
官方,chính thức,guānfāng,官方消息,tin chính thức; tin tức phía chính phủ
凡是,"phàm là, hẽ là",fánshì,凡是新生的事物总是在同旧事物的斗争中成长起来的。,phàm là những cái mới bao giờ cũng lớn lên trong cuộc đấu tranh chống lại cái cũ.
共鸣,cộng hưởng,gòngmíng,诗人的爱国主义思想感染了读者，引起了他们的共鸣。,tư tưởng yêu nước của nhà thơ đã truyền cho người đọc và gây nên sự đồng cảm giữa họ.
滚,"lăn, lộn, cút xéo",gǔn,荷叶上滚着亮晶晶的水珠。,những giọt nước long lanh lăn trên tàu lá sen.
身材,"vóc dáng, dáng người",shēncái,身材高大。,vóc dáng cao to.
离婚,ly dị,líhūn,,
民用,"dân dụng, dân sự",mínyòng,民用航空。,hàng không dân dụng.
眼光,thị lực,yǎnguāng,大家的眼光都集中到他身上。,ánh mắt của mọi người đều đổ dồn vào nó
不,không,bù,不去,không đi
寄托,"gửi gắm,ký thác",jìtuō,把孩子寄托在邻居家里。,gởi nhờ con bên nhà hàng xóm.
抓紧,"nắm chắc, nắm vững",zhuājǐn,抓紧时间,nắm chắc thời gian
拦,"ngăn cản, chặn",lán,前面有一个道河拦住了去路。,phía trước có con sông chặn mất đường đi.
就职,nhận chức nhậm chức,jiùzhí,,
泄露,rò rỉ,xièlòu,泄露秘密。,tiết lộ bí mật
环境,môi trường,huánjìng,环境优美,cảnh vật chung quanh tươi đẹp
歪曲,xuyên tạc,wāiqū,,
鼓励,khuyến khích,gǔlì,车间主任鼓励大家努力完成增产指标。,chủ nhiệm phân xưởng khuyến khích mọi người nỗ lực hoàn thành chỉ tiêu tăng gia sản xuất.
关心,quan tâm,guānxīn,关心群众生活,quan tâm đến đời sống nhân dân.
隐约,"lờ mờ, láng máng",yǐnyuē,远处的高楼大厦隐约可见。,những toà nhà cao tầng thấp thoáng ở nơi xa.
世界观,thế giới quan,shìjièguān,,
亲身,"bản thân, tự mình",qīnshēn,这些都是我亲身经历的事。,những việc này đều là những việc mà bản thân tôi đã trải qua.
焦点,tiêu điểm,jiāodiǎn,争论的焦点。,điểm tập trung tranh luận.
党,đảng,dǎng,党章,điều lệ Đảng
升,lít,shēng,上升。,lên cao.
搭档,"người hợp tác, cộng tác",dādàng,我们两个人搭档吧。,hai chúng ta cộng tác với nhau nhé!
齐心协力,đồng tâm hiệp lực,qíxīn xiélì,,
堆,"tích tụ, chồng chất",duī,粮食堆满仓，果子堆成山。,"lương thực chất đầy kho, hoa quả chất cao như núi."
开朗,"rộng rãi, thoáng mát, sáng sủa",kāilǎng,胸怀开朗，精神焕发。,"trong lòng thoải mái, tinh thần phấn chấn."
朝气蓬勃,hăng hái bồng bột như  khí thế ban mai,zhāoqì péngbó,,
冤枉,"bị oan, chịu oan",yuānwang,冤枉官司,bị oan kiện cáo
质量,chất lượng,zhìliàng,工程质量,chất lượng công trình.
层次,"trình tự, cấp độ",céngcì,层次清楚。,có lớp lang rõ ràng; có trình tự mạch lạc; đâu ra đó
管理,quản lý,guǎnlǐ,管理财务,quản lý tài vụ
讲座,tọa đàm.báo cáo,jiǎngzuò,汉语拼音讲座。,toạ đàm về phiên âm Hán Ngữ.
真正,"chân chính, thật sự",zhēnzhèng,群众是真正的英雄。,quần chúng chính là anh hùng chân chính.
报社,"tòa soạn, tòa báo",bàoshè,,
或许,hoặc,huòxǔ,他没来，或许是病了。,"anh ấy không đến, có lẽ bị bệnh rồi."
乖,"tốt,ngoan",guāi,小宝很乖，阿姨都喜欢他。,"tiểu Bảo rất ngoan, các dì đều rất thích nó."
本质,bản chất,běnzhí,事物本质。,bản chất của sự vật
打算,"dự định, có ý định",dǎsuàn,通盘打算,tính toán mọi mặt; tính toán đầy đủ.
开幕式,lễ khai mạc,kāimù shì,,
因素,nhân tố,yīnsù,学习先进经验是提高生产的重要因素之一。,học tập kinh nghiệm tiên tiến là một trong những nhân tố quan trọng nâng cao năng suất sản xuất.
频道,kênh,píndào,,
旗袍,áo dài,qípáo,,
橙,trái cam,chéng,,
当心,"cẩn thận, coi chừng",dāngxīn,慢点儿走，当心地上滑。,"đi chậm thôi, coi chừng đường trơn."
采访,"săn tin, phỏng vấn",cǎifǎng,采访新闻。,săn tin
当面,trước mặt,dāngmiàn,当面对质,đối chất nhau
惊奇,"kinh ngạc,lấy làm lạ",jīngqí,,
要不,nếu không thì,yào bù,从上海到武汉，可以搭长江轮船，要不绕道坐火车也行。,"từ Thượng Hải đi Vũ Hán, có thể đi bằng tàu thuỷ sông Trường Giang, nếu không thì đi xe lửa vòng cũng được."
误差,lỗi,wùchā,相对误差,sai số tương đối
道德,đạo đức,dàodé,,
符号,ký hiệu,fúhào,标点符号,dấu chấm câu
拼搏,đấu tranh,pīnbó,,
治理,"thống trị, quản lý",zhìlǐ,治理国家,quản lý nhà nước; quản lý đất nước.
达到,"đến, đạt được",dádào,达得到。,đạt được
留念,"lưu niệm, kỷ niệm",liúniàn,合影留念。,ảnh chụp chung giữ làm lưu niệm.
蹬,"đạp, giẫm",dēng,蹬水车,đạp guồng nước
甩,"quăng, ném",shuǎi,甩胳膊。,vung cánh tay.
移动,di động,yídòng,冷空气正向南移动。,không khí lạnh đang di chuyển về hướng nam.
利润,lợi nhuận,lìrùn,,
支出,chi tiêu,zhīchū,尽量控制非生产性的支出。,ra sức khống chế khoản chi mang tính chất phi sản xuất.
媒体,truyền thông,méitǐ,,
主张,chủ trương,zhǔzhāng,他主张马上动身。,anh ấy cho rằng cần phải đi ngay.
不言而喻,không nói cũng rõ,bù yán ér yù,,
时期,thời kỳ,shíqí,抗日战争时期。,thời kỳ chiến tranh kháng Nhật.
会计,kế toán,kuàijì,,
效益,lợi ích,xiàoyì,经济效益。,lợi ích kinh tế.
翻,"xoay, lật, trở mình",fān,推翻,lật đổ
乡镇,làng và thị trấn,xiāngzhèn,,
派遣,"cử, phái, điều động",pàiqiǎn,派遣代表团访问各友好国家。,cử đoàn đại biểu đi thăm viếng các nước bằng hữu.
年度,năm,niándù,会计年度。,kế toán hằng năm.
备份,"dành riêng, dành trước",bèifèn,,
类似,"na ná, tương tự, giống",lèisì,找出犯错误的原因，避免再犯类似的错误。,"tìm ra nguyên nhân của sự sai lầm, để tránh những sai lầm tương tự."
公正,"công chính, công bằng chính trực",gōngzhèng,公正的评价,đánh giá công bằng
检验,"kiểm nghiệm, kiểm tra",jiǎnyàn,检验汽车机件。,kiểm tra máy xe hơi.
觉得,"nghĩ rằng, cảm thấy",juédé,游兴很浓，一点也不觉得疲倦。,"say mê vui chơi, không một chút gì cảm thấy mỏi mệt."
废话,lời vô ích,fèihuà,废话连篇,toàn những lời nói nhảm.
人为,con người làm ra,rénwéi,人为的障碍。,trở ngại do con người tạo nên.
报酬,thù lao,bàochóu,,
肚子,bụng,dùzi,猪肚子,món bao tử lợn
壶,"bình, ấm",hú,茶壶,ấm trà
工夫,thời gian,gōngfū,他三天工夫就学会了游泳。,nó học ba ngày là biết bơi.
老板,ông chủ,lǎobǎn,,
极其,"cực kỳ, vô cùng",jíqí,劳动是极其光荣的事情。,lao động là việc làm vô cùng vẻ vang.
曲折,"quanh co, khúc khuỷu, xảo tra, ngoằn ngèo",qūzhé,沿着池塘有一条曲折的小路。,men theo bờ ao có một con đường nhỏ ngoằn ngoèo.
侦探,trinh thám,zhēntàn,侦探小说,tiểu thuyết trinh thám.
企图,"mưu đồ, ý đồ",qìtú,敌军逃跑的企图，没有得逞。,mưu đồ chạy trốn của quân địch đã không thực hiện được.
慷慨,"hào phóng, hùng hồn",kāngkǎi,慷慨陈词。,thuyết trình hùng hồn.
粉碎,"vỡ nát, vỡ tan tành",fěnsuì,粉碎性骨折,xương gãy nát
活跃,"sống động, hoạt bát",huóyuè,他是文体活跃分子。,anh ấy là người hoạt động văn thể sôi nổi.
心眼儿,"nội tâm, trong lòng",xīnyǎn er,大妈看到这未来的儿媳妇，打心眼儿里高兴。,"bà mẹ nhìn thấy cô con dâu tương lai, trong lòng cảm thấy vui mừng."
薄,mỏng,báo,薄 板,ván mỏng
个体,"cá thể, cá nhân, đơn lẻ",gètǐ,,
顺序,trật tự,shùnxù,顺序前进。,tiến lên theo thứ tự.
塑料袋,túi nhựa,sùliào dài,,
开阔,"mở mang, mở rộng",kāikuò,开阔的广场。,quảng trường rộng lớn.
生病,"ốm, bệnh",shēngbìng,,
对立,sự đối lập,duìlì,对立面,mặt đối lập; các mặt đối lập
宁愿,"thà, thà rằng",nìngyuàn,宁愿牺牲，也不退却。,thà hy sinh chứ không chịu rút lui.
乐谱,"bản nhạc, nhạc phổ",yuèpǔ,,
痕迹,"vết tích, dấu vết",hénjī,车轮的痕迹。,vết bánh xe
挥,vẫy,huī,挥手,vung tay; khua tay; vẫy tay.
正式,chính thức,zhèngshì,正式比赛,thi đấu chính thức
声明,"tuyên bố, thanh minh",shēngmíng,,
沉着,"bình tĩnh, vững vàng",chénzhuó,沉着指挥。,bình tĩnh chỉ huy.
引起,"dẫn đến, dẫn tới, gây lên",yǐnqǐ,引起注意,gây sự chú ý; gợi sự chú ý.
牛仔裤,quần jean,niúzǎikù,,
消灭,"tiêu diệt, diệt vong",xiāomiè,许多古生物早已经消灭了。,rất nhiều sinh vật cổ đã bị diệt vong từ lâu.
好奇,hiếu kỳ,hàoqí,好奇心,tính hiếu kỳ
威信,uy rín,wēixìn,威信扫地,mất uy tín
先前,"trước, trước kia",xiānqián,吃饭以前要洗手。,trước khi ăn cơm phải rửa tay (trong câu này không thể dùng '先前').
醉,"say rượu, bia",zuì,醉汉,người say; thằng say; tên say; kẻ say
慌张,"hoang mang, rối loạn",huāngzhāng,神色慌张,thần sắc hoảng hốt; nét mặt hoảng hốt.
效果,hiệu quả,xiàoguǒ,,
品行,hạnh kiểm,pǐnxíng,品行端正。,phẩm hạnh đứng đắn.
包袱,gánh nặng,bāofu,思想包袱,gánh nặng về tư tưởng
窝,"tổ, ổ",wō,鸟窝,tổ chim; ổ chim
经营,kinh doanh,jīngyíng,经营农业。,kinh doanh nông nghiệp.
照相机,máy chụp ảnh,zhàoxiàngjī,,
到处,khắp nơi,dàochù,祖国到处是欣欣向荣的景象。,tổ quốc đâu đâu cũng phồn vinh.
纯粹,"tinh khiết, thuần khiết",chúncuì,陶器是用比较纯粹的黏土制成的。,đồ gốm được làm bằng đất sét tương đối thuần chất.
年龄,tuổi,niánlíng,,
发誓,thề,fāshì,指天发誓,giơ tay xin thề
发达,phát triển,fādá,肌肉发达,cơ bắp phát triển
适应,thích ứng,shìyìng,,
到底,cuối cùng,dàodǐ,一竿子到底,trực tiếp quán triệt đến cùng.
宁可,thà rằng,nìngkě,与其在这儿等车，宁可走着去。,ở đây đợi xe thì thà rằng đi bộ còn hơn.
舅舅,cậu,jiùjiu,,
井,"giếng, hầm, lò",jǐng,水井。,giếng nước.
隐瞒,che giấu,yǐnmán,隐瞒错误,che giấu sai lầm
做生意,"kinh doanh, buôn bán",zuò shēngyì,,
口头,"ngoài miệng, đầu lưỡi",kǒutóu,他只是口头上答应你。,anh ấy chỉ đồng ý với bạn ngoài miệng mà thôi.
幅,bức (tranh),fú,幅面,khổ vải
仿佛,"hình như, dường như",fǎngfú,他干起活来仿佛不知道什么是疲倦。,anh ấy mỗi khi làm việc dường như không biết đến mệt nhọc là gì.
破坏,phá hoại,pòhuài,破坏桥梁。,phá cầu.
喜欢,thích,xǐhuān,喜喜欢欢过春节。,ăn tết vui vẻ.
识别,phân biệt,shìbié,识别真伪.,phân biệt thật giả。
岛,đảo,dǎo,,
不得已,"bất đắc dĩ,bắt buộc phải",bùdéyǐ,万不得已,vạn bất đắc dĩ
稻谷,lúa,dàogǔ,,
被子,cái chăn,bèizi,,
成本,chi phí,chéngběn,,
色彩,màu,sècǎi,色彩鲜明。,màu sắc tươi sáng.
师傅,"thầy dạy, thợ cả",shīfu,老师傅。,bác thợ cả.
展览,triển lãm,zhǎnlǎn,展览馆,phòng triển lãm; nhà triển lãm
省,tỉnh,shěng,省钱。,tiết kiệm tiền.
光辉,"chói lọi, rực rỡ",guānghuī,太阳的光辉,ánh sáng mặt trời chói chang.
财产,tài sản,cáichǎn,国家财产,tài sản quốc gia
田野,đồng ruộng,tiányě,田野上一片碧绿。,trên cánh đồng trải dài một màu xanh ngắt.
严重,nghiêm trọng,yánzhòng,病情严重,bệnh tình nghiêm trọng
茶,trà,chá,面茶 。,món mì bột nấu đặc.
称心如意,vừa lòng đẹp ý,chènxīn rúyì,,
演出,"diễn xuất, buổi diễn",yǎnchū,,
抱怨,"oán hận, phàn nàn",bàoyuàn,这只能怪自己，不能抱怨别人,"việc này cô chỉ có thể trách mình, chứ không thể oán trách người khác được."
课题,"tên bài, đầu đề",kètí,科研课题。,môn khoa học nghiên cứu.
简陋,"thô sơ, sơ sài",jiǎnlòu,,
支票,chi phiếu,zhīpiào,我要把这张旅行支票换成现金。,Tôi muốn đổi tờ séc du lịch này thành tiền mặt.
反映,phản ánh,fǎnyìng,这部小说反映了现实的生活和斗争。,bộ tiểu thuyết này phản ánh cuộc sống và đấu tranh hiện thực.
家常,"việc thường ngày, chuyện nhà",jiācháng,家常话。,nói chuyện nhà.
折磨,"dằn vặt, giày vò",zhémó,受折磨,bị hành hạ
采取,"lấy, áp dụng",cǎiqǔ,采取紧急措施。,áp dụng biện pháp khẩn cấp
患者,người bị bệnh,huànzhě,肺结核患者,người bị bệnh lao phổi
去年,năm ngoái,qùnián,,
投资,đầu tư,tóuzī,投资一百万元,đầu tư 1.000.000 đồng
值班,"trực ban, ca trực",zhíbān,,
显得,"lộ ra, hiện ra, tỏ ra",xiǎnde,节日的天安门显得更加壮丽。,Thiên An Môn vào những ngày lễ càng thêm tráng lệ。
掉,rơi,diào,掉眼泪,rơi nước mắt
规定,quy định,guīdìng,规定产品的质量标准。,quy định tiêu chuẩn chất lượng sản phẩm.
典礼,nghi lễ,diǎnlǐ,,
抬,"giơ lên, khiêng, nhấc",tái,抬手,giơ tay lên
滞留,"ngưng lại, dừng lại",zhìliú,滞留一夜,ngưng lại một đêm
念,"nhỡ, suy nghĩ, đọc",niàn,惦念。,tưởng nhớ.
引导,hướng dẫn,yǐndǎo,主人引导记者参观了几个主要车间。,người chủ hướng dẫn nhà báo đi xem mấy phân xưởng chính.
纠纷,"tranh chấp, bất hòa",jiūfēn,调解纠纷。,hoà giải tranh chấp.
最,nhất,zuì,中国是世界上人口最多的国家。,Trung Quốc là một quốc gia có dân số đông nhất trên thế giới.
答案,câu trả lời,dá'àn,寻求答案,tìm câu trả lời; tìm lời giải.
亿,một trăm triệu,yì,,
摇晃,"đong đưa, lung lay",yáohuàng,,
呕吐,nôn mửa,ǒutù,,
灵魂,linh hồn,línghún,纯结的灵魂。,tâm hồn trong trắng.
丝绸,lụa,sī chóu,,
对比,so sánh,duìbǐ,古今对比,so sánh xưa và nay
恳切,"tha thiết, khẩn thiết",kěnqiè,恳切地希望得 到大家的帮助。,tha thiết hy vọng được sự giúp đỡ của mọi người.
履行,"thuực hiện, thực thi",lǚxíng,履行诺言。,thực hiện lời hứa.
奶奶,bà nội,nǎinai,,
标点,chấm câu,biāodiǎn,,
新陈代谢,"thay cũ đổi mới, chỉ sự phát triển liên tục",xīnchéndàixiè,,
秘密,bí mật,mìmì,秘密文件。,văn kiện bí mật.
对付,"đương đầu, đối phó",duìfù,学了几个月的文化，看信也能对付了。,"học văn hoá mấy tháng, có thể đọc được thư rồi."
揭发,"vạch trần, tố giác, lột trần",jiēfā,揭发罪行。,vạch trần tội lỗi.
电影,phim,diànyǐng,,
局势,"thế cuộc, tình hình",júshì,,
摩擦,"ma sát, sung đột",mócā,,
奔驰,"chạy nhanh, chạy băng băng",bēnchí,列车奔驰。,đoàn tàu chạy băng băng
功能,"công nằn, tác dụng",gōngnéng,功能齐全,có đầy đủ công hiệu.
飞机,máy bay,fēijī,直升飞机,máy bay lên thẳng.
不见得,"chưa chắc, không nhất thiết",bùjiàn dé,这雨不见得下得起来,chưa chắc mưa nổi đâu
怀孕,có thai,huáiyùn,怀孕的妇女。,phụ nữ có mang.
鲜明,tươi sáng,xiānmíng,主题鲜明。,chủ đề nổi bật
吼,"gào lên, gào to",hǒu,牛吼,bò rống
恍然大悟,bỗng nhiên tỉnh ngộ,huǎngrándàwù,,
奉献,"kính dâng, hiến dâng",fèngxiàn,把青春奉献给祖国。,đem tuổi thanh xuân hiến dâng cho tổ quốc.
完成,hoàn thành,wánchéng,论文不久就可以完成。,luận văn không bao lâu nữa sẽ có thể hoàn thành.
镜子,gương,jìngzi,,
煤炭,than đá,méitàn,,
胳膊,cánh tay,gēbo,,
分析,phân tích,fēnxī,化学分析,hoá phân tích
着,đang,zhe,高着儿。,nước cờ cao
任重道远,gánh nặng đường xa,rènzhòngdàoyuǎn,,
阐述,trình bày,chǎnshù,,
小说,tiểu thuyết,xiǎoshuō,,
救济,cứu tế,jiùjì,救济费。,tiền cứu tế.
简单,đơn giản,jiǎndān,情节简单。,tình tiết đơn giản.
记载,"ghi lại, ghi chép",jìzǎi,忠实地记载事实。,ghi chép lại sự việc một cách trung thực.
欢乐,sự vui mừng,huānlè,广场上欢乐的歌声此起彼伏。,tiếng hát trên quảng trường vang lên từng hồi rộn rã.
传播,"truyền bá, phổ biến",chuánbò,传播花粉。,truyền phấn hoa.
相辅相成,bổ trợ cho nhau,xiāngfǔxiāngchéng,,
每,mỗi,měi,把节省下来的每一分钱都用在生产上。,từng đồng xu tiết kiệm đã dùng hết vào trong sản xuất.
正负,tích cực và tiêu cực,zhèng fù,,
柔和,dịu dàng,róuhé,声音柔和。,âm thanh dịu ngọt.
吃亏,"chịu thiệt, bị thiệt hại",chīkuī,决不能让群众吃亏。,quyết không thể để cho quần chúng chịu thiệt.
人,người,rén,男人。,con trai; đàn ông.
若干,"bao nhiêu, một số",ruògān,,
挺,rất,tǐng,笔挺,thẳng; thẳng tắp
领悟,"lĩnh hội, hiểu ý",lǐngwù,我说的那些话， 他好像还未领悟过来。,"tôi nói những lời này, anh ấy dường như chưa hiểu lắm."
第一,đầu tiên,dì yī,他考了第一名。,anh ấy thi đỗ hạng nhất
买,mua,mǎi,买票。,mua vé.
话题,chủ đề,huàtí,话题转了,đã chuyển trọng tâm câu chuyện.
逻辑,logic,luójí,这几句话不合逻辑。,mấy câu nói này không hợp lô-gích.
熄灭,dập tắt,xímiè,,
厨房,nhà bếp,chúfáng,,
问候,thăm hỏi sức khỏe,wènhòu,,
发明,phát minh,fāmíng,发明指南针,phát minh ra kim chỉ nam
爽快,"sảng khoái, dễ chịu",shuǎngkuài,谈了这许多话，心里倒爽快了些。,"nói ra được những điều này, trong lòng thấy nhẹ nhõm một chút."
安全,an toàn,ānquán,安全操作。,thao tác an toàn.
逐渐,dần dần,zhújiàn,影响逐渐扩大,ảnh hưởng dần dần lan rộng.
直,thẳng,zhí,笔直,thẳng tắp
瓶子,"chai,lọ",píngzi,,
专题,"chủ đề đặc biệt,chuyên đề",zhuāntí,专题报告,báo cáo chuyên đề
配偶,"vơ, chồng, phối ngẫu",pèi'ǒu,,
拟定,"định ra, vạch ra",nǐdìng,拟定远景规划。,vạch ra kế hoạch trong tương lai.
大使馆,đại sứ quán,dàshǐ guǎn,越南社会主义共和国驻中国大使馆。,đại sứ quán nước Cộng hoà xã hội chủ nghĩa Việt Nam tại Trung Quốc.
政策,chính sách,zhèngcè,民族政策,chính sách dân tộc
贬低,"chê bai, hạ thấp",biǎndī,,
四,"bốn, số bốn",sì,,
火车站,trạm xe lửa,huǒchē zhàn,,
环节,"mắt xích, phân đoạn, đốt, mấu",huánjié,主要环节,khâu quan trọng
吸收,hấp thụ,xīshōu,海绵吸收水,miếng bọt biển hút nước
泄气,"nhụt chí, nản lòng",xièqì,大家再加把劲儿，别泄气!。,"mọi người phải hăng hái lên nữa, đừng nhụt chí!"
风景,phong cảnh,fēngjǐng,风景区,khu phong cảnh
犬,chó,quǎn,警犬。,chó nghiệp vụ.
虐待,"hành hạ, ngược đãi",nüèdài,,
并列,"dđặt cạnh nhau, đặt ngang nhau",bìngliè,这是并列的两个分句,đây là hai phân câu đồng đẳng
手套,găng tay,shǒutào,,
颇,"rất, tương đối, khá",pō,偏颇。,nghiêng lệch.
昂贵,đắt tiền,ángguì,,
题目,"đề mục, tiêu đề",tímù,考试题目,đề thi
正义,chính nghĩa,zhèngyì,伸张正义,giương cao chính nghĩa
野蛮,dã man,yě mán,,
改革,cải cách,gǎigé,技术改革,cải cách kỹ thuật
马上,ngay lập tức,mǎshàng,快进去吧，电影马上就要开演了。,"vào nhanh lên, phim chiếu liền bây giờ."
影子,"bóng, hình bóng",yǐngzi,树影子,bóng cây
监视,"giám thị, theo dõi",jiānshì,了望哨远远监视着敌人。,chòi gác theo dõi bọn địch từ phía xa.
皆,"toàn là, đều là",jiē,皆大欢喜。,đều vui mừng.
起哄,"đùa bỡn, giỡn cợt",qǐhòng,,
分钟,phút,fēnzhōng,,
删除,xóa bỏ,shānchú,,
过于,"quá chừng, quá đáng",guòyú,过于劳累,quá mệt mỏi
爱护,"yêu quý, bảo vệ",àihù,爱护公物。,bảo vệ của công
涮火锅,lẩu nhúng,shuàn huǒguō,,
奖金,tiền thưởng,jiǎng jīn,,
休息,nghỉ ngơi,xiūxí,走累了，找个地方休息 休息。,"đi mệt rồi, tìm chỗ nào nghỉ ngơi một tý."
深,sâu,shēn,深耕。,thâm canh.
火,lửa,huǒ,火光,ánh lửa
合并,"hợp lại, hợp nhất",hébìng,合并机构,sát nhập cơ quan.
电脑,máy tính,diànnǎo,笔记本电脑,máy tính xách tay
叙述,tự thuật,xù shù,,
作业,bài tập về nhà,zuòyè,课外作业,bài tập ở nhà
卡通,hoạt hình,kǎtōng,,
互相,lẫn nhau,hùxiāng,互相尊重,tôn trọng lẫn nhau
五,"năm, số năm",wǔ,,
数目,số,shùmù,你数好以后，就把数目告诉他。,"sau khi anh đếm xong, báo con số cho anh ấy."
镇静,trấn tĩnh,zhènjìng,故作镇静。,cố làm ra vẻ trấn tĩnh
跟,"với, theo, cùng",gēn,脚后跟,gót chân
彻底,"triệt để, hoàn toàn",chèdǐ,彻底改正错误。,sửa sai rốt ráo.
幼稚,"non nớt, ấu trĩ",yòuzhì,幼稚的想法。,cách suy nghĩ ấu trĩ
资源,taài nguyên,zīyuán,地下资源,nguồn tài nguyên dưới lòng đất
收入,"lợi tức, thu nhập",shōurù,财政收入。,thu nhập tài chánh.
椭圆,hình bầu dục,tuǒyuán,,
股票,cổ phiếu,gǔpiào,,
构思,"ý nghĩ, ý kiến, tư tưởng",gòusī,构思精巧,cấu tứ tinh xảo
辉煌,"huy hoàng, rực rõ, xán lạn",huīhuáng,灯火辉煌,ánh đèn rực rỡ
旧,cũ,jiù,旧时代。,thời đại xưa.
名字,tên,míngzì,,
灾害,"tai họa, thiên tai, tai nạn",zāihài,,
局限,"hạn chế, giới hạn",júxiàn,局限性。,tính hạn chế.
多么,"biết bao, bao nhiêu",duōme,洛阳离 这里有多么远?,Lạc Dương cách đây bao xa?
凹凸,"lồi lõm, gồ ghề",āotú,,
利害,"lợi hại, ghê gớm",lìhài,不计利害。,không tính đến lợi hại.
代理,đại lý,dàilǐ,代理厂长,quyền xưởng trưởng.
步骤,"bước đi, trình tự",bùzhòu,有计划、有步骤地开展工作。,"triển khai công việc có kế hoạch, có trình tự"
名誉,danh dự,míngyù,爱惜名誉。,quý trọng danh dự.
起来,"lên, dậy",qǐlái,你起来，让老太太坐下。,"anh hãy đứng dậy, để bà cụ ngồi."
考验,"khảo nghiệm, thử thách",kǎoyàn,革命战争考验了他。,đấu tranh cách mạng đã thử thách anh ấy.
决心,quyết tâm,juéxīn,决心书。,quyết tâm thư.
祖父,ông nội,zǔfù,,
使,"làm, khiến cho",shǐ,使唤。,sai bảo.
爱戴,"yêu quý, kính yêu",àidài,,
赶快,"nhanh, mau lên",gǎnkuài,时间不早了，我们赶快走吧。,"tối rồi, chúng ta đi nhanh lên."
徒弟,đồ đệ,túdì,,
醋,giấm,cù,醋 意。,ý ghen tuông.
性质,tính chất,xìngzhì,,
难免,là không thể tránh khỏi,nánmiǎn,没有经验，就难免要犯错误。,không có kinh nghiệm thì khó tránh sai lầm.
抢救,giải thoát,qiǎngjiù,抢救伤员。,cấp cứu thương binh.
实事求是,,shíshìqiúshì,,
反动,phản động,fǎndòng,反动阶级,giai cấp phản động
了,rồi,le,这个小组受到了表扬。,tổ này đã được tuyên dương.
材料,vật liệu,cáiliào,不到十年的功夫，种的树全成材料啦。,"không đến mười năm chăm sóc, mà cây trồng đã có thể lấy gỗ được rồi."
发烧,cơn sốt,fāshāo,,
善于,giỏi về,shànyú,善于辞令。,có sở trường về giao thiệp; khéo ăn nói.
总之,"nói chung, tóm lại",zǒngzhī,政治、文化、科学、艺术，总之，一切上层建筑都是跟社会的经济基础分不开的。,"chính trị, văn hóc, khoa học, kỹ thuật, nói chung toàn bộ kiến trúc thượng tầng không thể tách rời khỏi cơ sở nền kinh tế xã hội."
扁,bằng phẳng,biǎn,扁圆,bầu dục
甚至,thậm chí,shènzhì,大院里四十多岁甚至六十多岁的老年人也参加了读报小组。,"trong đại viện, những người già 40 tuổi, thậm chí 60 tuổi cũng tham gia vào tổ đọc báo."
实施,thực hiện,shíshī,,
去,đi,qù,去国。,rời bỏ tổ quốc.
作文,"viết văn,làm văn",zuòwén,作文比赛,thi viết văn
减肥,"giảm béo, giảm cân",jiǎnféi,,
防守,phòng thủ,fángshǒu,防守军事重镇,phòng thủ trấn thành quân sự trọng yếu.
确立,thiết lập,quèlì,确立制度。,xác lập chế độ.
华丽,tráng lệ,huálì,服饰华丽,ăn mặc lộng lẫy.
资本,vốn,zīběn,政治资本,tư sản chính trị
答辩,"bào chữa, biện hộ, biện luận",dábiàn,法庭上允许被告答辩。,toà án cho phép bị cáo tự bào chữa.
测量,đo lường,cèliáng,测量水温。,đo nhiệt độ nước
疾病,"đau ốm, bệnh tật",jíbìng,预防疾病。,phòng bệnh.
谋求,tìm kiếm,móuqiú,谋求解决办法。,tìm kiếm phương pháp giải quyết; tìm cách giải quyết.
内容,nội dung,nèiróng,这次谈话的内容牵涉的面很广。,nội dung của cuộc nói chuyện lần này đề cập đến một khía cạnh rất rộng.
油漆,sơn dầu,yóuqī,把门窗油漆一下。,"quét sơn các cửa sổ, cửa lớn đi."
窗帘,màn,chuānglián,,
名胜古迹,danh lam thắng cảnh,míngshèng gǔjī,,
失败,thất bại,shībài,非正义的战争注定是要失败的。,chiến tranh phi nghĩa nhất định sẽ bị thất bại.
万一,"vạn nhất, ngộ nhỡ",wàn yī,笔墨不能形容其万一。,bút mực không thể nào tả được những phần cực nhỏ.
摔,"ném, rơi",shuāi,摔交。,ngã.
当时,"lúc đó, khi đó",dāngshí,当时不清楚，事后才知道。,"lúc đó không rõ, sau này mới biết."
刮风,nhiều gió,guā fēng,,
节目,tiết mục,jiémù,节目单。,bảng tiết mục.
认为,"cho rằng, nghĩ rằng",rènwéi,我认为他可以担任这项工作。,tôi cho rằng anh ấy có thể đảm nhiệm được công việc này.
重点,troọng điệm,zhòngdiǎn,重点试验区,khu thí nghiệm trọng điểm.
非,không,fēi,是非,phải trái; đúng sai
改进,cải tiến,gǎijìn,改进工作,cải tiến công việc.
某,một số,mǒu,张某。,Trương Mỗ.
迫不及待,không thể chờ đợi,pòbùjídài,,
参加,tham gia,cānjiā,参加工会。,gia nhập công đoàn
使用,"dùng, sử dụng",shǐyòng,使用干部。,sử dụng cán bộ.
得意,"kiêu ngạo, đắc ý",déyì,得意门生,hài lòng về học trò
毫无,không hề,háo wú,,
元,nhân dân tệ,yuán,元始,bắt đầu
挑衅,khiêu khích,tiǎoxìn,武装挑衅,khiêu khích quân sự
长,dài,zhǎng,这条路很长。,con đường này rất dài.
它,"nó (chỉ động vật, thứ đồ)",tā,这杯牛奶你喝了它。,ly sữa này anh uống nó đi.
晋升,"thăng tiến, thăng chức",jìnshēng,,
标题,tiêu đề,biāotí,,
丈夫,chồng,zhàngfū,大丈夫,đại trượng phu
准备,chuẩn bị,zhǔnbèi,精神准备,chuẩn bị tinh thần
统筹兼顾,tính toán mọi bề,tǒngchóu jiāngù,,
成心,"thành tâm, cố ý, cố tình",chéng xīn,,
启程,"khởi hành, lên đường",qǐchéng,明天启程前往广州。,Ngày mai lên đường đi Quảng Châu.
昌盛,"huưng thịnh, hưng vượng",chāngshèng,把祖国建设成为一个繁荣昌盛的社会主义国家。,xây dựng quê hương thành một nước xã hội chủ nghĩa phồn vinh hưng thịnh.
胃口,"khẩu vị, sở thích",wèikǒu,胃口不好,ăn uống không ngon
大厦,tòa nhà,dàshà,,
主动,chủ động,zhǔdòng,主动性,tính chủ động
暂时,tạm thời,zhànshí,暂时借用,mượn dùng tạm thời
太阳,mặt trời,tàiyáng,太阳每天都要和我们见面，哪怕是阴天，或者下雨天。,"Mỗi ngày chúng ta đều gặp mặt trời, dù là trời râm hay trời mưa."
取消,hủy bỏ,qǔxiāo,取消资格。,xoá bỏ tư cách.
逢,"gặp mặt, gặp nhau",féng,相逢,tương phùng; gặp nhau; gặp gỡ.
年,năm,nián,今年。,năm nay.
刊登,"đăng, xuất bản, công bố",kāndēng,刊登消息。,đăng tin tức.
英雄,anh hùng,yīngxióng,英雄好汉,anh hùng hảo hán
改善,cải thiện,gǎishàn,改善生活,cải thiện cuộc sống
思索,suy nghĩ,sīsuǒ,思索问题。,suy nghĩ vấn đề.
电梯,thang máy,diàntī,,
倾向,xu hướng,qīngxiàng,这两种意见中我比较倾向于前一种。,"trong hai ý kiến này, tôi thiên về ý kiến trước hơn."
精简,"rút gọn, tinh giản",jīngjiǎn,精简节约。,tinh giản tiết kiệm.
巩固,"củng cố, làm cho kiên cố",gǒnggù,基础巩固,cơ sở trung kiên
幸亏,"may mắn tay,may mà",xìngkuī,我幸亏走得早，才没叫雨淋了。,"may mà tôi đi sớm, mới khỏi ướt mưa"
往返,qua lại,wǎngfǎn,往返奔走,chạy đi chạy lại
反问,"hỏi lại, hỏi vặn lại",fǎnwèn,我等他把所有的问题都提完了，反问他一句，'你说这些问题该怎么解决呢?',"tôi đợi anh ấy nói hết mọi vấn đề rồi hỏi lại một câu, 'anh nói mấy vấn đề này nên giải quyết thế nào'?"
实践,thực hiện,shíjiàn,实践出真知。,có thực tiễn mới thực sự hiểu biết.
暗示,"ám thị, ra hiệu",ànshì,他用眼睛暗示我，让我走去,anh ta đưa mắt ra hiệu ngầm bảo tôi lảng ra chỗ khác
音乐,âm nhạc,yīnyuè,,
九,"chín, số 9",jiǔ,数九。,vào đông.
偏差,độ lệch,piānchā,第一发炮弹打歪了，修正了偏差后，第二发便击中了目标。,"phát đạn thứ nhất bắn trật, sau khi sửa lại độ lệch, phát đạn thứ hai đã bắn trúng."
摄氏度,độ C,shèshìdù,,
栽培,"vun xới, vun trồng",zāipéi,栽培水稻,vun trồng lúa nước
核心,trung tâm,héxīn,领导核心,nòng cốt lãnh đạo.
运算,"làm toán, tính toán",yùnsuàn,,
砖瓦,ngói,zhuān wǎ,,
磨合,chạy thử,móhé,,
销毁,"tiêu hủy, phá hủy",xiāohuǐ,销毁铜元。,nung chảy tiền đồng.
昔日,trước kia,xīrì,昔日的荒山，今天已经栽满了果树。,đồi núi hoang vu xưa kia nay đã trồng kín cây ăn quả.
曾经,"từng, đã từng",céngjīng,他曾经多次立过战功,anh ta đã từng nhiều lần lập chiến công
豪迈,khí phách hào hùng,háomài,气概豪迈,khí khái hào hùng
会,có thể,huì,会合,tụ hợp lại; hợp lại
短信,tin nhắn,duǎnxìn,,
繁荣,phồn vinh,fánróng,经济繁荣,kinh tế phát triển mạnh; kinh tế phồn vinh.
农业,nông nghiệp,nóngyè,,
注释,chú ý,zhùshì,,
舟,thuyền,zhōu,轻舟,thuyền nhẹ
威风,uy phong,wēifēng,威风凛凛,oai phong lẫm liệt
位,vị,wèi,部位,bộ vị
名牌,thương hiệu nổi tiếng,míngpái,名牌货。,hàng có tiếng.
嘛,"đi, mà",ma,有意见就提嘛。,có ý kiến thì nêu ra đi.
不必,không cần,bùbì,不必去得太早。,không cần phải đi sớm quá
医生,bác sĩ,yīshēng,,
吹捧,"tâng bốc, ca tụng",chuīpěng,,
学习,học tập,xuéxí,学习文化,học văn hoá
必需,cần,bìxū,空气和水是每个人所必需的。,không khí và nước là thứ thiết yếu của mỗi người
坑,"vũng, hố, lỗ",kēng,泥坑。,vũng bùn.
姐姐,chị gái,jiějiě,叔伯姐姐。,chị em chú bác.
信用卡,thẻ tín dụng,xìnyòngkǎ,,
答复,đáp lại,dáfù,答复读者提出的问题。,trả lời ý kiến bạn đọc.
面貌,diện mạo,miànmào,社会面貌。,tình hình xã hội; cảnh tượng của xã hội.
演变,phát triển,yǎnbiàn,宇宙间一切事物都是不断演变的。,mọi vật trong vũ trụ đều phát triển và thay đổi không ngừng.
六,"sáu, số 6",liù,,
索性,dứt khoát,suǒxìng,既然已经做了，索性就把它做完。,đã làm rồi thì dứt khoát làm cho xong.
楼,"nhà lầu, tầng",lóu,一座楼。,một ngôi nhà lầu.
描写,miêu tả,miáoxiě,描写风景。,miêu tả phong cảnh.
带领,dẫn dắt,dàilǐng,老同学带领新同学去见老师。,học sinh cũ đưa học sinh mới đi gặp thầy cô.
细节,chi tiết,xìjié,已洞悉一切细节。,Đã biết rõ mọi tình tiết.
携带,mang đeo,xiédài,携带家眷。,mang theo gia quyến
宏观,vĩ mô,hóngguān,宏观世界,thế giới vĩ mô
重视,coi trọng,zhòngshì,重视学习,coi trọng việc học
制定,"chế định, lập ra",zhìdìng,制定宪法,chế định hiến pháp
结构,"kết cấu, cấu trúc",jiégòu,文章的结构。,kết cấu bài văn.
思想,tư tưởng,sīxiǎng,他早有去农村参加农业生产的思想。,đã từ lâu anh ấy có ý nghĩ đến nông thôn để gia nhập vào sản xuất nông nghiệp.
排队,"xếp hàng, sắp xếp",páiduì,乘客排队上车。,hành khách xếp hàng lên xe.
胶水,"keo nước, hồ dán",jiāoshuǐ,,
捕捉,"bắt, tóm, chụp",bǔzhuō,捕捉害虫。,bắt sâu bọ; côn trùng có hại
符合,phù hợp,fúhé,符合事实,phù hợp sự thật.
忽略,bỏ qua,hūlüè,只追求数量，忽略了质量。,"chỉ chạy theo số lượng, xem nhẹ chất lượng."
以前,trước,yǐqián,解放以前,trước giải phóng
关照,chăm sóc,guānzhào,我走后，这里的工作请你多多关照。,"sau khi tôi đi, công việc ở đây mong anh quan tâm nhiều hơn nữa."
转折,"chuyển ngoặt, chuyển hướng",zhuǎnzhé,转折点,bước ngoặt
遗失,mất,yíshī,遗失证件。,làm mất giấy chứng nhận
教训,"giáo huấn, dạy bảo",jiàoxun,教训孩子。,dạy dỗ con cái.
群,"nhóm, loạt, bầy, đàn",qún,人群。,đám người。
博大精深,"uyên bác,uyên thâm",bódàjīngshēn,,
建设,xây dựng,jiànshè,经济建设。,kiến thiết nền kinh tế.
人格,nhân cách,réngé,人格高尚。,phẩm chất cao thượng.
爸爸,"cha, bố, ba",bàba,,
当地,địa phương,dāng dì,当地百姓,nhân dân nơi đó; dân chúng địa phương.
测验,"đo lường, kiểm nghiệm",cèyàn,民意测验。,thăm dò dư luận quần chúng; thăm dò ý dân
巴结,nịnh bợ,bājié,巴结领导,nịnh sếp
俯仰,nhất cử nhất động,fǔyǎng,俯仰由人,nhất cử nhất động đều bị người khác chi phối
半途而废,bỏ cuộc giữa chừng,bàntú'érfèi,,
产生,"xuất hiện, sản sinh",chǎnshēng,有了共产主义的伟大理想，就会产生无穷的力量 。,có được lý tưởng vĩ đại của chủ nghĩa cộng sản thì lực lượng sẽ phát triển vô cùng.
包裹,"bọc, gói",bāoguǒ,用布把伤口包裹起来,lấy vải băng vết thương lại
振奋,"phấn chấn, phấn khởi",zhènfèn,人人振奋。,mọi người đều phấn chấn.
漂亮,đẹp,piàoliang,长得漂亮。,dáng người xinh xắn.
密度,"độ dày, mật độ",mìdù,人口密度。,mật độ nhân khẩu.
以及,và,yǐjí,院子里种着大丽花、矢车菊、夹竹桃以及其他的花木。,"trong sân trồng hoa thược dược, trúc đào và các loại hoa cỏ khác."
源泉,"nguồn, cội nguồn",yuánquán,知识是力量的源泉。,tri thức là nguồn sức mạnh.
运气,vận may,yùnqì,他一运气，把石块搬了起来。,"anh ấy vừa vận công, đã dời được tảng đá đi rồi."
作用,tác dụng,zuòyòng,外界的事物作用于我们的感觉器官，在我们的头脑中形成形象。,"sự vật của thế giới bên ngoài ảnh hưởng lên cơ quan cảm giác của chúng ta, hình thành hình tượng trong não chúng ta."
去世,chết,qùshì,,
哥哥,anh trai,gēgē,叔伯哥哥,anh con chú con bác; anh em chú bác.
勇于,"duũng cảm, bạo dạn",yǒngyú,勇于负责,dũng cảm nhận trách nhiệm
平坦,bằng phẳng,píngtǎn,宽阔平坦的马路。,đường cái rộng rãi bằng phẳng.
通知,thông báo,tōngzhī,你回去通知大家，明天就动工。,"anh về báo tin cho mọi người, mai sẽ khởi công."
一流,cùng loại,yīliú,他是属于新派一流人物。,nó thuộc phái tân thời.
科目,"khoa, môn, môn học",kēmù,,
一路平安,thượng lộ bình an,yīlù píng'ān,,
困,buồn ngủ,kùn,为病所困。,khốn đốn vì bệnh tật.
体现,thể hiện,tǐxiàn,说实话，办实事，体现出了他的务实精神。,"nói thực, làm thực, thể hiện tinh thần thiết thực của anh ấy."
暖和,ấm áp,nuǎnhuo,北京一过三月，天气就暖和了。,ở Bắc Kinh hễ qua tháng ba thì trời ấm rồi.
气色,,qìsè,,
不足,không đủ,bùzú,先天不足,tiên thiên bất túc; nguyên khí yếu
稿件,"bài viết, bài vở",gǎojiàn,,
自由,tự do,zìyóu,自由平等,tự do bình đẳng
成熟,"trưởng thành, thành thục",chéngshú,条件成熟了。,điều kiện đã chín muồi rồi.
考核,"sát hạch, khảo hạch",kǎohé,定期考核。,sát hạch định kỳ.
排除,loại trừ,páichú,排除积水。,tháo nước.
趁,"nhân lúc, thừa dịp",chèn,趁热打铁。,rèn sắt khi còn nóng (ví với tranh thủ cho kịp thời cơ).
仁慈,nhân từ,réncí,仁慈的老人。,cụ già nhân từ.
停顿,tạm ngừng,tíngdùn,生产陷于停顿状态。,tạm dừng sản xuất.
通用,chung,tōngyòng,国际单位制世界通用。,đơn vị đo lường quốc tế dùng phổ biến cho cả thế giới.
赞扬,"khen ngợi, tán dương",zànyáng,赞扬好人好事,biểu dương người tốt việc tốt
政权,chính quyền,zhèngquán,人民民主政权。,Chính quyền dân chủ nhân dân
打听,"thăm dò,nghe ngóng",dǎtīng,打听消息,nghe ngóng tin tức; dò la tin tức
光荣,quang vinh,guāngróng,光荣之家,gia đình vẻ vang
租,thuê,zū,租房,thuê nhà; mướn nhà
不妨,"đừng ngại, không sao",bùfáng,这种方法没有用过，不妨试试。,"phương pháp này chưa hề dùng qua, có thể làm thử xem"
开支,"trả tiền, chi tiêu",kāizhī,不应当用的钱，坚决不开支。,"những món tiền không đáng chi, thì cương quyết không chi."
任何,bất kỳ,rènhé,我们能够战胜任何困难。,"bất kì khó khăn gì, chúng tôi có thể chiến thắng."
当初,"lúc đầu, hồi đó",dāngchū,当初这里是一片汪洋。,xưa kia nơi này là vùng nước mênh mông.
难得,khó có được,nándé,灵芝是非常难得的药草。,linh chi là một cây dược thảo rất khó kiếm được.
明信片,bưu thiếp,míngxìnpiàn,,
提示,"nêu lên, đưa ra",tíshì,向学生提示课文要点。,gợi ý cho học sinh điểm chính của bài.
不由得,không caamg được,bùyóude,他说得这么透彻，不由得你不信服。,"anh ấy nói thấu đáo như vậy, anh không thể không phục được"
成分,thành phần,chéngfèn,化学成分。,thành phần hoá học.
比较,so sánh,bǐjiào,把二者加以比较。,đem hai thứ ra so sánh
终止,chấm dứt,zhōngzhǐ,终止活动,đình chỉ hoạt động
包庇,"bao che, che đậy, lấp liếm",bāobì,包庇贪污犯,bao che kẻ tham ô
举动,"hành động, động tác",jǔdòng,举动缓慢。,động tác chậm rãi.
底,"đáy, đế",dǐ,锅底儿。,đáy nồi
形态,hình dáng,xíngtài,意识形态。,hình thái ý thức
微观,vi mô,wéiguān,微观考察,khảo sát vi mô
经纬,kinh độ và vĩ độ,jīngwěi,,
锅,nồi,guō,一口锅,một cái nồi.
秘书,thư ký,mìshū,秘书长。,thư ký trưởng; tổng thư ký.
不如,không bằng,bùrú,走路不如骑车快,đi bộ không nhanh bằng đi xe
项链,"vòng đeo cổ, dây truyền",xiàngliàn,,
正月,tháng giêng,zhēngyuè,,
分歧,"phân kỳ, chia rẽ, bất đồng",fēnqí,分歧点,điểm bất đồng
家务,việc nhà,jiāwù,操持家务。,trông coi việc nhà.
逼迫,"ép, thúc ép, bức bách",bīpò,,
外界,bên ngoài,wàijiè,飞机的机身必须承受住外界的空气压力。,thân máy bay phải chịu đựng áp lực không khí bên ngoài.
太太,vợ,tàitài,张太太,bà Trương
智能,trí tuệ và năng lực,zhìnéng,智能双全,trí tuệ và năng lực song toàn
人生,đời sống,rénshēng,人生观。,nhân sinh quan.
哄,dỗ dành,hōng,哄动,ồn ào
强迫,ép buộc,qiǎngpò,强迫命令。,mệnh lệnh cưỡng bức.
通俗,phổ biến,tōngsú,通俗化,thông tục hoá.
性情,"tính tình, tính nết",xìngqíng,性情急躁,tính tình nóng nảy
妄想,mơ tưởng,wàngxiǎng,敌人妄想卷土重来。,kẻ địch điên cuồng quay trở lại
差别,khác nhau,chā bié,缩小三大差别。,thu nhỏ lại khác biệt rất nhiều.
兴致勃勃,cực kỳ cao hứng,xìngzhì bóbó,,
锲而不舍,"kiên nhẫn, miệt mài",qiè'érbùshě,学习要有锲而不舍的精神。,học tập phải có tinh thần kiên nhẫn.
分明,"rõ ràng, phân minh",fēnmíng,黑白分明,đen trắng phân minh
干劲,"lòng hăng hái, tinh thần hăng hái",gànjìng,干劲儿十足,đầy lòng hăng hái; năng nổ.
无非,"chỉ, chẳng qua, không ngoài",wúfēi,院子里种的无非是凤仙花和鸡冠花。,trong sân chỉ trồng hoa màu gà và hoa phụng tiên.
董事长,chủ tịch hội đồng quản trị,dǒngshì zhǎng,,
神气,"thần sắc, thần khí",shénqì,团长的神气很严肃。,vẻ mặt của đoàn trưởng rất nghiêm túc.
周边,"chu vi, xung quanh",zhōubiān,周边地区,xung quanh khu vực
进,"vào, gần",jìn,推进。,đẩy tới.
颈椎,xương cổ,jǐngchuí,,
羊肉,thịt dê,yángròu,,
时候,"lúc, thời gian",shíhòu,你写这篇文章用了多少时候?,anh viết bài văn này hết bao lâu?
神态,"dáng vẻ, thần thái",shéntài,,
赞助,tài trợ,zànzhù,赞助单位,đơn vị tài trợ
配备,phân phối,pèibèi,配备骨干力量。,phân phối lực lượng cốt cán.
分量,"trọng lượng, sức nặng",fènliàng,这个南瓜的分量不下二十斤。,trọng lượng quả bí đỏ này không dưới 20 cân.
按时,đúng giờ,ànshí,按时完成,hoàn thành đúng hạn
甭,không cần,béng,你既然都知道，我就甭说了。,"anh đã biết cả rối, thì tôi không cần phải nói nữa"
地质,địa chất,dìzhí,,
失眠,mất ngủ,shīmián,,
陈旧,"lỗi thời, cũ kỹ",chénjiù,这些设备，虽然有点儿陈旧，但还能使用,những thiết bị này tuy là có cũ một chút nhưng vẫn còn dùng được.
腰,thắt lưng,yāo,弯腰,lưng cong; khòm lưng.
引用,trích dẫn,yǐnyòng,引用古书上的话。,trích dẫn lời nói trong sách cổ.
到达,đến,dàodá,火车于下午3时到达北京。,tàu hoả ba giờ chiều đến Bắc Kinh.
价值,giá trị,jiàzhí,有价值的作品。,tác phẩm có giá trị tích cực.
下雨,mưa,xià yǔ,,
服从,"phục tùng, tuân theo",fúcóng,服从命令,nghe theo mệnh lệnh
护照,hộ chiếu,hùzhào,,
请客,mời khách,qǐngkè,请客吃饭,mời khách ăn cơm
人工,nhân tạo,réngōng,人工呼吸。,hô hấp nhân tạo.
盛,"chứa, đựng, dung nạp",shèng,盛 饭。,đựng cơm.
福气,"tốt phúc, may mắn, có phúc",fúqi,有福气,tốt phúc
踩,"giẫm, dận, đạp",cǎi,当心踩坏了庄稼,cẩn thận kẻo đạp hư hết hoa màu
操劳,làm việc chăm chỉ,cāoláo,日夜操劳,ngày đêm làm lụng vất vả
品质,chất lượng,pǐnzhí,道德品质。,phẩm chất đạo đức.
行为,hành vi,xíngwéi,正义的行为。,hành động chính nghĩa
气氛,không khí,qìfēn,会场上充满了团结友好的气氛。,trong hội trường tràn ngập bầu không khí đoàn kết hữu nghị.
机智,"lanh trí, tinh nhanh",jīzhì,,
账户,tài khoản,zhànghù,,
拜年,đi chúc tết,bàinián,,
掌握,"hiểu rõ, nắm chắc, nắm vững",zhǎngwò,掌握技术,nắm vững kỹ thuật
批准,phê chuẩn,pīzhǔn,,
弦,"dây cung, dây đàn",xián,,
吸引,thu hút,xīyǐn,吸引力,lực hút; lực hấp dẫn; sức hút.
经常,thường,jīngcháng,经常费。,kinh phí.
假设,giả thuyết,jiǎshè,这本书印了十万册，假设每册只有一个读者，那也就有十万个读者。,"quyển sách này in thành một trăm ngàn cuốn, tỉ như mỗi cuốn có một độc giả, thế thì cũng có đến một trăm ngàn độc giả."
常识,thường thức,chángshì,政治常识。,thường thức chính trị.
应该,"nên, phải",yīnggāi,应该爱护公共财产。,cần phải bảo vệ của công.
地震,động đất,dìzhèn,,
可惜,đáng tiếc,kěxí,机会很好，可惜错过了。,"cơ hội quá tốt, đáng tiếc là đã bỏ qua."
堆积,tích lũy,duījī,货物堆积如山。,hàng hoá chất đống như núi.
干脆,"dứt khoát, thẳng thắn, thành thật",gāncuì,说话干脆利落。,nói chuyện dứt khoát lưu loát
圆满,"toàn vẹn, hoàn hảo",yuánmǎn,圆满的答案。,đáp án đầy đủ
公布,thông báo,gōngbù,公布于众,công bố trước mọi người
肯定,khẳng định,kěndìng,肯定成绩。,khẳng định thành tích.
互联网,internet,hùliánwǎng,,
专业,chuyên nghiệp,zhuānyè,中文系汉语专业,môn Hán ngữ trong khoa Trung Văn.
实验,thí nghiệm,shíyàn,做实验。,làm thực nghiệm.
审美,thẩm mỹ,shěnměi,,
感觉,cảm giác,gǎnjué,一场秋雨过后就感觉有点冷了。,sau một trận mưa thu cảm thấy hơi lạnh.
咸,mặn,xián,咸 受其益。,tất cả đều được hưởng lợi của nó.
惩罚,trừng trị,chéngfá,对于屡教不改的坏分子必须惩罚。,"đối với những phần tử xấu, ngoan cố không chịu sửa đổi, nhất định phải nghiêm khắc trừng trị."
谅解,"lượng thứ, thông cảm",liàngjiě,他很谅解你的苦衷。,anh ấy rất thông cảm với nỗi đau khổ của bạn.
框架,"khung, sườn, dàn giáo",kuàngjià,这部长篇小说已经有了一个大致的框架。,bộ tiểu thuyết này có được một kết cấu tổng thể.
吧,"nhé, nào, chứ",Ba,吧的一声，茶碗落地。,"tách trà rơi xuống đất đánh ""xoảng"""
亏损,"hao tổn, suy yếu",kuīsǔn,企业经营不 善，亏损很大。,"kinh doanh của xí nghiệp không giỏi, lỗ vốn lớn."
荒谬,"sai lầm, vô lý, hoang đường",huāngmiù,荒谬绝伦,hoang đường hết chỗ nói
伶俐,"lanh lợi, thông minh",línglì,口齿伶俐。,nhanh mồm nhanh miệng.
统治,"quyền, thống trị",tǒngzhì,统治阶级,giai cấp thống trị
眼睛,mắt,yǎnjīng,,
安排,sắp xếp,ānpái,安排工作。,sắp xếp công tác
注射,tiêm,zhùshè,,
预算,ngân sách,yùsuàn,,
反之,"trái lại, ngược lại",fǎnzhī,,
进化,tiến hóa,jìnhuà,,
笑,cười,xiào,笑 容。,dáng vui vẻ
耗费,tiêu thụ,hàofèi,耗费时间,tốn thời gian
兄弟,anh em trai,xiōngdì,兄弟二人。,hai anh em
朝代,triều đại,cháodài,,
兜,túi,dōu,网兜儿。,túi lưới
结算,"kết toán, quyết toán",jiésuàn,,
资料,"tư liệu, dữ liệu",zīliào,生产资料,tư liệu sản xuất
稍微,"một chút, hơi hơi",shāowéi,稍微放点油就成了。,cho thêm ít dầu là được rồi.
留,"ở lại, giữ lại",liú,留校。,ở lại trường.
海滨,"miền biển, ven biển",hǎibīn,海滨浴场,bãi tắm
陷入,rơi vào,xiànrù,陷入重围。,sa vào vòng vây trùng điệp
废墟,"đống hoang, đống đổ nát",fèixū,一片废墟,một đống hoang tàn
幸好,may mắn thay,xìnghǎo,,
强制,"thực thi, thi hành, cưỡng chế",qiángzhì,强制执行。,cưỡng chế chấp hành.
开心,"vui vẻ, hạnh phúc",kāixīn,同学们住在一起，说说笑笑，十分开心。,"bạn bè ở cùng với nhau, cười cười nói nói thật vui vẻ."
丝毫,"tí ti, mảy may, chút nào",sīháo,丝毫不差。,không sai chút nào.
知足常乐,biết đủ thì vui,zhīzú cháng lè,,
用,dùng,yòng,用具,dụng cụ
一贯,trước sau như một,yīguàn,谦虚、朴素是他一贯的作风。,khiêm tốn giản dị là tác phong xưa nay của anh ấy.
所谓,cái gọi là,suǒwèi,所谓新民主主义革命，就是在无产阶级领导之下的人民大众的反帝反封建的革命。,"cái gọi là chủ nghĩa cách mạng dân chủ mới, chính là cuộc cách mạng chống lại đế quốc, chống lại phong kiến dưới sự lãnh đạo của giai cấp vô sản."
共同,chung,gòngtóng,共同点,điểm chung
节省,tiết kiệm,jiéshěng,节省时间。,tiết kiệm thời gian.
糟糕,"hỏng bét, gay go",zāogāo,真糟糕，把钥匙锁在屋里，进不去了。,"gay go rồi, bỏ quên chìa khoá trong nhà rồi, không vào được."
裙子,váy,qúnzi,,
地毯,thảm,dìtǎn,,
愤怒,"sự phẫn nộ, nổi cáu",fènnù,愤怒的人群,dân chúng phẫn nộ
丘陵,đồi núi,qiūlíng,丘陵起伏。,đồi núi nhấp nhô.
恐怕,"e rằng, sợ rằng",kǒngpà,恐怕他不会同意。,e rằng anh ấy không đồng ý.
解放,giaải phóng,jiěfàng,解放区。,khu giải phóng.
主管,chủ quản,zhǔguǎn,主管部门,ngành chủ quản; bộ môn chủ quản
抽空,"dành thời gian, tranh thủ",chōukòng,他工作很忙，可是还抽空学习。,anh ấy công việc rất bận nhưng vẫn dành thời gian cho học tập.
礼节,"lễ độ, lễ phép",lǐjié,,
缩短,rút ngắn,suōduǎn,缩短战线。,rút ngắn trận tuyến.
生命,sinh mạng,shēngmìng,政治生命。,sinh mệnh chính trị.
愿意,"mong muốn, sẵn lòng",yuànyì,送你去学习，你愿意不愿意?,"cho anh đi học, anh có bằng lòng không?"
吓,hù dọa,xià,吓，怎么能这样呢!,"hừ, sao lại có thể như thế!"
决定,quyết định,juédìng,领导上决定派他去学习。,lãnh đạo quyết định cử anh ấy đi học.
姿态,"tư thế, dáng dấp",zītài,姿态优美,tư thế đẹp; vẻ đẹp
哼,"rên rỉ, ngâm nga",hēng,痛得哼了几声。,đau quá rên lên mấy tiếng.
诸位,"các ngài, các vị",zhūwèi,诸位同志,các đồng chí
支持,ủng hộ,zhīchí,累得支持不住了。,mệt không thể chịu nổi.
贵族,quý tộc,guìzú,,
畏惧,không nhất thiết,wèijù,无所畏惧,không có gì đáng sợ
比赛,cuộc thi,bǐsài,篮球比赛。,thi đấu bóng rổ
诈骗,"lừa dối, lừa bịp",zhàpiàn,诈骗钱财,lừa gạt tiền bạc
景色,phong cảnh,jǐngsè,日出的时候景色特别美丽。,lúc mặt trời mọc cảnh sắc vô cùng đẹp.
桨,mái chèo,jiǎng,,
才干,"năng lực, tài cán",cáigàn,增长才干。,nâng cao năng lực làm việc
翅膀,cánh,chìbǎng,飞机翅膀。,cánh máy bay.
婴儿,em bé,yīng'ér,,
维护,duy trì,wéihù,维护党的团结和统一。,giữ gìn sự đoàn kết thống nhất của Đảng
别墅,biệt thự,biéshù,,
降低,"hạ thấp, giảm",jiàngdī,温度降低了。,nhiệt độ xuống thấp rồi.
遗产,di sản,yíchǎn,文学遗产,di sản văn học
讽刺,châm biếm,fèngcì,讽刺画,tranh châm biếm
坚硬,"cứng, chắc, rắn",jiānyìng,坚硬的山石。,núi đá cứng chắc.
地区,vùng,dìqū,湖北西部地区,phía tây Hồ Bắc.
详细,chi tiết,xiángxì,详细研究。,nghiên cứu tỉ mỉ
报道,báo cáo,bàodào,报道消息,đưa tin; phát sóng tin tức
主观,chủ quan,zhǔguān,主观愿望,nguyện vọng chủ quan
描绘,miêu tả,miáohuì,这些作品生动地描绘了我国农村的新气象。,những tác phẩm này miêu tả một cách sinh động những hình ảnh mới mẽ ở nông thôn nước ta.
距离,khoảng cách,jùlí,天津距离北京约有二百四十里。,Thiên Tân cách Bắc Kinh khoảng hai trăm bốn mươi dặm.
攻克,"đánh hạ, đánh chiếm",gōngkè,,
现状,hiện trạng,xiànzhuàng,打破现状。,phá vỡ hiện trạng
急功近利,chỉ vì cái trước mắt,jígōngjìnlì,,
宽,rộng,kuān,这条马路很宽。,con đường này rất rộng.
即便,cho dù,jíbiàn,,
防止,phòng ngừa,fángzhǐ,防止煤气中毒,phòng trúng độc hơi than
范畴,phạm trù,fànchóu,汉字属于表意文字的范畴。,chữ Hán là loại văn tự biểu ý.
信仰,tín ngưỡng,xìnyǎng,,
名额,số người,míng'é,,
时而,đôi khi,shí'ér,天空中，时而飘过几片薄薄的白云。,trên bầu trời lâu lâu có những đám mây trắng mỏng trôi qua.
结实,"chắc, bền",jiēshi,这双鞋很结实。,đôi giày này rất chắc.
旁边,bên cạnh,pángbiān,马路旁边停着许多小汽车。,ven đường có rất nhiều xe ô-tô con đậu.
推荐,"tiến cử, giới thiệu",tuījiàn,推荐她去当教师。,tiến cử cô ấy làm giáo viên.
提,tiêu đề,tí,手里提着个篮子。,tay xách chiếc làn.
亚洲,Châu Á,yàzhōu,,
公安局,cục công an,gōng'ān jú,,
数,sống sót,shù,数数目。,đếm con số.
重复,lặp lại,chóngfù,这一段的意思跟第二段重复了。,ý đoạn này trùng với đoạn thứ hai rồi.
瘸,què quặt,qué,瘸腿。,què chân.
更正,"cải chính, đính chính, sửa lại",gēngzhèng,更正启事,đính chính thông báo
癌症,ung thư,áizhèng,,
眨,nháy mắt,zhǎ,眨眼,chớp mắt
恐惧,"sợ hãi, sợ sệt",kǒngjù,恐惧不安。,sợ hãi không yên.
岁月,năm tháng,suìyuè,漫长的岁月。,năm dài tháng rộng; tháng ngày đằng đẵng.
干扰,can thiệp,gānrǎo,他正在备课，我不便去干扰他。,"anh ấy đang chuẩn bị bài, tôi không tiện làm phiền anh ấy."
不堪,không chịu nổi,bùkān,不堪其苦,khổ chịu không thấu
举世瞩目,thu hút sự chú ý trên toàn thế giới,jǔshì zhǔmù,,
妈妈,"mẹ, má",māmā,,
扩大,mở rộng,kuòdà,扩大生产。,mở rộng sản xuất.
盘旋,"quanh quẩn, lượn vòng",pánxuán,飞机在天空盘旋。,máy bay lượn vòng trên bầu trời.
推翻,lật đổ,tuīfān,推翻原有结论。,phủ định kết luận vốn có.
久,"dài, lâu",jiǔ,久经锻炼。,qua thử thách lâu dài.
片段,"mẩu, một đoạn",piànduàn,,
出生,"sinh, ra đời",chūshēng,,
埋怨,"oán trách, oán hận",mányuàn,,
显然,"hiển nhiên, rõ ràng, dễ nhận thấy",xiǎnrán,,
反倒,"trái lại, trái ngược",fǎndào,让他走慢点儿，他反倒加快了脚步。,"bảo nó đi chậm một chút, trái lại nó đi càng nhanh."
海拔,độ cao so với mặt nước biển,hǎibá,这座山海拔一千米。,ngọn núi này cao hơn mặt nước biển 1.000 mét.
散步,đi bộ,sànbù,,
反思,nghĩ lại,fǎnsī,反思过去，是为了以后。,nghĩ lại chuyện đã qua là vì mai sau.
别扭,"khó chịu, chướng, kỳ quặc",bièniu,这个天气真别扭，一会儿冷，一会儿热。,"thời tiết này thật khó chịu, lúc lạnh, lúc nóng."
规矩,nguyên tắc,guījǔ,老规矩,tập quán cũ
相关,có liên quan,xiāngguān,体育事业和人民健康密切相关。,sự nghiệp thể dục thể thao và sức khoẻ của nhân dân có liên quan mật thiết với nhau.
痒,ngứa,yǎng,,
立体,lập thể,lìtǐ,立体图形。,đồ hình lập thể.
酱油,"xì dầu, nước tương",jiàngyóu,,
冰箱,tủ lạnh,bīngxiāng,,
怎么样,như thế nào,zěnme yàng,他画得也并不怎么样(=并不好)。,anh ấy vẽ cũng chẳng đẹp lắm.
回,quay lại,huí,回旋,vòng vèo
洗,"rửa, giặt",xǐ,洗 脸。,rửa mặt
薪水,"lương, tiền lương",xīnshuǐ,,
饮食,ăn uống,yǐnshí,注意饮食卫生。,chú ý vệ sinh ăn uống.
舒适,"dễ chịu, thỏa mái",shūshì,,
阳台,ban công,yángtái,,
惋惜,"thương tiếc, xót thương",wànxí,,
角,góc,jiǎo,牛角。,sừng trâu.
成果,thành quả,chéngguǒ,丰硕成果。,thành quả to lớn.
正规,"chính quy, nề nếp",zhèngguī,正规军,quân chính quy
相反,trái ngược,xiāngfǎn,相反相成。,thống nhất và đối lập
出现,xuất hiện,chūxiàn,比赛前半小时运动员已经出现在运动场上了。,"nửa tiếng trước khi thi đấu, các vận động viên đã xuất hiện, vận động trên sân."
主导,chủ đạo,zhǔdǎo,主导思想,tư tưởng chủ đạo
编织,"bện, đan, tết",biānzhī,编织毛衣。,đan áo len
鱼,cá,yú,,
带,mang theo,dài,皮带,dây da
版本,phiên bản,bǎnběn,,
的确,"thật, đích thực",díquè,他的确是这样说的。,quả là nó nói như vậy.
罪犯,tội phạm,zuìfàn,,
啰唆,lắm lời,luōsuō,,
老百姓,dân thường,lǎobǎixìng,,
情景,tình cảnh,qíngjǐng,,
抛弃,"vứt bỏ, quẳng đi",pāoqì,,
纪律,kỷ luật,jìlǜ,,
合作,hợp tác,hézuò,分工合作,phân công hợp tác
照顾,"trông nom, chăm sóc",zhàogù,照顾全局,chú ý toàn diện
忌讳,kiêng kỵ,jìhuì,老张最忌讳人家叫他的小名。,anh Trương rất kị người khác gọi tên tục của anh ấy.
十,mười,shí,十足。,tràn đầy; trăm phần trăm.
来历,"lai lịch, nguồn gốc",láilì,查明来历。,điều tra rõ lai lịch.
月亮,mặt trăng,yuèliàng,,
能量,năng lượng,néngliàng,,
签署,"ký tên, ký",qiānshǔ,,
平时,thông thường,píngshí,,
分配,phân phối,fēnpèi,分配宿舍,phân nhà ở.
健全,"kiện toàn, khỏe mạnh, vững vàng",jiànquán,身心健全。,"thân thể khoẻ mạnh, tâm hồn trong sáng."
救护车,xe cứu hộ,jiùhù chē,,
血,máu,xuè,流了一点血 。,chảy một ít máu.
腐烂,"thối nát, thối rữa",fǔlàn,受伤的地方，肌肉开始腐烂。,"nơi bị thương, thịt đã bị thối rữa."
分手,chia tay,fēnshǒu,我要往北走了，咱们在这儿分手吧。,"tôi đi về hướng Bắc, chúng ta chia tay nhau ở đây thôi."
至于,đối với,zhìyú,他说了要来的，也许晚一些，不至于不来吧?,"anh ấy nói là sẽ đến, có lẽ muộn một lúc, không đến nỗi là không đến?"
已经,"rồi, đã",yǐjīng,任务已经完成。,nhiệm vụ đã hoàn thành
解说员,người dẫn truyện,jiěshuō yuán,,
正确,"chính xác, đúng",zhèngquè,答案正确,đáp án chính xác
北京,bắc kinh,běijīng,,
训练,"huấn luyện, đào tạo",xùnliàn,训练班,lớp huấn luyện
温度,nhiệt độ,wēndù,室内温度,nhiệt độ trong phòng
动静,động tĩnh,dòngjìng,屋子里静悄悄的，一点动静也没有。,"trong nhà vắng vẻ, chẳng có một tiếng động nào."
过期,"quá hạn, hết hạn",guò qí,过期作废,quá hạn thì huỷ bỏ
苗条,miì sợi,miáotiáo,,
拆,tháo rời,chāi,拆 信。,bóc thư.
失误,"lỗi lầm, sai lầm",shīwù,,
除夕,đêm giao thừa,chúxì,,
对,đúng,duì,对答,đối đáp; trả lời
上游,thươợng du,shàngyóu,鼓足干劲，力争上游。,"dốc lòng hăng hái, vươn lên hàng đầu."
大,"to, lớn",dà,房子大,cái phòng to; cái phòng rộng.
竞选,"tranh cử, vận động bầu cử",jìngxuǎn,,
本着,"căn cứ, dựa vào",běnzhe,本着平等互利的原则办事。,làm việc trên nguyên tắc hai bên cùng có lợi
说明,giải thích,shuōmíng,说明原因。,nói rõ nguyên nhân.
梦,giấc mơ,mèng,梦见。,mơ thấy; chiêm bao thấy.
合影,chụp ảnh chung,héyǐng,合影留念,chụp ảnh lưu niệm chung
中心,trung tâm,zhōngxīn,在草地的中心有一个八角亭子。,ở giữa bãi cỏ có một cái đình bát giác.
垂直,"vuông góc, thẳng đứng",chuízhí,,
意见,ý kiến,yìjiàn,你的意见怎么样?,ý kiến của anh thế nào?
出版,xuất bản,chūbǎn,出版社。,nhà xuất bản.
其实,"thực ra, thực tế",qíshí,这个问题从表面上看似乎很难，其实并不难。,"vấn đề này coi bề ngoài có vẻ khó, nhưng kỳ thực lại không khó."
关键,then chốt,guānjiàn,摸清情况是解决问题的关键。,hiểu rõ tình hình là giải quyết điểm mấu chốt của vấn đề.
应聘,"ứng tuyển, nhận lời mời",yìngpìn,他应聘到广州教书。,anh ấy nhận lời mời đến Quảng Châu dạy học.
证明,chứng minh,zhèngmíng,证明人,người chứng nhận
忽视,"coi nhẹ,lơ là",hūshì,不应该强调一方面而忽视另一方面。,không nên xem trọng mặt này mà xem nhẹ mặt khác.
行列,hàng,hángliè,他站在行列的最前面。,anh ấy đứng đầu hàng.
告诉,nói cho biết,gàosù,告诉到法院。,tố cáo lên toà án
家具,đồ gia dụng,jiājù,,
命运,số phận,mìngyùn,中国人民已经掌握了自己的命运。,nhân dân Trung Quốc đã nắm chắc được vận mệnh của mình.
思考,suy nghĩ,sīkǎo,独立思考。,suy nghĩ độc lập.
块,khối,kuài,糖块儿。,miếng đường.
似乎,có vẻ như,sìhū,他似乎了解了这个字的意思，但是又讲不出来。,anh ấy dường như hiểu được nghĩa của chữ này song lại nói không được.
沉重,"trách nhiệm, gánh nặng",chénzhòng,沉重的脚步。,bước chân nặng nề.
后悔,"hối tiếc, hối hận",hòuhuǐ,后悔莫及,hối hận không kịp
蜡烛,"cây nến, nến",làzhú,,
帮忙,giúp đỡ,bāngmáng,,
零件,"linh kiện,phụ tùng",língjiàn,,
传达,truyền đạt,chuándá,传达命令。,truyền đạt mệnh lệnh; truyền lệnh.
阿姨,"cô, dì",Āyí,阿姨，你好。,chào cô!
孤立,cô lập,gūlì,湖心有个孤立的小岛,giữa hồ có một cái đảo nhỏ.
严格,"nghiêm khắc, chặt chẽ",yángé,严格遵守,tuân thủ nghiêm ngặt
日期,"ngày, ngày tháng",rìqí,发言的日期。,ngày phát biểu
淋,"xối, giội, dầm",lín,日晒雨淋。,mưa dầm nắng giội.
多,nhiều,duō,多年,nhiều năm
估计,ước tính,gūjì,估计他今天会来。,đoán chừng hôm nay anh ấy sẽ đến.
摇,"rung, đong đưa, dao động",yáo,动摇,"dao động, lay chuyển"
贤惠,đức hạnh,xiánhuì,,
容忍,tha thứ,róngrěn,他的错误行为使人不能容忍。,hành vi sai lầm của anh ấy khiến cho mọi người không tha thứ được.
礼拜天,chủ nhật,lǐbài tiān,,
小偷,tên trộm,xiǎotōu,,
美满,"cuộc sống đầy đủ, đầm ấm, mỹ mãn",měimǎn,美满姻缘。,nhân duyên mỹ mãn; chồng loan vợ phụng.
复活,"sống lại, phục sinh",fùhuó,经过修理，报废的车床又复活了。,"qua tu sửa, máy tiện hỏng lại hoạt động trở lại."
飞翔,bay lượn,fēixiáng,展翅飞翔,giang cánh bay lượn
株,cây,zhū,守株待兔,ôm cây đợi thỏ; há miệng chờ sung
反射,phản xạ,fǎnshè,,
租赁,"thuê, cho thuê",zūlìn,租赁了两间平房。,thuê hai gian nhà trệt.
冲,"va đập, đột kích",chōng,要冲。,nơi trọng yếu.
逐年,"từng năm, hàng năm",zhúnián,产量逐年增长,sản lượng tăng mỗi năm.
原始,"ban sơ, ban đầu, đầu tiên",yuánshǐ,原始记录,ghi chép ban đầu
公主,công chúa,gōngzhǔ,,
耕地,"cày ruộng, cày bừa",gēngdì,耕地面积。,diện tích đất canh tác.
温暖,"ấm áp, nồng nhiệt",wēnnuǎn,天气温暖,khí trời ấm áp
博览会,hội chợ,bólǎnhuì,国际博览会,hội chợ quốc tế
一会儿,"một nát, một chút",yīhuǐ'er,一会儿的工夫。,chốc lát
总理,thủ tướng,zǒnglǐ,学校总理,tổng lý trường học
出发,xuất phát,chūfā,收拾行装，准备出发。,"sắp xếp hành trang, chuẩn bị ra đi."
划分,phân chia,huàfēn,划分行政区域。,phân chia khu vực hành chính
提问,đặt câu hỏi,tíwèn,,
降落,"hạ xuống, rơi xuống",jiàngluò,飞机降落在跑道上。,máy bay đáp xuống đường băng.
干杯,cạn ly,gānbēi,为客人们的健康而干杯。,vì sức khoẻ của mọi người cạn ly.
赠送,"biếu, tặng",zèngsòng,赠送生日礼物。,tặng quà sinh nhật
精力,"từng trải, trải qua",jīnglì,精力充沛。,tinh lực đầy đủ; sung sức.
凄凉,"lạnh lẽo, thê lương",qīliáng,,
标本,"mẫu, tiêu bản",biāoběn,标本兼治。,trị cả gốc đến ngọn
酝酿,"ủ rượu,công tác chuẩn bị",yùnniàng,酝酿候选人名单。,chuẩn bị danh sách ứng viên
随时,bất cứ lúc nào,suíshí,有问题可以随时来问我。,có vấn đề gì cứ đến hỏi tôi vào bất cứ lúc nào.
男人,đàn ông,nánrén,,
时间,thời gian,shíjiān,地球自转一周的时间是二十四个小时。,thời gian trái đất quay một vòng là 24 giờ.
签证,"vísa, thị thực",qiānzhèng,,
轮胎,lốp xe,lúntāi,,
外表,bề ngoài,wàibiǎo,这架机器不但构造精密，外表也很美观。,cỗ máy này không những cấu tạo tinh vi mà hình thức bên ngoài cũng rất đẹp.
信心,"tự tin, lòng tự tin",xìnxīn,满怀信心。,đầy tự tin
倘若,nếu,tǎngruò,你倘若不信，就亲自去看看吧。,"nếu anh không tin, thì tự đi xem thử."
象征,tượng trưng,xiàngzhēng,火炬象征光明。,bó đuốc tượng trưng cho ánh sáng.
壮观,"đồ sộ,  tráng lệ",zhuàngguān,这大自然的壮观，是我从来没有见过的。,"cảnh hùng vĩ của thiên nhiên, tôi chưa từng thấy."
汇率,tỷ giá,huìlǜ,,
克服,"vượt qua,khắc phục",kèfú,克服急躁情绪。,che dấu sự luống cuống。
豪华,"sang trọng, hào hoa",háohuá,过着豪华的生活。,sống xa hoa
归根到底,"xét đến cùng, suy nghĩ cho cùng",guīgēn dàodǐ,,
功课,bài tập về nhà,gōngkè,他在学校里每门功课都很好。,ở trường môn nào nó cũng học rất giỏi.
被,"bị, được",bèi,棉被,mền len; chăn bông
文凭,bằng cấp,wénpíng,,
盖章,đóng dấu,gài zhāng,,
录音,ghi âm,lùyīn,录音机。,máy ghi âm.
丢,làm mất,diū,钱包丢了,túi tiền bị mất rồi.
届,"khóa, lần, đợt",jiè,届期。,đến kỳ.
事实,sự thực,shìshí,事实胜于雄辩。,sự thực mạnh hơn hùng biện.
宝贝,"bảo bối, bé cưng",bǎobèi,这个人真是个宝贝!,người này thật đúng là của báu trời cho!
吸取,rút ra,xīqǔ,吸取经验教训,rút ra bài học kinh nghiệm
剥削,"bóc lột, lợi dụng",bōxuè,剥削是一种可耻的行为。,bóc lột là một hành vi đáng xấu hổ
发愁,"lo lắng, buồn phiền",fāchóu,你先别发愁，资金问题我来想办法解决。,"anh đừng buồn phiền nữa, chuyện tiền bạc tôi sẽ tìm cách giải quyết sau."
揍,đánh đập,zòu,挨揍,bị đánh; phải đòn
慎重,câẩn thận,shènzhòng,慎重处理。,thận trọng xử lí.
桃,quả đào,táo,棉桃,quả bông
照料,chăm sóc,zhàoliào,照料病人,chăm sóc người bệnh.
告辞,"cáo từ, xin từ biệt",gàocí,我怕耽误他的时间，谈了一会儿就告辞走了。,"tôi sợ làm lỡ thời gian của anh ấy, nói chuyện một lúc thì cáo từ."
促使,"thúc đẩy, giục giã",cùshǐ,,
决赛,trận chung kết,juésài,,
普通话,tiếng phổ thông,pǔtōnghuà,,
良好,tốt đẹp,liánghǎo,手术经过良好。,quá trình phẫu thuật diễn ra tốt.
手工,thuủ công,shǒugōng,做手工。,làm thủ công.
抵制,"ngăn chặn, ngăn lại",dǐzhì,抵制会议的召开,ngăn chặn triệu tập hội nghị.
明明,"rõ ràng, rành rành",míngmíng,这话明明是她说的，用不着问了。,"câu này rõ ràng là anh ấy nói, không cần hỏi lại nữa."
节日,ngày nghỉ,jiérì,,
大象,"voi, con voi",dà xiàng,,
宠物,vật nuôi,chǒngwù,,
简要,"giản đơn, giản yếu",jiǎnyào,简要的介绍。,giới thiệu tóm tắt.
里程碑,"cột mốc, mốc cây số",lǐchéngbēi,,
债券,phiếu công trái,zhàiquàn,,
发,"gửi, phát, giao",fā,发货,giao hàng
被告,bị cáo,bèigào,,
发射,"phát ra, phóng, bắn",fāshè,,
记忆,trí nhớ,jìyì,记忆犹新。,nhớ rõ mồn một.
川流不息,"như nước chảy, tấp lập",chuānliúbùxī,,
菜,món ăn,cài,种菜,trồng rau
压岁钱,tiền mừng tuổi,yāsuìqián,,
常务,thường vụ,chángwù,常务委员。,uỷ viên thường vụ.
撒谎,nói dối,sāhuǎng,,
依赖,"ỷ lại, dựa vào",yīlài,依赖性,tính ỷ lại
失望,thất vọng,shīwàng,,
太极拳,thái cực quyền,tàijí quán,,
专家,chuyên gia,zhuānjiā,,
背诵,đọc thuộc lòng,bèi sòng,背诵课文。,đọc thuộc lòng bài văn.
掩护,yểm hộ,yǎnhù,打掩护,đánh yểm trợ
支柱,"cây trụ, trụ chống",zhīzhù,支柱行业,trụ cột của sự nghiệp
私自,"một mình, tự mình",sīzì,私自逃跑。,một mình chạy trốn.
启事,"giao vặt, thông báo",qǐshì,征稿启事。,thông báo kêu gọi gửi bài.
忍受,chịu đựng,rěnshòu,无法忍受。,không còn cách nào chịu đựng nỗi.
模仿,bắt chước,mófǎng,用口哨模仿布谷鸟叫。,huýt sáo bắt chước theo tiếng chim cuốc.
实在,thực sự,shízài,实在的本事。,bản lĩnh đích thực.
舆论,dư luận,yúlùn,社会舆论,dư luận xã hội
修复,sửa,xiūfù,修复河堤。,tu sửa đê sông
攻击,"tiến công, tiến đánh",gōngjí,发动攻击,phát động tiến công
招聘,tuyển dụng,zhāopìn,招聘技术人员。,thông báo tuyển dụng nhân viên kỹ thuật.
制订,"quy định, định ra",zhìdìng,制订汉语拼音方案。,định ra phương án phiên âm của chữ Hán.
刀,dao,dāo,菜刀,dao thái rau
散文,văn xuôi,sǎnwén,,
就,"rồi, thì, vẫn",jiù,迁就。,dồn sát.
女士,"coô, chị, bà",nǚshì,,
消除,"loại bỏ, loại trừ",xiāochú,消除疾病。,trừ bệnh tật.
隔阂,sự bất hòa,géhé,感情隔阂,ngăn cách tình cảm
泰斗,"ngôi sao sáng, nhân vật được mọi người kính trọng",tàidǒu,京剧泰斗,ngôi sao sáng trong làng Kinh Kịch
洞,hang động,dòng,洞穴,hang động
扎实,"vững chắc, chắc chắn",zhāshi,把行李捆扎实了。,buộc hành lý lại cho chắn.
事情,"điều, sự việc",shìqíng,,
物质,vật chất,wùzhí,物质奖励,ban thưởng vật chất.
超过,vượt quá,chāoguò,他的车从左边超过了前面的卡车。,xe của anh ấy từ bên trái vượt qua chiếc xe tải trước mặt.
常年,sống lâu năm,chángnián,解放军战士常年守卫在祖国的海防前哨。,các chiến sĩ giải phóng quân quanh năm trấn giữ nơi tiền tiêu bờ biển của tổ quốc.
让,để cho,ràng,退让。,nhường.
传说,truyền thuyết,chuánshuō,村里传说他家有人立功了，不知道他弟兄俩谁当了英雄。,"trong thôn nói lại, nhà anh ấy có người lập công, không biết hai anh em anh ấy ai là anh hùng."
人员,nhân viên,rényuán,机关工作人员。,nhân viên công tác trong cơ quan.
报答,"báo đáp, đền đáp",bàodá,全厂职工决心创造更新的纪录，报答党的关怀。,toàn thể công nhân viên nhà máy quyết tâm tạo ra kỷ lục mới để đáp đền sự quan tâm của Đảng.
交流,"trao đổi, giao lưu",jiāoliú,物资交流。,trao đổi vật tư.
睁,mở to mắt,zhēng,睁眼,mở mắt
阳光,ánh sáng mặt trời,yángguāng,,
一边,"một bên, vừa...",yībiān,这块木料有一边儿不光滑。,tấm ván này có một mặt không nhẵn.
背,phía sau,bèi,这个责任我还背得起,trách nhiệm này tôi còn gánh vác nổi.
毅力,nghị lực,yìlì,学习没有毅力是不行的。,học tập mà không có nghị lực là không được.
牵扯,làm liên lụy,qiānchě,这事牵扯很多人。,Việc này liên quan đến nhiều người.
扛,gánh,káng,力能扛鼎,sức có thể nâng được đỉnh
矮,thấp,ǎi,矮 个儿。,dáng người thấp lùn.
大约,"chắc là, khoảng chừng",dàyuē,他大约有六十开外了。,ông ấy khoảng ngoài 60 tuổi.
排列,"sắp xếp,xếpđặt",páiliè,按字母次序排列。,xếp theo thứ tự chữ cái.
活力,sức sống,huólì,身上充满了青春的活力。,cơ thể tràn trề sức sống.
啊,"a, à",a,啊，出虹了!,"a, có cầu vồng kìa!"
协议,,xiéyì,双方协议，提高收购价格。,hai bên thương lượng với nhau nâng giá thu mua.
生机,sức sống,shēngjī,一线生机。,một tia hy vọng sống sót.
联想,"liên tưởng, nghĩ đến",liánxiǎng,联想丰富。,liên tưởng phong phú.
房东,chủ nhà,fángdōng,,
而已,"mà thôi, thế thôi",éryǐ,如此而已，岂有他哉。,"như thế mà thôi, có gì khác đâu."
功效,"công năng, công hiệu",gōngxiào,立见功效,thấy công hiệu ngay
华侨,hoa kiều,huáqiáo,,
定义,định nghĩa,dìngyì,,
茫茫,"mênh mông, mù mịt",mángmáng,茫茫大海。,biển mênh mông.
浅,nông,qiǎn,水浅。,nước cạn.
晕,"say (xe, tàu) chóng mặt",yūn,晕 倒,hôn mê; xỉu
鲜艳,"hiển nhiên, rõ ràng",xiānyàn,鲜艳夺目。,đẹp đến loá mắt
动机,động cơ,dòngjī,动机好，方法不对头，也会把事办坏。,"động cơ tốt, phương pháp không hay, cũng có thể làm hỏng việc."
颁布,ban hành,bānbù,颁布出版法,ban hành luật xuất bản
为了,vì,wèile,一切为了社会主义。,tất cả vì chủ nghĩa xã hội
双方,cả hai bên,shuāngfāng,男女双方。,hai bên nam nữ.
优势,ưu thế,yōushì,集中优势兵力。,tập trung binh lực ưu thế
好处,"lợi ích, điều tốt",hǎochù,喝酒过量对身体没有好处。,uống rượu quá nhiều không có lợi cho sức khoẻ.
依旧,"như cũ, vẫn cứ như cũ",yījiù,风物依旧,cảnh vật vẫn như xưa.
公证,công chứng,gōngzhèng,,
坡,"sườn dốc, dốc",pō,山坡。,sườn núi.
零星,"vụn vặt, linh tinh",língxīng,零星材料。,tài liệu linh tinh vụn vặt.
不但,không chỉ,bùdàn,不但以身作则，而且乐于助人,chẳng những lấy mình làm gương mà còn vui lòng giúp đỡ người khác.
傍晚,sẩm tối,bàngwǎn,傍晚去朋友家,sập tối đến nhà bạn
拥抱,"ôm, cái ôm",yǒngbào,,
传授,"truyền dạy, truyền thụ",chuánshòu,,
这儿,"đây, ở đây",zhè'er,打这儿起我每天坚持锻炼。,"từ đây, mỗi ngày tôi phải kiên trì luyện tập."
可怜,đáng thương,kělián,他刚三岁就死了父母，真是个可怜的孩子。,"đứa bé mới lên ba tuổi mà đã mồ côi cha mẹ, thật là một đứa trẻ đáng thương."
活泼,"sống động, hoạt bát",huópō,天真活泼的孩子。,đứa trẻ ngây thơ nhanh nhẹn.
临床,lâm sàng,línchuáng,临床经验。,kinh nghiệm lâm sàng.
钻石,kimcuowng,zuànshí,,
业务,nghiệp vụ,yèwù,业务能力,năng lực nghiệp vụ
季度,"quý, 3 tháng",jìdù,季度预算。,ngân sách của một quý.
艰苦,gian khổ,jiānkǔ,艰苦奋斗。,đấu tranh gian khổ.
傻,ngu ngốc,shǎ,傻头傻脑。,đầu óc ngu muội.
发抖,run rẩy,fādǒu,吓得发抖,sợ phát run.
完美,hoàn hảo,wánměi,完美无疵。,tốt đẹp hoàn toàn không chút tỳ vết.
导致,dẫn đến,dǎozhì,由矛盾导致决裂。,do mâu thuẫn dẫn đến đoạn tuyệt.
奖励,khen thưởng,jiǎnglì,物质奖励。,khen thưởng vật chất.
狭窄,hẹp,xiázhǎi,狭窄的走廊。,hành lang hẹp
更,"càng, hơn",gèng,变更,biến đổi; thay đổi
漂浮,"trôi, nổi, bập bềnh",piāofú,水上漂浮着几只小船。,trên mặt nước bồng bềnh mấy chiếc thuyền nhỏ.
机械,máy móc,jīxiè,工作方法太机械。,phương pháp công tác quá cứng nhắc.
骗,lừa dối,piàn,骗人。,lừa người.
糖葫芦,kẹo hồ lô,tánghúlu,,
古代,thời cổ đại,gǔdài,古代建筑,kiến trúc cổ đại.
转变,"chuyển biến, thay đổi",zhuǎnbiàn,思想转变,chuyển biến tư tưởng.
哺乳,cho bú,bǔrǔ,,
激动,"xúc động, khuấy động",jīdòng,情绪激动。,tình cảm xúc động.
事务,công việc,shìwù,事务繁忙。,công việc bận rộn.
悄悄,lặng lẽ,qiāoqiāo,我生怕惊醒了他，悄悄儿地走了出去。,"tôi sợ anh ấy tỉnh giấc, nhẹ nhàng đi ra ngoài."
嘴,miệng,zuǐ,张嘴,há miệng; mở miệng
季节,mùa,jìjié,季节性。,tính chất mùa vụ.
手续,thủ tục,shǒuxù,报名手续。,thủ tục đăng ký; thủ tục ghi danh.
弯,cong,wān,树枝都被雪压弯了。,cành cây bị tuyết đè trĩu cong cả xuống.
融化,"tan, hòa tan",rónghuà,,
行,đi,xíng,双行,hàng đôi
驾驶,lái xe,jiàshǐ,驾驶员。,người lái; phi công; tài xế.
昆虫,côn trùng,kūnchóng,,
番,"hồi, lần, phen",fān,番邦,ngoại bang
便宜,rẻ,piányí,便宜行事。,tuỳ nghi hành động
武装,vũ trang,wǔzhuāng,武装力量,lực lượng vũ trang
客户,khách hàng,kèhù,展销的新产品受到国内外客户的欢迎。,bày bán sản phẩm mới đã nhận được sự hoan nghênh của bạn hàng trong và ngoài nước.
左右,dù sao cũng,zuǒyòu,左右为难,tiến thoái lưỡng nan.
即将,sắp tới,jíjiāng,理想即将实现。,mơ ước sắp thành hiện thực.
挨,"bị, chịu đựng, gặp phải",āi,挨 门挨 户地检查卫生。,"kiểm tra vệ sinh từng nhà, từng hộ."
发觉,"phát hiện, phát giác",fājué,火扑灭了以后，他才发觉自己受了伤。,"sau khi dập tắt lửa, anh ấy mới biết mình bị thương."
号,số,hào,呼号,hô hoán
答应,"đồng ý, bằng lòng",dāyìng,喊了好几声，也没有人答应。,gọi mấy tiếng mà không có ai trả lời.
措施,biện pháp,cuòshī,计划已经订出，措施应该跟上。,kế hoạch đã đặt ra thì phải có biện pháp kèm theo.
延期,"dời ngày, kéo dài thời hạn",yánqí,,
钱,tiền,qián,一个钱。,một đồng tiền.
反对,phải đối,fǎnduì,反对侵略,phản đối xâm lược
经典,"kinh điển, cổ điển",jīngdiǎn,博览经典。,đọc nhiều tác phẩm kinh điển.
借鉴,"điều răn, lấy làm gương",jièjiàn,,
清澈,"trong veo, trong suốt",qīngchè,湖水清澈见底。,"nước hồ trong suốt, nhìn thấy tận đáy."
痛苦,đau khổ,tòngkǔ,痛苦的生活,cuộc sống đau khổ
模式,"kiểu mẫu, khuôn mẫu",móshì,模式图。,bản vẽ mẫu.
内幕,"nội tình, tình hình bên trong",nèimù,,
果断,"quả quyết, quả đoán",guǒduàn,他处理问题很果断。,anh ấy giải quyết vấn đề rất quyết đoán.
运用,vận dụng,yùnyòng,运用自如,vận dụng thành thạo
关系,mối quan hệ,guānxì,正确处理科学技术普及和提高的关系。,giải quyết chính xác mối liên quan giữa nâng cao và phổ cập khoa học kỹ thuật.
验收,nghiệm thu,yànshōu,,
歹徒,tên vô lại,dǎitú,,
附近,"kế bên, phụ cận",fùjìn,附近地区,vùng lân cận
居然,"lại, lại có thể",jūrán,我真没想到他居然会做出这件事来。,tôi không thể ngờ được anh ấy lại có thể gây ra chuyện này.
嚷,kêu gào,rǎng,别嚷了，人家都睡觉了。,"đừng gào lên nữa, mọi người đã ngủ cả rồi."
贫困,nghèo nàn,pínkùn,,
棒,gậy,bàng,木棒,gậy gỗ
魄力,"kiên quyết, quyết đoán",pòlì,,
片面,phiến diện,piànmiàn,片面性。,tính phiến diện.
化肥,phân bón,huàféi,,
踪迹,dấu vết,zōngjī,各个角落都找遍了，仍然不见踪迹。,tìm ở mọi xó xỉnh rồi mà vẫn không thấy bóng dáng nó đâu cả.
打电话,gọi điện thoại,dǎ diànhuà,,
客观,khách quan,kèguān,客观存在。,tồn tại khách quan.
忙,bận rộn,máng,繁忙。,bận rộn.
压制,áp chế,yāzhì,不要压制批评。,không nên phê bình một cách áp đặt
鞋,"giày, dép",xié,一双鞋 。,một đôi giầy
催,thúc giục,cuī,图书馆来信，催 他还书。,thư viện gởi thư đến giục anh ta trả sách.
航行,"đi, vận chuyển",hángxíng,,
操作,thao tác,cāozuò,操作方法。,phương pháp thao tác
参考,tham khảo,cānkǎo,参考书。,sách tham khảo
请教,"thỉnh giáo, xin chỉ bảo",qǐngjiào,虚心向别人请教。,"khiêm tốn, xin ý kiến chỉ bảo của mọi người."
屏障,rào chắn,píngzhàng,燕山山地和西山山地是北京天然的屏障。,vùng núi Tây Sơn và Yến Sơn là bức bình phong thiên nhiên che chở cho Bắc Kinh.
拣,,jiǎn,拣要紧的说。,lựa điều cần thiết mà nói.
管子,ống,guǎnzi,自来水管子,ống nước máy
改良,"thay đổi, cải tiến, cải tạo",gǎiliáng,改良土壤,cải tiến đất đai.
陡峭,"dốc đứng, dốc ngược",dǒuqiào,这个陡峭的山峰连山羊也上不去。,"vách núi dốc như thế này, ngay cả sơn dương cũng không lên được."
挂号,đăng đý,guàhào,看病要先挂号,khám bệnh nên lấy số trước.
支配,"an bài, sắp xếp",zhīpèi,合理支配时间。,sắp xếp thời gian hợp lý.
民主,dân chủ,mínzhǔ,,
掩盖,giấu,yǎngài,大雪掩盖着田野。,tuyết phủ kín cánh đồng
搂,ôm,lǒu,搂柴火。,đi ôm củi.
无可奈何,"đành chịu, không biết làm thế nào",wúkěnàihé,,
繁殖,"sinh sôi, nẩy nở",fánzhí,,
米饭,cơm,mǐfàn,,
变迁,thay đổi,biànqiān,陵谷变迁。,dâu biển đổi dời
词典,từ điển,cídiǎn,,
广大,rộng lớn,guǎngdà,广大区域,khu vực rộng
难看,xấu xí,nánkàn,这匹马毛都快掉光了， 实在难看。,"con ngựa này lông sắp rụng sạch cả rồi, quả thật khó coi."
最后,cuối cùng,zuìhòu,最后胜利一定属于我们。,thắng lợi cuối cùng nhất định thuộc về chúng ta.
放心,yên tâm,fàngxīn,你只管放心，出不了错。,"anh hãy yên tâm, không xảy ra việc gì đâu."
烘,"sưởi ấm, sấy",hōng,烘箱,máy sấy
焦急,"lo lắng, nôn nóng",jiāojí,焦急万分。,muôn phần lo lắng.
来不及,không kịp,láibují,还有一个钟头就开车，来不及出城看他去了。,"còn một giờ đồng hồ nữa là xe chạy, không kịp ra ngoại ô thăm anh ấy được."
搞,làm,gǎo,搞生产,làm sản xuất
流通,"lưu thông, thoáng, không bí",liútōng,流通空气。,không khí lưu thông.
固体,thể rắn,gùtǐ,,
发现,"khám phá, phát hiện",fāxiàn,发现新的基本粒子,tìm ra hạt cơ bản mới
相连,liên quan,xiānglián,,
特色,đặc tính,tèsè,民族特色,đặc sắc dân tộc
究竟,rốt cuộc,jiùjìng,大家都想知道个究竟。,mọi người đều muốn biết phần cuối.
太,quá,tài,太空,bầu trời cao rộng
哨,"đồn, trạm gác",shào,哨卡。,trạm gác.
急剧,"cấp tốc, nhanh chóng",jíjù,气温急剧下降。,nhiệt độ tụt xuống nhanh chóng.
祝,chúc,zhù,祝你健康,chúc anh mạnh khoẻ
分红,"chia hoa hồng, chia lãi",fēnhóng,年终分红,chia lợi nhuận cuối năm
淡水,nước ngọt,dànshuǐ,淡水湖,hồ nước ngọt
真,"thật sự, thực sự",zhēn,真心诚意。,chân thành; thành tâm thành ý
放弃,từ bỏ,fàngqì,放弃阵地,bỏ trận địa
出席,"dự họp, có mặt",chūxí,报告出席人数。,báo cáo số người đến dự hội nghị.
分,phân chia,fēn,分裂,phân liệt; rạn nứt
暂且,,zànqiě,暂且如此,tạm thời như thế
解散,giải tán,jiěsàn,队伍解散后，大家都在操场上休息喝水。,"sau khi giải tán đội ngũ, mọi người nghỉ ngơi uống nước trên thao trường."
馋,"thèm, ham",chán,嘴馋。,miệng thèm ăn.
停止,dừng lại,tíngzhǐ,停止演习,đình chỉ diễn tập
土地,đất,tǔdì,土地肥沃,ruộng đất phì nhiêu; đất đai phì nhiêu
人性,nhân tính,rénxìng,不通人性。,không hiểu tính người.
天文,thiên văn học,tiānwén,,
看法,"quan điểm, cách nhìn",kànfǎ,谈两点看法。,bàn về hai quan điểm.
抗议,kháng nghị,kàngyì,,
换,thay đổi,huàn,交换,trao đổi
上,trên,shàng,上部。,phần trên.
咀嚼,"nhai kỹ, nghiền ngẫm",jǔjué,,
高潮,"cao trào, đỉnh điểm",gāocháo,,
序言,lời nói đầu,xùyán,,
建议,"đề xuất, kiến nghị",jiànyì,我建议休会一天。,tôi đề nghị nghỉ họp một ngày.
合伙,"kết hội, chung vốn",héhuǒ,合伙经营,hùn vốn kinh doanh
衔接,"gắn liền, nối tiếp",xiánjiē,两个阶段必须衔接。,hai giai đoạn phải nối tiếp nhau.
手机,điện thoại di động,shǒujī,,
钞票,giấy bạc,chāopiào,,
假如,nếu như,jiǎrú,假如明天不下雨，我一定去。,"nếu ngày mai trời không mưa, tôi nhất định đi."
黑板,bảng đen,hēibǎn,,
安装,lắp đặt,ānzhuāng,安装自来水管,lắp đặt ống nước
危险,nguy hiểm,wéixiǎn,危险期,thời kì nguy hiểm
违背,vi phạm,wéibèi,违背规章制度,làm trái chế độ quy định
手指,ngón tay,shǒuzhǐ,,
倾斜,"nghiêng, lệch, xiêu vẹo",qīngxié,倾斜度。,độ nghiêng.
挣钱,kiếm tiền,zhèng qián,,
观察,"quan sát, xem xét",guānchá,观察地形,quan sát địa hình
水泥,xi măng,shuǐní,,
学生,học sinh,xuéshēng,,
接着,"sau dó, tiếp theo",jiēzhe,我往下扔，你在下面接着。,"tôi ném xuống, anh ở dưới chụp lấy."
世纪,thế kỷ,shìjì,,
朋友,người bạn,péngyǒu,您好，亲爱的朋友!,xin chào các bạn thân mến của tôi!
习惯,thói quen,xíguàn,习惯成自然。,quen rồi trở thành tự nhiên.
浏览,xem lướt qua,liúlǎn,浏览市容。,nhìn lướt qua bộ mặt của thành phố.
成交,giao dịch,chéngjiāo,,
轮流,thay phiên nhau,lúnliú,轮流值日。,luân phiên trực ban.
不得了,cực kỳ,bùdéliǎo,哎呀，不得了，着火了!,"Trời ơi, nguy quá, cháy rồi!"
说话,nói,shuōhuà,这人不爱说话儿。,người này không thích nói chuyện.
拔苗助长,dũng tốc bất đạt,bámiáozhùzhǎng,,
难怪,"thảo nào, chẳng trách",nánguài,难怪他今天这么高兴， 原来新机器试验成功了。,"hoá ra là máy mới thử nghiệm thành công, thảo nào hôm nay anh ấy vui vẻ như vậy."
充分,"dồi dào, dầy đủ",chōngfèn,你的理由不充分。,lí do của anh không đầy đủ.
捞,"kiếm, moi, vét, mò",lāo,打捞。,vét.
作品,tác phẩm,zuòpǐn,绘画作品,tác phẩm hội hoạ
责怪,khiển trách,zéguài,是我没说清楚，不能责怪他。,"tại tôi không nói rõ, không nên trách anh ấy."
连锁,"dây chuyền, móc vào nhau",liánsuǒ,连锁反应。,phản ứng dây chuyền.
成就,thành tựu,chéngjiù,成就革命大业。,hoàn thành sự nghiệp cách mạng lớn lao.
感动,cảm động,gǎndòng,看到战士舍身救人的英勇行为，群众深受感动。,"nhìn thấy những hành động anh dũng xả thân cứu người của chiến sĩ, quần chúng vô cùng xúc động."
台,cỗ (máy) buổi (kịch),tái,瞭望台,đài quan sát
频繁,thường xuyên,pínfán,交往频繁。,đi lại nhiều lần.
血压,huyết áp,xiěyā,,
明星,minh tinh,míngxīng,电影明星。,ngôi sao điện ảnh.
荣誉,"vinh dự,vẻ vang",róngyù,荣誉感。,niềm vinh dự.
气象,khí tượng học,qìxiàng,一片新气象。,một cảnh tượng mới.
桔子,quả quýt,júzi,,
威力,"sức mạnh, uy lực",wēilì,威力圈,phạm vi sức mạnh
选举,bầu cử,xuǎnjǔ,,
嘉宾,khách,jiābīn,,
主人,"chủ nhâ, chủ sở hữu",zhǔrén,磨坊主人,chủ cơ sở xay xát
接近,tiếp cận,jiējìn,接近群众。,gần gũi với quần chúng.
肆无忌惮,"trắng trợn, không kiêng nể gì cả",sìwújìdàn,,
零,"số không, lẻ",líng,零用。,tiêu vặt.
误会,hiểu lầm,wùhuì,我误会了他的意思。,tôi đã hiểu lầm ý anh ấy.
联络,"liên lạc, liên hệ",liánluò,联络员。,liên lạc viên; giao liên.
古典,cổ điển,gǔdiǎn,古典哲学,triết học cổ điển
灯笼,đèn lồng,dēnglóng,,
根,"nguồn gốc, rễ cây",gēn,这孩子是他们家的根。,đứa bé này là hậu thế của gia đình họ.
秤,cái cân,chèng,,
现代,hiện đại,xiàndài,,
校长,hiệu trưởng,xiàozhǎng,,
和蔼,"hòa nhã, dễ gần",hé'ǎi,和蔼可亲,hoà nhã dễ gần
友谊,tiình bạn,yǒuyì,深厚的友谊,tình hữu nghị nồng nàn
跟前,"cạnh, gần, bên cạnh",gēnqián,请你到我跟前来。,mời anh hãy đến gần tôi.
则,thì,zé,准则,chuẩn tắc
辩解,biện giải,biànjiě,错了就错了，不要辩解。,"sai rồi thì thôi, đừng thanh minh thanh nga nữa"
真实,"chân thật, chân thực",zhēnshí,真实情况,tình huống thật
诞辰,ngày sinh nhật,dànchén,,
火柴,diêm,huǒchái,,
观光,tham quan,guānguāng,观光客,khách tham quan
隐私,bảo mật,yǐnsī,,
游览,chuyến du lịch,yóulǎn,游览黄山,du lịch Hoàng sơn.
泡沫,bọt,pàomò,,
提议,đề xuất,tíyì,有人提议，今天暂时休会。,"có người đề nghị, hôm nay tạm nghỉ họp."
补贴,tiền trợ cấp,bǔtiē,,
分布,"phân phối, phân phát",fēnbù,人口分布图,bản đồ phân bố dân số
雪,tuyết,xuě,雪白,trắng như tuyết
起码,ít nhất,qǐmǎ,起码的条件。,điều kiện tối thiểu.
字典,tự điển,zìdiǎn,,
写,viết,xiě,写草字。,viết chữ thảo
拄,chống (gậy),zhǔ,拄着拐棍儿走。,chống gậy đi.
搓,"xoay, xoắn, vặn",cuō,急得他直搓 手。,cuống đến mức nó chỉ biết xoa tay.
正气,bầu không khí lành mạnh,zhèngqì,正气上升，邪气下降。,"chính khí dâng lên, tà khí hạ xuống."
革命,cách mạng,gémìng,工人阶级是最革命的阶级。,giai cấp công nhân là giai cấp có ý thức cách mạng nhất.
密封,"niêm phong, dán kín",mìfēng,用白蜡密封瓶口以防药物发潮或挥发。,dùng sáp bịt kín miệng chai đề phòng thuốc bị ẩm hoặc bị bay hơi.
界限,giới hạn,jièxiàn,划清无产阶级和资产阶级的思想界限。,vạch rõ ranh giới giữa giai cấp vô sản và giai cấp tư sản.
逮捕,bắt giữ,dàibǔ,逮捕归案,bắt tội phạm về quy án.
敏捷,nhanh nhẹn,mǐnjié,,
捡,nhặt,jiǎn,捡粪。,nhặt phân.
奇妙,"kỳ diệu, tinh xảo",qímiào,,
配合,phối hợp,pèihé,他两人的双打配合得很好。,"hai người họ đánh đôi, phối hợp rất tốt."
计划,kế hoạch,jìhuà,计划性。,có kế hoạch.
温柔,dịu dàng,wēnróu,,
生日,sinh nhật,shēngrì,七月一日是中国共产党的生日。,ngày 1-7 là ngày thành lập Đảng cộng sản Trung Quốc.
敢,dám,gǎn,勇敢,dũng cảm
差不多,"xấp xỉ, gần giống nhau",chàbùduō,这两种颜色差不多。,hai màu này gần giống nhau.
志愿者,người tình nguyện viên,zhìyuàn zhě,,
的,của,de,铁的纪律,kỷ luật sắt
至今,cho đến nay,zhìjīn,他回家以后至今还没有来信。,sau khi anh ấy về nhà đến bây giờ vẫn chưa gửi thơ đến.
忧郁,"buồn thương, sầu muộn",yóuyù,神情忧郁,vẻ sầu muộn
出身,xuất thân,chūshēn,店员出身。,xuất thân là người bán hàng.
沉淀,chất kết tủa,chéndiàn,,
过度,"quá độ, quá mức",guòdù,过度疲劳,quá mệt mỏi
动物,động vật,dòngwù,,
确实,thực sự,quèshí,确实性。,tính xác thực.
档次,"đẳng cấp, cấp bậc",dàngcì,商品种类很多，档次全。,"chủng loại sản phẩm rất nhiều, có mọi cấp bậc."
牲畜,chăn nuôi,shēngchù,牲畜家禽。,súc vật gia cầm.
呼啸,"gào thét, rít, hò hét",hūxiào,北风呼啸,gió bấc rít
住宅,nhà ở,zhùzhái,住宅区,khu nhà ở
颗,"hạt, hòn, viên",kē,一颗珠子。,một viên ngọc.
爱不释手,quyến luyến không dời,àibùshìshǒu,,
放,"đặt, thả",fàng,把俘虏放回去。,thả tù binh
夜,đêm,yè,夜晚,đêm
俗话,tục ngữ,súhuà,,
七,"bảy, số bảy",qī,,
精打细算,tính toán tỉ mỉ,jīngdǎxìsuàn,,
粘贴,dán,zhāntiē,粘贴标语,dán biểu ngữ
垄断,"lũng đoạn, độc quyền",lǒngduàn,垄断市场。,lũng đoạn thị trường.
局部,"cục bộ, bộ phận",júbù,局部麻醉。,bộ phận gây mê.
剪刀,"kéo, cái kéo",jiǎndāo,,
开辟,"mở,sáng lập,khai thác",kāipì,开辟航线。,mở tuyến đường bay.
屑,"vụn, nhỏ",xiè,铁屑 。,mạt sắt
气概,"khí khái, khí phách",qìgài,无产阶级有战胜一切困难的英雄气概。,giai cấp vô sản có khí phách anh hùng chiến thắng tất cả mọi khó khăn.
始终,từ đầu đến cuối,shǐzhōng,贯彻始终。,quán triệt từ đầu đến cuối.
座右铭,"lời răn, lời cách ngôn",zuòyòumíng,,
一律,luôn luôn,yīlǜ,千篇一律,bài nào cũng giống bài nào; thơ văn đơn điệu nhàm chán.
时髦,hợp thời trang,shímáo,赶时髦。,chạy theo mốt.
支流,"nhánh sông, dòng chảy",zhīliú,,
眼下,trước mắt,yǎnxià,,
对话,cuộc đối thoại,duìhuà,精彩的对话。,lời đối thoại đặc sắc.
夫妇,,fūfù,新婚夫妇,vợ chồng mới cưới
柴油,dầu ma dút,cháiyóu,,
任意,tự ý,rènyì,任意行动。,tuỳ ý hành động.
据说,nghe nói,jùshuō,,
平,dựa vào,píng,平坦。,bằng phẳng.
骄傲,kiêu ngạo,jiāo'ào,骄傲自满。,kiêu ngạo tự mãn.
提前,trước,tíqián,提前动身,lên đường sớm; lên đường trước.
洗衣机,máy gặt,xǐyījī,,
国防,quốc phòng,guófáng,巩固国防,củng cố quốc phòng
渗透,thẩm thấu,shèntòu,雨水渗透了泥土。,nước mưa ngấm vào đất bùn.
兑换,trao đổi,duìhuàn,兑换现金,đổi tiền mặt
身份,thân phận,shēnfèn,,
兴趣,hứng thú,xìngqù,我对下棋不感兴趣。,tôi không thích đánh cờ; tôi không có hứng thú đối với việc đánh cờ.
转告,"chuyển lời, nói lại",zhuǎngào,他让我转告你，他明天不能来了。,"anh ấy nhờ tôi nói lại với anh, ngày mai anh ấy không đến được."
谈判,cuộc đàm phán,tánpàn,和平谈判,đàm phán hoà bình
试卷,bài thi,shìjuàn,,
存,"tồn tại, bảo tồn",cún,残存 。,còn sót lại.
品种,"giống, loại, chủng loại",pǐnzhǒng,植物的品种,giống cây trồng
终于,cuối cùng,zhōngyú,试验终于成功了。,thí nghiệm cuối cùng đã thành công.
钢铁,sắt thép,gāngtiě,钢铁战士,chiến sĩ kiên cường
参照,"tham chiếu, bắt trước",cānzhào,参照执行。,chấp hành theo
抵达,"đến nơi, tới, đạt được",dǐdá,抵达目的,đạt được mục đích
锁,khóa,suǒ,锁门。,khoá cửa.
犹如,như,yóurú,灯烛辉煌，犹如白昼。,"đèn đuốc sáng trưng, giống như ban ngày."
着凉,"cảm lạnh,nhiễm lạnh",zháoliáng,外面挺冷，当心着凉。,"bên ngoài rất lạnh, cẩn thận kẻo bị cảm lạnh đấy."
紧迫,"caấp bách, gấp rút",jǐnpò,任务紧迫。,nhiệm vụ cấp bách.
缴纳,"nộp, giao nộp",jiǎonà,缴纳公粮。,nộp công lương.
胃,dạ dày,wèi,,
代价,"giá phải trả, chi phí",dàijià,胜利是用血的代价换来的。,thắng lợi phải trả giá bằng máu.
历史,lịch sử,lìshǐ,地球的历史。,lịch sử của trái đất.
飞禽走兽,"chim bay cá nhảy, chim trời  cá nước",fēiqín zǒushòu,,
操心,lo lắng,cāoxīn,为国事操心。,lao tâm khổ trí vì việc nước
趴,"nằm bò, nằm sấp",pā,趴在地上射击。,nằm sấp trên mặt đất bắn súng.
了解,hiểu,liǎojiě,只有眼睛向下， 才能真正了解群众的愿望和要求。,chỉ có tận mắt xem xét thì mới thực sự hiểu được những tâm nguyện và nhu cầu của quần chúng.
固有,"vốn có, sẵn có, cố hữu",gùyǒu,固有文化,văn hoá bản địa
脖子,cổ,bózi,,
考察,"khảo sát, quan sát",kǎochá,他们到各地考察水利工程。,bọn họ đã đi đến nhiều nơi để khảo sát các công trình thuỷ lợi.
恶化,"chuyển biến xấu, thay đổi xấu đi",èhuà,防止病情恶化。,ngăn ngừa bệnh tình chuyển biến xấu đi.
翻译,phiên dịch,fānyì,翻译外国小说。,dịch tiểu thuyết nước ngoài
耳朵,tai,ěrduǒ,,
明显,rõ ràng,míngxiǎn,字迹明显。,nét chữ rõ ràng.
皮肤,da,pífū,,
鉴别,"phân biệt, giám định",jiànbié,鉴别古物。,giám định đồ cổ.
错,sai,cuò,交错 。,đan chéo vào nhau.
侮辱,"làm nhục, sỉ nhục",wǔrǔ,,
卑鄙,dđáng khinh,bēibǐ,卑鄙无耻。,bỉ ổi vô liêm sỉ
幻想,ảo tưởng,huànxiǎng,科学幻想,khoa học giả tưởng
循序渐进,tiêến hành theo trật tự,xúnxùjiànjìn,,
调皮,nghịch ngợm,tiáopí,,
打工,"làm công, làm thuê",dǎgōng,打工仔,người làm công; thằng làm công
伪造,giả mạo,wèizào,伪造证件,giấy tờ giả
苍白,tái nhợt,cāngbái,脸色苍白。,sắc mặt nhợt nhạt
波浪,sóng,bōlàng,波浪起伏。,sóng nhấp nhô
怪不得,chẳng trách,guàibùdé,天气预报说今晚有雨，怪不得这么闷热。,"dự báo thời tiết nói hôm nay có mưa, thảo nào trời oi bức quá."
洪水,lũ,hóngshuǐ,洪水泛滥,nước lũ tràn lan; tràn ngập.
成为,trở thành,chéngwéi,在党的培养教育下，他成为一名优秀的共青团员。,"dưới sự bồi dưỡng, giáo dục của Đảng, anh ta đã trở thành một đoàn viên thanh niên ưu tú."
俩,cả hai,liǎ,咱俩。,hai chúng ta.
表现,biểu hiện,biǎoxiàn,在生产竞赛中他们表现了非常热情积极的态度。,bọn họ thể hiện thái độ vô cùng nhiệt tình tích cực trong thi đua sản xuất
辣,cay,là,酸甜苦辣。,chua ngọt đắng cay.
肩膀,vai,jiānbǎng,肩膀儿硬(能担负重大责任)。,bờ vai rắn chắc (ví với đảm
著作,tác phẩm,zhùzuò,从事著作多年。,sáng tác đã nhiều năm
风险,rủi ro,fēngxiǎn,担风险,gánh lấy nguy hiểm.
延续,tiếp tục,yánxù,,
州,châu ( đơn vị hành chính),zhōu,,
欲望,ham muốn,yùwàng,求知的欲望,ham học hỏi; ham muốn tìm hiểu tri thức.
争先恐后,chen lấn lên trước sợ rớt lại sau,zhēngxiānkǒnghòu,,
片刻,chốc lát,piànkè,,
压力,áp lực,yālì,舆论的压力,áp lực của dư luận
假,"sai, giả",jiǎ,假话。,lời nói dối.
蔬菜,rau,shūcài,,
灵活,linh hoạt,línghuó,手脚灵活。,tay chân nhanh nhẹn.
鸽子,chim bồ câu,gēzi,,
乐趣,"niềm vui, hứng thú",lèqù,工作中的乐趣是无穷的。,niềm vui trong công việc thật là vô tận.
继承,"kế thừa, kế tục",jìchéng,继承先烈的遗业。,kế thừa sự nghiệp của các bậc tiền bối.
猪,"lợn, heo",zhū,,
遭受,"gặp, bị, chịu",zāoshòu,遭受打击,bị đả kích
胜负,"thắng  bại, được thua",shèng fù,从长远看，战争的胜负决定于战争的性质。,nhìn về lâu dài thì sự thắng bại của cuộc chiến này còn phụ thuộc vào tính chất của cuộc chiến.
询问,hỏi,xúnwèn,,
叫,gọi,jiào,鸡叫。,gà gáy.
蒙,lừa gạt,méng,欺上蒙下。,dối trên lừa dưới.
仍旧,"nhuư cũ, như trước",réngjiù,他虽然遇到许多困难，可是意志仍旧那样坚强。,"mặc dù anh ấy gặp nhiều khó khăn, nhưng ý chí vẫn kiên cường như trước."
凶恶,hung dữ,xiōng'è,凶恶的面目。,mặt mũi hung ác; mặt mày hung ác.
表面,"mặt ngoài, bề ngoài",biǎomiàn,你不能只看事情的表面。,anh không thể chỉ nhìn bề ngoài của sự việc
斜,nghiêng,xié,倾斜 。,nghiêng
打官司,kiện,dǎ guānsī,,
粉末,"bụi, phấn,bột",fěnmò,金属粉末,bụi kim loại
贷款,cho vay,dàikuǎn,向银行贷款五十万元。,vay ngân hàng 500.000 đồng.
表扬,khen ngợi,biǎoyáng,表扬劳动模范。,biểu dương lao động tiên tiến
权威,"uy tín, quyền uy",quánwēi,权威著作。,tác phẩm quyền uy.
顺利,thuận lợi,shùnlì,工作顺利。,công tác thuận lợi.
赋予,"giao cho, trao cho",fùyǔ,这是历史赋予我们的重任。,đây là nhiệm vụ quan trọng mà lịch sử đã trao cho chúng ta.
灵敏,nhanh nhẹn,língmǐn,动作灵敏。,động tác nhanh nhẹn.
摸,chạm,mō,我摸了摸他的脸，觉得有点儿发烧。,"tôi sờ tay lên mặt anh ấy, cảm thấy anh ấy hơi bị sốt."
峡谷,"khe hẹp, hẻm núi, khe sâu",xiágǔ,,
瀑布,thác nước,pùbù,,
注册,đăng ký,zhùcè,注册商标,đăng ký nhãn hiệu
耸,đứng thẳng,sǒng,高耸入云。,cao vút tầng mây.
坚强,"mạnh mẽ, kiên cường",jiānqiáng,意志坚强。,ý chí kiên cường.
层,"tầng, lớp",céng,层峦叠嶂。,núi non trùng điệp
变故,"biến cố, tai nạn",biàngù,发生了变故。,xảy ra tai nạn
是否,"phải chăng, hay không",shìfǒu,他是否能来，还不一定。,anh ấy có đến được hay không vẫn chưa dứt khoát.
聊天,trò chuyện,liáotiān,,
收获,thu hoạch,shōuhuò,春天播种，秋天收获。,"mùa xuân gieo trồng, mùa thu gặt hái."
托运,ủy thác vận chuyển,tuōyùn,托运行李,gửi chuyển hành lý
烟花爆竹,"chỉ cảnh cháy nổ, nguy hiểm",yānhuā bàozhú,,
认真,"nghiêm túc, chăm chỉ",rènzhēn,人家说着玩儿，你怎么就认起真来了?,"mọi người nói đùa thôi, sao bạn lại tin là thật?"
拘留,"tạm giam, tạm giữ",jūliú,,
规律,quy luật,guīlǜ,基本经济规律。,quy luật kinh tế cơ bản.
称赞,khen ngợi,chēngzàn,,
刚刚,vừa mới,gānggāng,不多不少，刚刚一杯。,"không nhiều không ít, vừa đủ một ly."
奔波,nbôn ba,bēnbō,老先生奔波一世。,ông cụ đã bôn ba cả cuộc đời.
如何,"làm sao, như thế nào",rúhé,近况如何?,tình hình gần đây như thế nào?
挖掘,khai quật,wājué,挖掘地下的财富。,khai thác của cải dưới lòng đất.
命名,đặt tên,mìngmíng,命名典礼。,lễ đặt tên.
胡乱,"qua loa, qua quýt, tùy tiện",húluàn,胡乱涂上几笔。,vẽ qua loa vài đường.
枯燥,"khô khan, đơn điệu",kūzào,生活枯燥。,cuộc sống đơn điệu.
迫害,bức hại,pòhài,,
死亡,sự chết,sǐ wáng,死亡率。,tỉ lệ tử vong.
洽谈,"trò chuyện, bàn luận",qiàtán,,
正常,bình thường,zhèngcháng,精神正常,tinh thần bình thường.
北方,phương bắc,běifāng,,
中午,buổi trưa,zhōngwǔ,,
采纳,"tiếp nhận, tiếp thu",cǎinà,采纳群众的意见。,tiếp thu ý kiến của quần chúng
夏令营,trại hè,xiàlìngyíng,,
间谍,gián điệp,jiàndié,,
推测,"suy nghĩ, dự đoán",tuīcè,无从推测,không thể suy đoán
机场,sân bay,jīchǎng,,
含义,"hàm nghĩa, ý nghĩa",hányì,含义深奥。,ý nghĩa sâu sắc.
风暴,gió bão,fēngbào,革命的风暴,bão táp cách mạng
妻子,vợ,qīzi,,
毛病,"lỗi, tật xấu",máo bìng,孩子有毛病，不要让他受凉了。,"thằng bé bị ốm, đừng để nó nhiễm lạnh."
花,hoa,huā,一朵花儿。,một bông hoa
收音机,radio,shōuyīnjī,,
机密,"cơ mật, bí mật",jīmì,机密文件。,văn kiện cơ mật.
珍稀,hiếm,zhēnxī,大熊猫、金丝猴、野牦牛是中国的珍稀动物。,"gấu trúc, khỉ lông vàng, trâu lùn hoang, đều là động vật quý hiếm của Trung Quốc."
硕士,thạc sỹ,shuòshì,,
淡季,"trái mùa, mùa ế hàng",dànjì,蔬菜淡季,rau quả trái mùa
清除,"loại bỏ, quét sạch",qīngchú,清除路上的积雪。,quét sạch tuyết trên đường.
光临,sự hiện diện,guānglín,敬请光临,xin mời đến dự
修养,nghỉ ngơi điều dưỡng,xiūyǎng,理论修养,trình độ lý luận
场,,chǎng,赶场 。,họp chợ
扇子,cái quạt,shànzi,扇(shān) 扇子。,quạt (bằng quạt).
后代,con cháu,hòudài,这些远古的事，大都是后代人们的推测。,"những việc xa xưa đó, phần lớn do người đời sau suy đoán ra."
以至,"cho đến, cứ thế",yǐzhì,实践、认识、再实践、再认识，这种形式，循环往复以至无穷，而实践和认识之每一循环的内容，都比 较地进到了高一级的程度。,"trải qua thực tế rồi lại nhận thức, qua thực tế rồi lại nhận thức, loại hình nhận thức này cứ lặp đi lặp lại mãi, nhưng nội dung nhận thức qua mỗi vòng lặp nhận thức và thực tiễn sẽ đạt đến một mức độ cao hơn."
故障,"trục trặc, hỏng hóc",gùzhàng,发生故障,xảy ra sự cố
最好,tốt nhât,zuì hǎo,煮咖啡的最好方法。,phương pháp pha cà phê ngon nhất
症状,"bệnh trạng, triệu chứng",zhèngzhuàng,,
坏,"hỏng, xấu",huài,工作做得不坏。,công việc làm không tồi.
彼此,lẫn nhau,bǐcǐ,不分彼此。,không phân biệt bên này với bên kia
投掷,"ném, vứt, quăng",tóuzhí,投掷标枪,ném lao; phóng lao
所,"chỗ, chốn, nơi",suǒ,场所。,nơi.
脆弱,"mỏng manh, yếu đuối",cuìruò,感情脆弱。,tình cảm yếu đuối.
黄,màu vàng,huáng,黄货,vàng
安静,yên lặng,ānjìng,病人需要安静,người bệnh cần phải được yên tĩnh
筛选,"sàng lọc, sàng chọn",shāixuǎn,,
充沛,"tràn đầy, dồi dào",chōngpèi,精力充沛。,tinh lực dồi dào.
黎明,rạng đông,límíng,黎明即起。,bình minh đến rồi.
交涉,"can thiệp,đàm phán, điều đình",jiāoshè,办交涉。,làm công tác can thiệp.
小麦,lúa mì,xiǎomài,,
战役,chiến dịch,zhànyì,渡江战役,chiến dịch vượt sông.
米,mét,mǐ,小米。,hạt kê.
北极,bắc cực,běijí,,
贸易,buôn bán,màoyì,对外贸易。,mua bán với nước ngoài.
终究,"chung quy, cuối cùng",zhōngjiù,一个人的力量终究有限。,chung quy sức lực của một người thì có hạn.
签订,ký,qiāndìng,两国签订了贸易议定书和支付协定。,hai nước đã kí kết nghị định thương mại và hiệp định chi trả.
品德,đạo đức,pǐndé,可贵的品德,đức tính đáng quý
鼓舞,cổ vũ,gǔwǔ,鼓舞人心,cổ vũ lòng người
同情,"đồng tình, thông cảm",tóngqíng,同情心,lòng thông cảm
程度,mức độ,chéngdù,文化程度。,trình độ văn hoá.
光芒,"tia sáng, hào quang",guāngmáng,光芒万丈,hào quang muôn trượng.
推辞,từ chối,tuīcí,,
靠拢,"dựa, dựa sát",kàolǒng,大家靠拢一 点。,mọi người dựa sát vào nhau một tý.
伯母,bác gái,bómǔ,,
要求,yêu cầu,yāoqiú,要求入党,hi vọng được vào Đảng.
然后,sau đó,ránhòu,学然后知不足。,học rồi mới biết là chưa đủ.
绝对,quyết định,juéduì,绝对服从。,phục tùng tuyệt đối.
缺点,"khuyết điểm, thiếu sót",quēdiǎn,,
优胜劣汰,"mạnh mẽ thì tồn tại, yếu kém thì bị đào thải",yōushèngliètài,,
裤子,quần,kùzi,一 条裤子。,một cái quần.
短促,"ngắn  ngủi, cấp bách",duǎncù,生命短促,mạng sống ngắn ngủi; sinh mệnh ngắn ngủi.
报名,ghi tên,bàomíng,报名投考,ghi tên dự thi
发火,nổi giận,fāhuǒ,发火点,điểm cháy.
歪,"nghiêng, lệch, xiêu vẹo",wāi,这堵墙歪 了。,bức tường này nghiêng rồi.
口气,"khẩu khí, giọng nói",kǒuqì,他的口气真不小。,giọng anh ấy thật không nhỏ.
概念,khái niệm,gàiniàn,基本概念。,khái niệm cơ bản.
还原,trở về trạng thái cũ,huányuán,,
守护,bảo vệ,shǒuhù,战士们日夜守护着祖国的边疆。,các chiến sĩ ngày đêm canh giữ vùng biên cương của tổ quốc.
和平,hòa bình,hépíng,和平环境,hoàn cảnh hoà bình
恼火,nổi cáu,nǎohuǒ,看你这脾气，动不动就恼火!,"coi tính mày kìa, chưa chi đã nổi nóng."
能干,"tài giỏi, giỏi",nénggàn,,
传递,"chuyền, chuyển",chuándì,,
鉴定,"đánh giá, giám định",jiàndìng,鉴定人。,người giám định.
精确,"chuẩn xác, chính xác",jīngquè,精确的计算。,tính toán chính xác.
梳子,"lược, cái lược",shūzi,,
密切,mật thiết,mìqiè,两人关系很密切。,hai người quan hệ mật thiết với nhau.
鉴于,"thấy rằng, xét thấy",jiànyú,鉴于党在国家和社会生活中的领导地位，党更加需要向党的一切组织和党员提出严格的要求。,"xét thấy địa vị lãnh đạo của Đảng trong đất nước và trong cuộc sống xã hội, Đảng càng nhất thiết phải có yêu cầu nghiêm khắc đối với các Đảng viên và các tổ chức hướng Đảng."
包括,bao gồm,bāokuò,怀念亲人，也包括在怀乡之情中。,nỗi nhớ người thân chất chứa trong nỗi nhớ quê nhà
高级,"cao cấp, nâng cao",gāojí,高级神经中枢,trung khu thần kinh cấp cao
航班,chuyến bay,hángbān,,
衣裳,quần áo,yīshang,,
落成,"hoàn thành, khánh thành",luòchéng,落成典礼。,lễ cắt băng khánh thành.
消化,tiêu hóa,xiāohuà,一次讲得太多，学生消化不了。,"một lần dạy nhiều quá, học sinh tiếp thu không nổi."
腐蚀,ăn mòn,fǔshí,氢氟酸腐蚀性很强，能腐蚀玻璃。,"tính ăn mòn của a-xít clo-hy-dric rất mạnh, có thể ăn mòn thuỷ tinh."
规章,"điều lệ, huấn thị, quy tắc",guīzhāng,规章制度,hệ thống điều lệ
盈利,"lợi nhuận, tiền lãi",yínglì,,
牢固,"lải nhải, lảm nhảm",láogù,基础牢固。,cơ sở vững chắc.
语法,ngữ pháp,yǔfǎ,描写语法,ngữ pháp miêu tả
成功,thành công,chénggōng,试验成功了。,thực nghiệm thành công.
偶尔,"đôi khi, thỉnh thoảng",ǒu'ěr,他常常写小说，偶尔也写写诗。,"anh ấy thường viết tiểu thuyết, thỉnh thoảng thì làm thơ."
部署,"sắp xếp, bố trí",bùshǔ,,
螺丝钉,đinh ốc,luósīdīng,,
优异,xuất sắc,yōuyì,成绩优异,thành tích xuất sắc nhất.
窜,"lủi, chuồn, chạy toán loạn",cuàn,流窜。,chạy toán loạn khắp nơi.
苏醒,tỉnh lại,sūxǐng,,
性命,tính mạng,xìngmìng,性命攸关。,có quan hệ đến tính mạng.
踏实,"thiết thực, thực tế",tàshí,,
哇,"oa oa, oe oe",wa,打得孩子哇叫,đánh con khóc oa oa.
门,"cửa, môn",mén,前门。,trước cửa.
愣,"sững sờ, ngây ra",lèng,发愣。,sững sờ.
算,"đếm, tính",suàn,珠算。,tính bằng bàn tính.
悬崖峭壁,chỉ nơi nguy hiểm như núi non vực sâu,xuányá qiàobì,,
烦恼,"lo lắng, buồn phiền",fánnǎo,自寻烦恼,tự chuốc phiền muộn
纵横,"tung hoành, ngang dọc",zònghéng,纵横交错,ngang dọc đan xen
予以,"cho, giúp cho",yǔyǐ,予以支持,ủng hộ
信,thư,xìn,信史。,chính sử
硬,cứng,yìng,坚硬,cứng rắn
甘心,"cam tâm, bằng lòng, cam chịu",gānxīn,甘心情意,cam lòng
铺,cửa hàng,pù,铺床。,trải giường chiếu.
打架,đánh nhau,dǎjià,有话好说，不能打架。,"chuyện đâu còn có đó, không nên đánh nhau."
圆,tròn,yuán,圆桌,bàn tròn
一旦,"một khi, chốc lát",yīdàn,毁于一旦。,bị huỷ diệt trong chốc lát; tan tành trong chốc lát
踢足球,đá bóng,tī zúqiú,,
想念,"nhớ, tưởng niệm",xiǎngniàn,他们在国外，时时想念着祖国。,"sống ở nước ngoài, họ luôn luôn nhớ về tổ quốc."
皇后,hoàng hậu,huánghòu,,
主意,"ý kiến, chủ ý",zhǔyì,大家七嘴八舌地一说，他倒拿不定主意了。,"kẻ nói qua người nói lại, làm cho anh ấy không có chủ kiến gì."
驻扎,"đóng quân, đồn trú",zhùzhá,,
胡须,râu,húxū,,
无能为力,bất lực,wúnéngwéilì,人对于自然界不是无能为力的。,đối với thiên nhiên con người không phải là bất lực.
吐,"nhowr, khạc",tǔ,吐核儿。,nhả hạt
暴露,lộ ra,bàolù,暴露目标,để lộ mục tiêu
过渡,"quá độ, chuyển sang",guòdù,过渡时期,thời kỳ quá độ
区分,phân biệt,qūfēn,敌我矛盾和人民内部矛盾是两种不同性质的矛盾，应该严格区分开来。,"mâu thuẫn giữa địch với ta và mâu thuẫn trong nội bộ nhân dân là hai loại mâu thuẫn có tính chất không giống nhau, cần phải phân biệt rõ ràng."
肥皂,xà bông,féizào,,
雷,sấm,léi,打雷。,có sấm; sấm dậy.
恢复,"khôi phục,phục hồi",huīfù,秩序恢复了。,khôi phục trật tự
畏,"sợ, lỗi sợ",wèi,大无畏,không hề biết sợ; chẳng sợ chút nào.
资深,"từng trải, thâm niên",zī shēn,资深望重,thâm niên vọng trọng
青,màu xanh,qīng,青天。,trời xanh.
家庭,gia đình,jiātíng,,
演习,diễn tập,yǎnxí,海军演习,hải quân diễn tập
面积,diện tích,miànjī,棉花种植面积。,Diện tích trồng bông
树立,thành lập,shùlì,树立榜样。,nêu gương.
负担,gánh nặng,fùdān,思想负担,gánh nặng tư tưởng
创立,"sáng lập, thành lập",chuànglì,,
鼻涕,nước mũi,bítì,,
储备,"dự trữ, để dành",chúbèi,储备粮食。,dự trữ lương thực.
临时,tạm thời,línshí,临时抱佛脚。,nước đến chân mới nhảy.
旋律,"huàn luật, vận động hài hòa của thanh âm",xuánlǜ,,
密码,mật khẩu,mìmǎ,,
争端,tranh chấp,zhēngduān,国际争端,tranh chấp quốc tế.
断断续续,"gián đoạn, không liên tục",duànduànxùxù,沿路可以听到断断续续的歌声。,dọc đường có thể nghe tiếng hát lúc rõ lúc không.
水,nước,shuǐ,汉水。,sông Hán.
根源,"căn nguyên, nguồn gốc",gēnyuán,寻找事故的根源。,truy tìm nguyên do sự cố
牵,kéo,qiān,大家手牵着手。,mọi người tay dắt tay.
思维,"tư duy, suy nghĩ",sīwéi,再三思维。,suy đi nghĩ lại.
根本,căn bản,gēnběn,应当从根本上考虑解决问题的方法。,nên nghĩ phương pháp giải quyết vấn đề từ căn bản.
冒充,"giả mạo, đội lốt",màochōng,冒充内行。,giả mạo ngành nghề.
出神,"xuất thần, say sưa",chūshén,老红军进述长征故事，大家听得出了神。,"cựu hồng quân kể lại những câu chuyện chinh chiến, mọi người say mê lắng nghe."
微笑,cười mỉm,wéixiào,,
争论,"tranh cãi, tranh luận",zhēnglùn,争论不休,tranh luận không ngớt.
奇迹,"kỳ tích, kỳ công",qíjī,群众的智慧和力量可以创造出人类历史上的奇迹。,trí tuệ và sức mạnh của quần chúng có thể sáng tạo nên những kỳ tích trong lịch sử nhân loại.
内,ở trong,nèi,内衣。,áo trong.
恩怨,ân oán,ēn yuàn,恩怨分明。,ân oán phân minh.
都,đều,dōu,全家都搞财贸工作。,cả nhà đều làm trong ngành mậu dịch tài chánh.
充当,"giữ chức, làm",chōngdāng,,
别致,"độc đáo, mới mẻ, khác thường",biézhì,这个收音机样子很别致。,kiểu dáng của máy thu thanh này thật độc đáo.
移民,di dân,yímín,移民海外。,di dân ra nước ngoài
企业,xí nghiệp,qǐyè,国营企业,xí nghiệp quốc doanh
摘,"hải, bẻ, ngắt, lấy",zhāi,摘梨,hái lê
元首,nguyên thủ,yuánshǒu,国家元首,nguyên thủ quốc gia.
故意,cố ý,gùyì,他故意把声音提高，好引起大家的注意。,anh ấy cố ý nói thật to để mọi người chú ý.
演奏,diễn tấu,yǎnzòu,,
检查,kiểm tra,jiǎnchá,检查身体。,kiểm tra sức khoẻ; khám sức khoẻ.
纪录,ghi chép,jìlù,,
特殊,đặc biệt,tèshū,情形特殊,tình hình đặc biệt
对照,"so sánh, đối chiếu",duìzhào,俄汉对照,đối chiếu Nga Hán
中断,"gián đoạn, ngắt quãng",zhōngduàn,供应中断,cung ứng bị gián đoạn.
称呼,xưng hô,chēnghu,你说我该怎么称呼她?,anh bảo tôi nên xưng hô như thế nào với cô ta?
风气,"bầu không khí, nếp sống",fēngqì,社会风气,nếp sống xã hội
平凡,bình thường,píngfán,他们在平凡的工作中做出了不平凡的成绩。,"trong những công việc bình thường, họ đã làm nên những chuyện phi thường."
操纵,"điều khiển, khống chế, thao thúng",cāozòng,无线电操纵。,điều khiển bằng vô tuyến điện
饺子,bánh sủi cảo,jiǎozi,,
廉洁,"trong sạch, liêm khiết",liánjié,廉洁奉公。,công bằng liêm khiết.
难,khóc,nán,难办。,khó làm.
选拔,lựa trọn,xuǎnbá,选拔赛,thi tuyển
响,"vang, kêu",xiǎng,响应。,hưởng ứng.
肥沃,"phì nhiêu, màu mỡ",féiwò,土壤肥沃,đất đai màu mỡ
登陆,"đổ bộ, lên bờ",dēnglù,登陆演习,diễn tập đổ bộ
挑剔,"soi mói, bới móc",tiāotì,她由于过分挑剔，跟谁也合不来。,"do cô ấy kén chọn quá, cho nên không hợp vói ai cả."
写作,sáng tác,xiězuò,,
感谢,cảm ơn,gǎnxiè,再三感谢,nhiều lần cảm ơn; vô cùng cảm ơn.
冲突,"xung đột,bmâu thuẫn",chōngtú,武装冲突。,xung đột vũ trang.
辛勤,siêng năng,xīnqín,,
民间,dân gian,mínjiān,民间文学。,văn học dân gian.
日用品,vật dụng hàng ngày,rìyòngpǐn,,
埋没,"chôn giấu, chôn cất",máimò,埋没人才。,vùi dập nhân tài.
会议,hoội nghị,huìyì,全体会议,hội nghị toàn thể
票,vé,piào,车票。,vé tàu.
袜子,bít tất,wàzi,,
农村,nông thôn,nóngcūn,,
境界,"ranh giới, địa giới",jìngjiè,思想境界。,mức độ tư tưởng.
题材,chủ đề,tícái,历史题材,đề tài lịch sử
攀登,"leo, trèo",pāndēng,攀登科学高峰。,vươn lên đỉnh cao của khoa học.
周年,đầy năm,zhōunián,周年纪念,kỉ niệm tròn một năm
抽象,trừu tượng,chōuxiàng,看问题要根据具体的事实，不能从抽象的定义出发。,xem xét vấn đề phải căn cứ vào hiện thực cụ thể chứ không thể xuất phát từ những khái niệm trừu tượng.
贯彻,"quán triệt, thông suốt",guànchè,贯彻始终,thông suốt từ đầu đến cuối
事故,"sự cố, tai nạn",shìgù,工伤事故。,công nhân gặp sự cố.
旋转,"xoay tròn, quay xung quanh",xuánzhuǎn,,
信号,tín hiệu,xìnhào,,
区域,"vùng, khu vực",qūyù,区域性。,tính khu vực.
要不然,hay là,yào bùrán,,
开除,"khai trừ, đuổi, đuổi ra",kāichú,开除党籍。,khai trừ khỏi Đảng.
希望,hy vọng,xīwàng,他从小就希望做一个医生。,từ nhỏ nó đã mong muốn trở thành một thầy thuốc.
相当,"tương đương, tương xứng",xiāngdāng,旗鼓相当。,thế lực ngang nhau; thế lực ngang ngửa.
安慰,an ủi,ānwèi,,
胸怀,mang trong lòng,xiōnghuái,胸怀大志,mang trong lòng chí lớn
还,"còn, ngoài ra",hái,十年没见了，她还那么年轻。,"mười năm không gặp, trông cô ấy vẫn còn trẻ."
突然,đột ngột,túrán,突然袭击,tập kích bất thình lình.
体谅,"lượng thứ, châm trước",tǐliàng,她心肠好，很能体谅人。,"cô ấy rất tốt bụng, rất thông cảm với mọi người."
神情,"vẻ, nét mặt, thần sắc",shénqíng,他脸上露出愉快的神情。,trên mặt anh ấy lộ vẻ vui tươi.
滋味,mùi vị,zīwèi,菜的滋味不错。,mùi vị món ăn rất tuyệt.
欣慰,mừng vui thanh thản,xīnwèi,,
基本,coơ bản,jīběn,人民是国家的基本。,nhân dân là nền tảng của quốc gia.
喊,kêu la,hǎn,喊口号,hô khẩu hiệu
晒,phơi nắng,shài,烈日晒得人头昏眼花。,nắng đến nỗi đầu váng mắt hoa.
眉毛,lông mày,méimáo,,
伤脑筋,hao tổn tâm trí,shāng nǎojīn,,
报仇,"trả thù, báo thù",bàochóu,报仇雪恨。,báo thù rửa hận
热门,"hấp dẫn, lôi cuốn",rèmén,热门货。,hàng hấp dẫn.
再见,tạm biệt,zàijiàn,,
打扰,làm phiền,dǎrǎo,工作时间，请勿打扰。,"trong thời gian làm việc, xin đừng quấy rầy."
天伦之乐,niềm vui gia đình,tiānlún zhī lè,,
冒险,"mạo hiểm, phiêu lưu",màoxiǎn,冒险家。,người mạo hiểm.
前提,tiền đề,qiántí,,
夕阳,lúc mặt trời lặn,xīyáng,夕阳西下。,mặt trời chiều chếch về phía tây; mặt trời lặn.
麻痹,bệnh tê liệt,mábì,麻痹大意。,lơ là sao lãng.
车厢,"thùng xe ô tô, toa hành khách",chēxiāng,,
条理,"trật tự, thứ tự",tiáolǐ,条理分明,thứ tự rõ ràng
纪念,kỷ niệm,jìniàn,用实际行动纪念先烈。,dùng hành động thực tế để tưởng niệm các liệt sĩ.
确保,bảo đảm chắc chắn,quèbǎo,加强田间管理，确保粮食丰收。,"tăng cường quản lí đồng ruộng, bảo đảm lương thực chắc chắn bội thu."
代表,"đại diện, thay mặt",dàibiǎo,人大代表,đại biểu đại hội nhân dân.
风俗,phong tục,fēngsú,风俗人情,phong tục lễ nghĩa.
副作用,tác dụng phụ,fùzuòyòng,这种药没有副作用。,loại thuốc này không có tác dụng phụ.
飘扬,"lay động, phất phơ, tung bay",piāoyáng,五星红旗迎风飘扬。,cờ đỏ sao vàng năm cánh bay phất phới trong gió.
批发,bán sỉ,pīfā,批发部。,cửa hàng bán sỉ.
妹妹,em gái,mèimei,叔伯妹妹。,em gái con chú con bác.
耳环,bông tai,ěrhuán,,
事态,"tình thế, tình hình",shìtài,事态严重。,tình hình nghiêm trọng.
渣,cặn,zhā,油渣儿。,cặn dầu
承受,chịu đựng,chéngshòu,在革命斗争中，要承受住各种考验,trong đấu tranh cách mạng phải chấp nhận mọi sự thử thách.
麻木,tê,mámù,两腿有点麻木。,hai chân hơi tê tê.
绑架,bắt cóc,bǎngjià,,
金融,tài chính,jīnróng,,
公里,kilomet,gōnglǐ,,
意思,ý nghĩa,yìsi,'节约'就是不浪费的意思。,'tiết kiệm' nghĩa là không lãng phí.
宣誓,lời thề,xuānshì,举手宣誓。,giơ tay tuyên thệ
滑冰,trượt băng,huábīng,,
近视,cận thị,jìnshì,,
啥,cái gì,shà,有啥说。,nói cái gì đấy?
起义,khởi nghĩa,qǐyì,南昌起义,"khởi nghĩa Nam Xương (tỉnh Giang Tây, Trung Quốc.)"
自卑,tự ti,zìbēi,自卑感,tính tự ti; mặc cảm.
漏,rò rỉ,lòu,壶里的水漏光了。,nước trong ấm chảy hết rồi.
梨,quả lê,lí,,
设施,"thiết bị, công trình",shèshī,,
方,vuông,fāng,正方,hình vuông
随手,"tiện tay, thuận tay",suíshǒu,出门时随手关灯。,ra khỏi cửa tiện tay tắt đèn.
消息,tin tức,xiāoxi,,
硬件,phần cứng,yìngjiàn,,
拨打,gọi ( điện thoại),bōdǎ,,
陈述,"kể, trần thuật",chénshù,陈述自己的意见。,trình bày ý kiến của mình.
制服,đồng phục,zhìfú,,
嫁,"gả, lấy chồng",jià,出嫁。,xuất giá.
吃苦,chịu khổ,chīkǔ,吃苦耐劳。,chịu khổ chịu khó.
脱离,"thoát ly, tách rời",tuōlí,脱离危险,thoát khỏi nguy hiểm
遭遇,gặp gỡ,zāoyù,我军先头部队和敌人遭遇了。,đội quân tiên phong của ta đã chạm trán với quân địch.
酸,chua,suān,酸菜。,dưa chua.
启示,"gợi ý, gợi cho biết",qǐshì,,
新颖,"mới mẻ, mới lạ",xīnyǐng,题材新颖。,đề tài mới lạ
机构,"cơ cấu, đơn vị, cơ quan",jīgòu,传动机构。,cơ cấu chuyển động.
活动,hoạt động,huódòng,坐久了应该站起来活动 活动。,ngồi lâu nên đứng dậy vận động một chút.
鼻子,mũi,bízi,,
优点,ưu điểm,yōudiǎn,勇于负责是他的优点。,ưu điểm của anh ấy là dám chịu trách nhiệm.
免疫,miễn dịch,miǎnyì,,
疯狂,điên cuồng,fēngkuáng,打退敌人的疯狂进攻。,đẩy lui cuộc tiến công điên cuồng của địch.
清晨,sáng sớm,qīngchén,,
颜色,màu,yánsè,白色的光是由红、橙、黄、绿、蓝、靛、紫七种颜色的光组成的。,"ánh sáng trắng là do ánh sáng bảy màu đỏ, da cam, vàng, lục, lam, chàm, tím hợp thành"
丑恶,xấu xí,chǒu'è,丑恶嘴脸。,bôi nhọ mặt mũi.
臭,hôi,chòu,臭 气。,hơi thối.
竟然,"mà, lại, vậy mà",jìngrán,这样宏伟的建筑，竟然只用十个月的时间就完成了。,công trình kiến trúc hùng vĩ này mà chỉ trong mười một tháng đã hoàn thành xong.
审理,,shěnlǐ,,
疤,"đào, cào bới, moi, dỡ",bā,伤疤,vết sẹo
过失,"sai lầm, sai trái",guòshī,,
候选,"người được đề cử, người ứng cử",hòuxuǎn,,
黄昏,buổi chiều,huánghūn,,
优秀,"ưu ts, xuất sắc",yōuxiù,优秀作品,tác phẩm xuất sắc
登记,đăng ký,dēngjì,户口登记,đăng ký hộ khẩu
派别,"phái, cánh, đảng phái",pàibié,,
钦佩,khâm phục,qīnpèi,他这种舍己为人的精神，使人十分钦佩。,tinh thần hy sinh vì mọi người của anh ấy làm cho mọi người vô cùng kính trọng và khâm phục.
见义勇为,giám làm việc nghĩa,jiànyìyǒngwéi,,
于是,vậy là,yúshì,大家一鼓励，我于是恢复了信心。,"mọi người mới khuyến khích, tôi liền khôi phục lại lòng tin."
害怕,sợ,hàipà,害怕走夜路,sợ đi ban đêm
开明,"khai sáng, văn minh,tiến bộ",kāimíng,开明士绅。,các nhân sĩ tiến bộ.
使命,"nhiệm vụ, sứ mệnh",shǐmìng,历史使命。,sứ mệnh lịch sử.
热爱,yêu sâu sắc,rè'ài,热爱工作。,nhiệt tình công tác.
宁肯,"thà, thà rằng",nìngkěn,,
试图,"tính toán, thử, định",shìtú,,
吃,ăn,chī,吃饭。,ăn cơm.
吵架,cãi nhau,chǎojià,,
性格,tính cách,xìnggé,,
近来,"dạo này, gần đây",jìnlái,他近来工作很忙。,"gần đây, anh ấy công tác rất bận."
商店,cửa hàng,shāngdiàn,,
作弊,"làm càn, làm bậy, gian lận",zuòbì,通同作弊,thông đồng làm bậy
经历,trải qua,jīnglì,生活经历。,những việc trải qua trong cuộc sống.
逗,chọc tức,dòu,他正拿着一枝红花逗孩子玩。,anh ấy cầm nhành hoa đỏ đùa với con.
抽烟,hút thuốc,chōuyān,,
来,đến,lái,来往。,lui tới; đi lại.
风光,phong cảnh,fēngguāng,北国风光,phong cảnh miền Bắc
期望,hy vọng,qīwàng,,
撕,xé rách,sī,把布撕成两块。,xé vải thành hai miếng.
演讲,lời nói,yǎnjiǎng,,
炎热,nóng,yánrè,,
丸,viên thuốc,wán,弹丸,viên đạn
树,cây,shù,柳树。,cây liễu.
坦率,"thẳng thắn, bộc trực",tǎnshuài,性情坦率,tính tình thẳng thắn
从此,từ đó,cóngcǐ,去年三月，他加入共青团，从此工作学习更加积极了。,"tháng ba năm ngoái, anh ta gia nhập vào đoàn thanh niên cộng sản, từ đó chuyện học tập càng tích cực hơn."
脉搏,mạch,màibó,,
学历,"học vấn, trình độ học vấn",xuélì,,
起草,"thảo ra, khởi thảo",qǐcǎo,,
提炼,"tinh chế, tinh luyện",tíliàn,从野生芳草植物中提炼香精。,chiết xuất ét xăng thơm từ hoa cỏ dại có mùi thơm.
重心,trọng tâm,zhòngxīn,工作重心,trọng tâm của công tác.
周密,chu đáo chặt chẽ,zhōumì,计划周密,kế hoạch chu đáo cẩn thận.
方向,phương hướng,fāngxiàng,在山里迷失了方向。,mất phương hướng trong núi
不禁,"không nhịn được, không nén nổi",bùjīn,忍俊不禁,nín cười không nổi
国家,quốc gia,guójiā,,
时常,thường,shícháng,,
妥善,"ổn thỏa, tốt đẹp",tuǒshàn,妥善安置,sắp xếp ổn thoả tốt đẹp
娇气,"duyên dáng, thanh nhã",jiāoqì,,
动态,động thái,dòngtài,科技动态。,tình hình khoa học kỹ thuật.
条约,hiệp ước,tiáoyuē,军事条约,hiệp ước quân sự
保存,"bảo tồn, giữ gìn",bǎocún,保存实力,bảo tồn thực lực
牛奶,sữa bò,niúnǎi,,
郑重,"nghiêm túc, trịnh trọng",zhèngzhòng,郑重其事,việc nghiêm túc
副,"phó, phụ, thứ",fù,副主席,phó chủ tịch
为首,đứng đầu,wéishǒu,以某某为首的代表团,đoàn đại biểu do người nào đó dẫn đầu.
可恶,"đáng ghét, đáng giận",kěwù,在别人背后搬弄是非，可恶透了。,"sau lưng đâm bị thóc thọc bị gạo, thật đáng căm ghét."
迅速,nhanh,xùnsù,动作迅速,động tác nhanh chóng
播种,gieo hạt,bōzhòng,播种机。,máy gieo hạt
纺织,dệt vải,fǎngzhī,纺织厂,nhà máy dệt.
药,thuốc,yào,火药,hoả dược; thuốc súng.
不客气,không cần khách sáo,bù kèqì,,
饮料,đồ uống,yǐnliào,,
木头,gỗ,mùtou,一块木头。,một miếng gỗ.
连忙,vội váng,liánmáng,老大娘一上车，乘客就连忙让座。,"bà lão vừa bước lên xe, hành khách vội vã nhường chỗ ngồi."
配套,đồng bộ,pèitào,配套工程。,công trình đồng bộ.
眼镜,mắt kính,yǎnjìng,,
敌人,kẻ thù,dírén,,
制裁,"ngăn chặn, ngăn cấm",zhìcái,法律制裁,trừng trị theo pháp luật; chế tài bằng luật pháp.
字幕,phụ đề,zìmù,,
裁缝,may vá,cáiféng,虽是布衫布裤，但裁缝得体。,"tuy là quần vải áo vải, nhưng may rất khéo."
额外,ngoài định mức,éwài,额外开支。,chi tiêu ngoài mức quy định.
占领,chiếm,zhànlǐng,占领市场,chiếm thị trường
谦逊,khiêm tốn,qiānxùn,,
戒指,nhẫn,jièzhǐ,,
必须,"phải, nhất định",bìxū,理论必须联系实际。,lý luận phải gắn liền với thực tế
龙,con rồng,lóng,龙颜。,long nhan.
计较,"so bì, tính toán",jìjiào,斤斤计较。,tính toán chi li; so đo từng tý.
国务院,quốc vụ viện,guówùyuàn,,
无穷无尽,vô cùng vô tận,wúqióng wújìn,,
结合,phối hợp,jiéhé,理论结合实际。,lý luận kết hợp với thực tế.
视力,thị giác,shìlì,,
着手,bắt tay vào làm,zhuóshǒu,着手编制计划。,bắt đầu vạch kế hoạch.
日常,hàng ngày,rìcháng,日常生活,cuộc sống hằng ngày
自信,tự tin,zìxìn,自信心,lòng tự tin
动脉,động mạch,dòngmài,,
祝贺,chúc mừng,zhùhè,祝贺你们超额完成了计划。,chúc mừng các anh đã hoàn thành vượt mức kế hoạch.
收藏,"cất giấu, sưu tầm, thu thập",shōucáng,收藏文物。,thu thập bảo tồn đồ cổ.
赔偿,bồi thường,péicháng,赔偿照价。,bồi thường theo giá.
管辖,"quản lý, cai quản",guǎnxiá,管辖范围,phạm vi quản lý
整顿,"chỉnh đốn, chấn chỉnh",zhěngdùn,整顿队形,chỉnh đốn đội hình.
约束,hạn chế,yuēshù,受纪律的约束,bị ràng buộc kỷ luật
嘲笑,nhạo báng,cháoxiào,,
戒烟,"cai thuốc, bỏ thuốc lá",jièyān,,
放松,"thả lỏng, thư giãn",fàngsōng,放松警惕,lơi lỏng cảnh giác
略微,hơi,lüèwēi,擦破了皮，略微流了点血。,"bị sước da, rơm rớm máu."
判决,"phán quyết, kết án",pànjué,判决无罪,kết án vô tội; trắng án
送,gửi,sòng,送报。,đưa báo.
姑姑,cô,gūgū,,
紧急,khẩn cấp,jǐnjí,紧急命令。,mệnh lệnh khẩn cấp.
蔑视,khinh miệt,mièshì,,
护士,y tá,hùshì,,
上午,buổi sáng,shàngwǔ,,
气味,mùi,qìwèi,气味芬芳。,mùi thơm nức.
风格,phong cách,fēnggé,发扬助人为乐的高尚风格。,phát huy phong cách cao thượng sống vì người khác.
打量,"quan sát, nhìn đánh giá",dǎliang,对来人上下打量了一番。,nhìn người mới đến từ đầu đến chân.
保险,bảo hiểm,bǎoxiǎn,这样作可不保险,làm như thế này e là không an toàn
实质,"bản chất, thực chất",shízhì,问题的实质。,Thực chất của vấn đề.
悲观,bi quan,bēiguān,,
占有,chiếm,zhànyǒu,农业在国民经济中占有重要地位。,nông nghiệp giữ vai trò quan trọng trong nền kinh tế quốc dân.
审查,"xem xét, thẩm tra",shěnchá,审查提案。,xem xét đề án.
形状,hình dáng,xíngzhuàng,,
搁,"đặt, để, kê",gē,把箱子搁在屋子里。,để cái rương vào trong nhà.
位于,"nằm ở, ở vào",wèi yú,我国位于亚洲大陆东南部。,nước tôi nằm ở vùng Đông Nam Châu Á.
特征,đặc trưng,tèzhēng,艺术特征,đặc trưng nghệ thuật
治安,"trị an, cảnh sát",zhì'ān,维持治安,giữ gìn an ninh trật tự
东西,"vật, thứ",dōngxī,这座城东西三里，南北五里。,"toà thành từ đông sang tây 3 dặm, từ nam sang bắc 5 dặm."
酒精,"cồn, rượu cồn",jiǔjīng,,
恰当,"thích hợp, thỏa đáng",qiàdàng,这篇文章里有些字眼儿用得不恰当。,một số chữ trong bài văn này dùng không được thích hợp lắm.
池塘,"bể bơi, ao, đầm",chítáng,,
同志,đồng chí,tóngzhì,女同志,nữ đồng chí
基础,"cơ sở, nền tảng",jīchǔ,基础知识。,tri thức căn bản.
闪烁,nhấp nháy,shǎnshuò,江面上隐约闪烁着夜航船的灯光。,trên mặt sông nhấp nháy ánh đèn tàu chạy trong đêm.
离开,rời khỏi,líkāi,离得开。,tách khỏi; tách ra được.
造成,tạo thành,zàochéng,,
截至,"tính đến, cho đến",jiézhì,报名日期截至本月底止。,thời hạn ghi danh cho đến cuối tháng này thì chấm dứt.
浓,"đặc, đậm",nóng,浓墨。,mực đậm.
顶,đỉnh,dǐng,头顶,đỉnh đầu
再,một lần nữa,zài,再版,tái bản
岸,"bờ (sông, biển)",àn,江岸,bờ sông
摊儿,"sạp, quầy hàng",tān er,,
对面,đối diện,duìmiàn,他家就在我家对面。,nhà anh ấy đối diện nhà tôi.
仪式,"nghi thức, nghi lễ",yíshì,仪式隆重,nghi lễ long trọng; nghi thức long trọng.
报销,thanh toán chi phí,bàoxiāo,车费可以凭票报销,tiền vé xe có thể thanh toán theo vé
单纯,đơn giản,dānchún,思想单纯,tư tưởng đơn thuần
方针,phương châm,fāngzhēn,方针政策,phương châm chính sách
宾馆,nhà khách,bīnguǎn,国宾馆。,nhà khách Chính phủ
动身,"khởi hành, lên đường",dòngshēn,行李都打好了，明天早上就动身。,"hành lý đều chuẩn bị xong rồi, sáng mai khởi hành sớm."
宏伟,"to lớn hào hùng, hùng vĩ",hóngwěi,气势宏伟,khí thế hào hùng
赞叹,khen ngợi,zàntàn,演员高超的演技，令人赞叹。,"kỹ thuật biểu diễn điêu luyện của diễn viên, khiến mọi người ca ngợi."
完全,hoàn toàn,wánquán,话还没说完全。,ý nói chưa đầy đủ.
示威,"thị uy, ra oai",shìwēi,游行示威。,diễu hành thị uy; biểu tình.
无比,không ai bằng,wúbǐ,无比强大。,lớn mạnh vô địch; lớn mạnh không gì sánh được.
觉悟,"giác ngộ, tỉnh ngộ",juéwù,阶级觉悟。,giác ngộ giai cấp.
动作,động tác,dòngzuò,这一节操有四个动作。,bài thể dục này có bốn động tác.
衰退,từ chối,shuāituì,,
悠久,lâu đời,yōujiǔ,历史悠久,lịch sử lâu đời
盯,nhìn chằm chằm,dīng,轮到她射击，大家的眼睛都盯住了靶心。,"đến lượt cô ấy bắn, mọi người đều nhìn chằm chằm vào tấm bia."
弊端,"tệ nạn, tai hại",bìduān,消除弊端。,tiêu trừ tệ nạn
明确,"trong sáng, rõ",míngquè,目的明确。,mục đích rõ ràng.
关闭,đóng,guānbì,门窗都紧紧关闭着。,cửa ra vào và cửa sổ đều đóng kín rồi.
生育,sinh đẻ,shēngyù,计划生育。,sinh đẻ có kế hoạch.
自满,tự mãn,zìmǎn,骄傲自满,kiêu ngạo tự mãn
显示,"hiển thị, trưng bày",xiǎnshì,显示巨大的威力。,biểu hiện uy lực to lớn.
挎,"cắp, xách, khoác, dắt",kuà,挎着篮子。,xách giỏ。
茂盛,"tươi tốt, xanh tươi",màoshèng,庄稼长得很茂盛。,hoa màu lên rất tươi tốt.
举足轻重,nhaất cử nhất động,jǔzúqīngzhòng,,
镇定,"trấn tĩnh, điềm tĩnh",zhèndìng,神色镇定,bình tĩnh; trấn tĩnh tinh thần; sắc mặt bình tĩnh.
油腻,thuức ăn chứa nhiều dầu mỡ,yóunì,他不爱吃油腻的东西。,anh ấy không thích ăn đồ ăn có nhiều dầu mỡ.
狼狈,"nhếch nhác, chẳng ra làm sao cả",lángbèi,十分狼狈。,vô cùng thảm hại.
元旦,ngày đầu năm mới,yuándàn,,
急切,cấp thiết,jíqiè,需要急切。,nhu cầu cấp thiết.
一向,luôn luôn,yīxiàng,前一向雨水多(指较早的一段时期)。,thời gian qua mưa nhiều.
讨厌,ghét,tǎoyàn,这人说话总是这么啰嗦，真讨厌!,"người này nói chuyện dài dòng quá, thật đáng ghét!"
堤坝,"đê đập, đê điều",dībà,要加紧修筑堤坝，以防水患。,"phải nhanh chóng sửa chữa đê điều, đề phòng lũ lụt."
洗澡,tắm,xǐzǎo,,
话筒,microphone,huàtǒng,,
特意,"có lòng,ý đặc biệt",tèyì,这块衣料是他特意托人从上海买来送给你的。,vải này là ý đặc biệt của anh ấy nhờ người đi Thượng Hải mua về tặng chị.
例如,ví dụ,lìrú,田径运动的项目很多，例如跳高、跳远、百米赛跑等。,"hạng mục điền kinh rất nhiều, ví dụ như nhảy cao, nhảy xa, chạy trăm mét."
基金,quỹ,jījīn,,
宝贵,quý giá,bǎoguì,这是一些十分宝贵的出土文物,đây là một số tài sản văn hoá đào được vô cùng quý báu
擅长,giỏi,shàncháng,,
胸膛,ngực,xiōngtáng,,
暴力,bạo lực,bàolì,,
统统,tất cả,tǒngtǒng,,
诱惑,"quyến rũ, mê hoặc",yòuhuò,用资产阶级生活方式诱惑青年。,Dùng lối sống tư sản mê hoặc thanh niên.
广场,quảng trường,guǎngchǎng,天安门广场,quảng trường Thiên An Môn
标记,dấu,biāojì,作标记。,đánh dấu; làm dấu
抚养,"chăm sóc, nuôi dưỡng",fǔyǎng,抚养子女,chăm sóc con cái
无数,vô số,wúshù,心中无数。,trong lòng không biết chắc.
瞪,nhìn chằm chằm,dèng,他把眼睛都瞪圆了。,nó trợn tròn mắt.
精通,"tinh thông, thông thạo, giỏi",jīngtōng,精通医理。,tinh thông y thuật.
发挥,"phát huy, gắng sức",fāhuī,发挥积极性,phát huy tính tích cực
预订,"dự định,định, dự tính",yùdìng,预订报纸,đặt mua báo.
尽管,mặc dù,jǐnguǎn,有意见尽管提，不要客气。,"có ý kiến cứ nêu lên, đừng nên khách sáo."
摄取,hấp thu ( dinh dưỡng),shèqǔ,摄取食物。,hấp thu thức ăn.
借口,cớ,jièkǒu,不能借口快速施工而降低工程质量。,không thể lấy cớ thi công nhanh mà hạ thấp chất lượng công trình.
冷,lạnh,lěng,冷水。,nước lạnh.
柜台,"quấy hàng, tủ bày hàng",guìtái,,
盗窃,trộm,dàoqiè,盗窃犯,tội phạm trộm cướp.
预兆,điềm,yùzhào,不祥的预兆。,điềm báo không tốt
规模,quy mô,guīmó,规模宏大,quy mô to lớn
萌芽,"mới nảy sinh, mới phát sinh",méngyá,,
地,một cách,de,天渐渐地冷了。,trời lạnh dần.
大伙儿,mọi người,dàhuǒr,大伙儿要是没意见，就这么定了。,"nếu mọi người không có ý kiến, sẽ quyết định như vậy."
兢兢业业,"cận trọng,cẩn thận, cần cù",jīng jīng yè yè,,
反面,"phản diện, mặt trái",fǎnmiàn,这块缎子正面儿是蓝地儿黄花儿，反面儿全是蓝的。,"tấm lụa này bề mặt nền xanh hoa vàng, bề trái toàn màu xanh."
士兵,binh lính,shìbīng,,
粉色,màu hồng,fěnsè,,
贵,đắt,guì,绸缎比棉布贵。,lụa đắt hơn vải sợi.
媳妇,"con dâu, nàng dâu",xífù,侄媳妇。,cháu dâu (đối với chú bác).
只要,"chiỉ cần, miễn là",zhǐyào,只要肯干，就会干出成绩来。,"chỉ cần chịu làm, thì sẽ làm được thành tích."
表示,"biểu thị, bày tỏ",biǎoshì,表示感谢。,ngỏ lời cảm ơn
巷,ngõ hẻm,xiàng,深巷 。,ngõ hẻm sâu.
结局,"kết cục, kết quả",jiéjú,,
情形,tình hình,qíngxíng,生活情形。,tình hình cuộc sống.
兴旺,"hưng thịnh, thịnh vượng",xīngwàng,,
敞开,,chǎngkāi,大门敞开着。,cánh cổng mở rộng.
不屑一顾,,bùxiè yī gù,,
武侠,võ thuật,wǔxiá,,
扭转,"xoay, quay",niǔzhuǎn,他扭转身子，向车间走去。,"anh ấy quay người lại, đi về hướng phân xưởng."
及时,kịp thời,jíshí,及时雨。,mưa đúng lúc.
休闲,nghỉ ngơi,xiūxián,休闲地。,để đất nghỉ không trồng trọt
开放,mở cửa,kāifàng,百花开放。,trăm hoa nở.
愚昧,dốt,yúmèi,愚昧无知,ngu dốt
首要,"hàng đầu, quan trọng nhất",shǒuyào,首要任务。,nhiệm vụ hàng đầu.
地理,địa lý,dìlǐ,自然地理,địa lý tự nhiên
先进,tiên tiến,xiānjìn,先进工作者。,lao động tiên tiến.
误解,hiểu lầm,wùjiě,我没这个意思，你误解了。,"tôi không có ý đó, anh hiểu sai rồi."
代替,thay thế,dàitì,用国产品代替进口货。,dùng hàng trong nước thay hàng nhập khẩu.
荧屏,màn hình,yíngpíng,六集连续剧下周即可在荧屏上和观众见面。,sáu tập của bộ phim truyền hình nhiều tập sẽ chiếu trên truyền hình vào tuần sau.
炒,"xào, rang",chǎo,炒 辣椒。,xào ớt.
公关,"giao tiếp, quan hệ xã hội",gōngguān,公关部门,ngành quan hệ xã hội
渴,khát,kě,解渴。,giải khát.
灰尘,bụi,huīchén,打扫灰尘,phủi bụi đất; quét bụi đất
深沉,sâu lắng,shēnchén,暮色深沉。,cảnh chiều sâu lắng.
啃,"gặm, rỉa",kěn,啃骨头。,gặm xương.
找,tìm,zhǎo,找人,tìm người
标准,tiêu chuẩn,biāozhǔn,真理的标准只能是社会的实践。,tiêu chuẩn của chân lý chỉ có thể là thực tiễn của xã hội
狭隘,hẹp,xiá'ài,狭隘的山道。,đường núi nhỏ hẹp
观点,quan điểm,guān diǎn,生物学观点,quan điểm sinh vật học
确定,xác định,quèdìng,确定的答复。,trả lời khẳng định.
攒,"tích lũy, trữ, gom lại",zǎn,攒钱。,góp tiền.
歧视,"phân biệt đối xử, kỳ thị",qíshì,,
高档,cao cấp,gāodàng,高档家具,đồ gia dụng hàng tốt giá cao.
平原,đồng bằng,píngyuán,冲积平原,vùng đồng bằng phù sa.
保养,"bảo trì, bảo dưỡng",bǎoyǎng,保养身体,dưỡng sức
当前,hiện tại,dāngqián,大敌当前,đối mặt với quân thù
欣欣向荣,"chỉ sự phát triển tươi tốt, thịnh vượng",xīnxīnxiàngróng,,
一目了然,vừa nhìn một cái là hiểu toàn bộ,yīmùliǎorán,,
修,sửa,xiū,装修,trang sức
采集,sưu tập,cǎijí,采集植物标本,thu thập tiêu bản thực vật
罐,"hộp,vại, lọ, bình",guàn,瓦罐,lọ sành
轻而易举,dễ dàng,qīng'éryìjǔ,,
省会,thủ phủ của tỉnh,shěnghuì,,
旗帜,cờ,qízhì,节日的首都到处飘扬着五彩缤纷的旗帜。,"thủ đô vào những dịp tết, khắp nơi cờ hoa rực rỡ bay phất phới."
中立,trung lập,zhōnglì,严守中立,giữ vững đường lối trung lập.
做东,làm chủ,zuò dōng,,
落后,"lạc hậu, rớt lại phía sau",luòhòu,我们的船先过了桥洞， 他们的船稍微落后一点。,"thuyền của chúng tôi đi qua cầu trước, thuyền họ rớt lại đằng sau một chút."
制造,"chế tạo, làm",zhìzào,制造机器,chế tạo máy móc
具备,"có đủ, có sẵn",jùbèi,具备条件。,có đủ điều kiện.
网站,website,wǎngzhàn,,
聚会,"tụ họp, gặp",jùhuì,老同学聚会在一起很不容易。,bạn học cũ gặp lại nhau thật không dễ dàng chút nào.
设计,thiết kế,shèjì,设计师,kỹ sư thiết kế; nhà thiết kế.
发财,"phát tài, làm giàu",fācái,发财致富,phát tài giàu có
便条,chú ý,biàntiáo,,
生物,sinh vật,shēngwù,,
纠正,"uốn nắn, sửa chữa",jiūzhèng,,
干燥,khô khan,gānzào,沙漠地方气候很干燥。,sa mạc khí hậu rất khô hanh.
实用,"thực dụng, dùng vào thực tế",shíyòng,又美观，又实用。,vừa đẹp lại vừa thực dụng.
除了,ngoài ra,chúle,那条山路，除了他，谁也不熟悉。,"con đường trên núi đó, ngoài anh ấy ra không ai rành cả."
部门,"bộ, ngành",bùmén,工业部门,ngành công nghiệp
空想,ảo tưởng,kōngxiǎng,不要闭门空想，还是下去调查一下情况吧!,"chớ nên đóng cửa suy nghĩ viển vông, hãy đi thăm dò tình hình một tí đi."
困难,khó khăn,kùnnán,克服困难。,khắc phục trở ngại.
身体,thân thể,shēntǐ,,
姑且,"tạm, tạm thời",gūqiě,此事姑且搁起,việc này tạm thời gác lại.
钥匙,chìa khóa,yào shi,,
掩饰,"che đậy, che giấu",yǎnshì,,
矛盾,mâu thuẫn,máodùn,矛盾百出。,đầy mâu thuẫn.
帐篷,lều,zhàngpéng,,
地图,bản đồ,dìtú,军用地图,bản đồ quân sự
十分,rất,shífēn,天气十分热。,thời tiết rất nóng.
颠倒,"lật ngược, đảo lộn",diāndǎo,把这两个字颠倒过来就顺了。,đảo ngược hai chữ này lại là xuôi rồi.
走漏,rò rỉ ra ngoài,zǒulòu,走漏风声,tiết lộ tin tức
奢侈,xa xỉ,shēchǐ,奢侈品。,xa xỉ phẩm
迎面,"trước mặt, đối diện",yíngmiàn,西北风正迎面儿刮着。,gió tây bắc thổi thốc vào mặt
好客,hiếu khách,hàokè,好客的主人。,người chủ mến khách
沙滩,bãi biển,shātān,,
倾听,"lắng nghe, chú ý nghe",qīngtīng,倾听群众的意见。,lắng nghe ý kiến của quần chúng.
尴尬,vụng về,gāngà,,
实惠,lợi ích thực tế,shíhuì,得到实惠。,đạt được lợi ích thực tế.
畅通,"thông suốt, tức khắc",chàngtōng,,
预期,,yùqí,达到预期的目的。,đạt được mục đích mong muốn
古董,đồ cổ,gǔdǒng,,
凉快,mát mẻ,liángkuai,下了一阵雨， 天气凉快多了。,"mưa xuống một trận, thời tiết mát hơn nhiều."
套,bộ,tào,手套,bao tay; găng tay
摘要,"trích yếu, trích điểm chính",zhāiyào,摘要发表,tóm tắt phát biểu
谢谢,cảm ơn,xièxiè,,
叮嘱,"căn dặn, dặn dò",dīngzhǔ,老师叮嘱他，在新的环境里仍要继续努力。,"thầy dặn dò anh ấy, trong môi trường mới vẫn phải nỗ lực học tập."
服装,quần áo,fúzhuāng,服装商店,cửa hàng quần áo; cửa hàng may mặc.
甲,"giáp, thứ nhất",jiǎ,甲等。,hạng A.
譬如,ví dụ,pìrú,,
安宁,yên ổn,ānníng,,
宗旨,"tôn chỉ, mục đích",zōngzhǐ,全心全意为人民服务是我军的唯一宗旨。,hết lòng hết dạ phục vụ nhân dân là tôn chỉ duy nhất của quân ta.
征服,chinh phục,zhēngfú,征服自然,chinh phục tự nhiên; chinh phục thiên nhiên
巧妙,"khéo léo, tài tình",qiǎomiào,巧妙的计策。,kế sách tài tình.
流泪,khóc,liúlèi,,
茎,thân cây,jīng,刀茎(刀把)。,chuôi dao.
渔民,ngư dân,yúmín,,
极端,"cực đoan, tột cùng",jíduān,各走极端。,mỗi người mỗi ngã.
相差,khác nhau,xiāngchà,,
不仅,không chỉ,bùjǐn,不仅如此,không chỉ như thế
输入,lối vào,shūrù,,
朴素,"giản dị, mộc mạc",púsù,她穿得朴素大方。,"cô ấy ăn mặc giản dị, lịch sự."
颗粒,hột nhỏ,kēlì,,
尊严,tôn nghiêm,zūnyán,尊严的讲台。,bục giảng tôn nghiêm
笨拙,vụng về,bènzhuō,笨拙的动作给人留下深刻的印象。,động tác vụng về gây ấn tượng sâu sắc
横,ngang,héng,横额,hoành phi
一切,tất cả,yīqiè,调动一切积极因素。,phát huy mọi nhân tố tích cực.
彩票,vé xổ số,cǎipiào,,
蕴藏,"chất chứa, chứa đựng",yùncáng,大沙漠下面蕴藏着丰富的石油资源。,trong lòng sa mạc tiềm tàng năng lượng dầu mỏ phong phú.
小姐,"chị, cô, cô gái",xiǎojiě,,
拐杖,cái nạng,guǎizhàng,,
个人,cá nhân,gèrén,个人利益服从集体利益。,lợi ích cá nhân phải phục tùng lợi ích tập thể.
心脏,tim,xīnzàng,首都河内是祖国的心脏。,thủ đô Hà Nội là trái tim của tổ quốc.
捏,"nhón, nhặt, cầm",niē,捏住这支笔.,cầm chiếc bút này.
二,"số hai, hai",èr,不二价。,chắc giá; không nói thách.
佩服,"bội phục, khâm phục",pèifú,这姑娘真能干，我不禁暗暗地佩服她。,"cô gái này thật tài giỏi, tôi thầm khâm phục cô ấy."
灵感,linh cảm,línggǎn,,
夸,khoe khoang,kuā,夸口。,ngoa miệng.
些,một số,xiē,有些 。,có một ít; có một số; có một vài.
伤心,"buồn, đau lòng",shāngxīn,伤心事,những chuyện đau lòng
在,"ở, tại",zài,精神永在,tinh thần sống mãi
心态,tâm trạng,xīntài,,
看来,coó vẻ như,kàn lái,,
防治,"phòng chống,phòng và chữa trị",fángzhì,防治结核病,phòng chống bệnh lao.
集体,tập thể,jítǐ,集体生活。,cuộc sống tập thể.
文雅,tao nhã,wényā,举止文雅,cử chỉ nho nhã
小吃,"đồ ăn vặt, món ăn nhẹ",xiǎochī,经济小吃。,món ăn rẻ tiền.
摇滚,nhạc rock,yáogǔn,,
物美价廉,giá rẻ hàng tốt,wùměi jià lián,,
专门,chuyên môn,zhuānmén,我是专门来看望你的。,tôi chỉ đến thăm anh.
超级,"siêu, siêu cấp",chāojí,超级显微镜。,kính hiển vi siêu cấp.
打仗,"đánh nhau, đánh trận",dǎzhàng,我们在生产战线上打了个漂亮仗。,"trên mặt trận sản xuất, chúng ta đánh một trận giòn giã."
全部,toàn bộ,quánbù,全部力量。,toàn bộ lực lượng.
难能可贵,đáng khen ngợi,nánnéngkěguì,过去草都不长的盐碱地， 今天能收这么多粮食， 的确难能可贵。,"đất phèn trước đây cỏ cũng không mọc được, mà hôm nay thu hoạch được nhiều lương thực như thế này thì thật là điều đáng quý."
翘,"vênh, vểnh, bênh",qiào,翘首。,ngẩng đầu.
肿瘤,bướu,zhǒngliú,,
争取,tranh thủ,zhēngqǔ,争取时间,tranh thủ thời gian
煮,nấu,zhǔ,煮饺子,luộc bánh chẻo; nấu vằn thắn.
激情,hăng hái,jīqíng,,
公道,"công lý, lẽ phải",gōngdào,主持公道,duy trì lẽ phải; bênh vực lẽ phải
抱歉,"có lỗi, ân hận",bàoqiàn,我当初对您存有疑心，实感抱歉。,"lúc đầu tôi có nghi ngờ anh, thực lòng cảm thấy không phải với anh."
庸俗,"dung tục, tầm thường",yōngsú,庸俗化,tầm thường hoá
理睬,"để ý, quan tâm",lǐcǎi,不加理睬。,không thèm để ý.
为什么,tại sao,wèishéme,为什么群众这么爱护解放军?因为解放军是人民的子弟兵。,vì sao nhân dân yêu mến quân giải phóng? bởi vì quân giải phóng là con em của nhân dân.
够,đủ,gòu,钱够不够?,đủ tiền không?
气压,áp suất khí quyển,qìyā,,
素食主义,chủ nghĩa ăn chay,sùshí zhǔyì,,
邮局,bưu điện,yóujú,,
拒绝,từ trối,jùjué,拒绝诱惑。,cự tuyệt dụ dỗ.
历来,"xưa nay, vốn",lìlái,历来如此。,vốn là như vậy.
腥,tanh,xīng,荤腥。,món ăn thịt cá
比如,"ví dụ như, chẳng hạn như",bǐrú,有些问题已经作出决定，比如招多少学生，分多少班，等等。,"vài vấn đề đã được giải quyết, chẳng hạn như tuyển sinh bao nhiêu, chia bao nhiêu lớp v.v..."
千方百计,tất cả mọi thứ có thể,qiānfāngbǎijì,千方百计掩盖错误。,Tìm đủ mọi cách để lấp liếm sai lầm.
自力更生,tự lực cánh sinh,zìlìgēngshēng,,
闪电,tia chớp,shǎndiàn,,
请求,"thỉnh cầu, yêu cầu",qǐngqiú,他请求上级给他最艰巨的任务。,anh ấy đề nghị cấp trên giao cho anh ấy nhiệm vụ gian khó nặng nề nhất.
里,trong,lǐ,被里儿。,lót trong vỏ chăn.
部位,"bộ vị, vị trí",bùwèi,发音部位,bộ vị phát âm; vị trí phát âm
少,ít,shǎo,少量。,lượng ít.
意识,ý thức,yìshí,天还冷，看见树枝发绿才意识到已经是春天了。,"trời còn lạnh, nhìn thấy trên cành cây nẩy lộc mới biết đã đến mùa xuân rồi."
目录,mục lục,mùlù,图书目录。,bản kê tên sách.
穷,nghèo,qióng,贫穷。,bần cùng; nghèo khó.
磕,"gõ, đập",kē,碗边儿磕掉了一块。,miệng bát bị mẻ một miếng.
人道,nhân đạo,réndào,人道主义,chủ nghĩa nhân đạo
嘿,"ôi, ủa, ô hay, ơ hay",hēi,嘿，老张，快走吧!,"này anh Trương, đi mau lên!"
照耀,chiếu sáng,zhàoyào,阳光照耀着大地。,ánh sáng mặt trời chiếu xuống mặt đất.
反驳,"bác bỏ, bác bẻ",fǎnbó,,
地铁,xe điện ngầm,dìtiě,地铁车站,trạm xe điện ngầm
敲,"đập, gõ",qiāo,敲门。,gõ cửa.
嗯,"ừ, hừ",ń,嗯?你说什么。,sao? anh nói gì?
完整,hoàn chỉnh,wánzhěng,领土完整。,toàn vẹn lãnh thổ.
中国,trung quốc,zhōngguó,,
劈,"bổ, chẻ",pī,劈木柴。,bổ củi; chẻ củi.
事迹,,shìjì,生平事迹。,câu chuyện cuộc đời.
飞跃,"nhảy vọt, vượt bậc",fēiyuè,飞跃发展,phát triển nhanh chóng; tăng vọt.
加班,làm thêm giờ,jiābān,,
疲劳,mệt mỏi,píláo,,
撤退,"thoái binh, rút lui",chètuì,,
爱惜,"yêu quý, quý trọng",àixī,爱惜时间。,quý thời gian.
堵车,"kẹt xe, tắc đường",dǔchē,上下班时间，这个路口经常堵车。,"lúc vào ca và tan ca, đường này thường xuyên kẹt xe."
慌忙,"vội vàng, lật đật",huāngmáng,慌忙之中，把衣服都穿反了。,"trong lúc cuống quýt, mặc đồ trái hết."
原因,nguyên nhân,yuányīn,丰收的原因,nguyên nhân được mùa
融洽,"hòa hợp, hòa thuận",róngqià,,
上班,đi làm,shàngbān,,
狠心,nhẫn tâm,hěnxīn,狠一狠心。,quyết lòng
系统,hệ thống,xìtǒng,系统化。,hệ thống hoá
题,"tiêu đề, đề bài",tí,命题,mệnh đề
争气,không chịu thua kém,zhēngqì,孩子真争气，每次考试都名列前茅。,"đứa bé thật không chịu thua kém, mỗi lần thi đều đứng đầu."
乐观,lạc quan,lèguān,乐观情绪。,tâm tư vui vẻ.
作者,tác giả,zuòzhě,,
支援,"ủng hộ, chi viện, giúp dỡ",zhīyuán,支援灾区,chi viện cho vùng bị nạn.
濒临,"kề bên, kề, kề cận",bīnlín,我国濒临太平洋。,nước ta nằm kề bên Thái Bình Dương
道理,đạo lý,dàolǐ,他在跟孩子们讲热胀冷缩的道理。,"anh ấy giảng cho bọn trẻ quy luật nóng thì dãn ra, lạnh thì co lại."
抑制,đàn áp,yìzhì,大脑的抑制现象。,Hiện tượng ức chế của đại não.
难道,lẽ nào,nándào,河水难道会倒流吗?,nước sông lẽ nào chảy ngược sao?
杜绝,"tiêu diệt, ngăn chặn",dùjué,杜绝贫污和浪费。,ngăn chặn triệt để tham ô và lãng phí.
秋,mù thu,qiū,深秋。,cuối thu.
冲击,tấn công,chōngjí,海浪冲击着石崖，飞起象珠子一般的水花。,"sóng biển đập vào vách đá, bắn tung những giọt nước như những hạt ngọc."
不可思议,"phi thường, không thể tưởng tượng nổi",bùkěsīyì,,
附和,"phụ họa, hùa theo",fùhè,随声附和,phụ hoạ theo; a dua.
精致,"tinh xảo, đẹp đẽ",jīngzhì,精致的花纹。,hoa văn tinh xảo.
哪,ở đâu,nǎ,我们这里有两位张师傅，您要会见的是哪位?,"chúng tôi đây có hai người họ Trương, anh muốn gặp người nào?"
干旱,khô,gānhàn,,
爱情,tình yêu,Àiqíng,,
简体字,chữ giản thể,jiǎntǐzì,,
顾客,khách hàng,gùkè,顾客至上,khách hàng là thượng đế
伟大,"to lớn, vĩ đại",wěidà,伟大的领袖,lãnh tụ vĩ đại
生存,sống sót,shēngcún,,
退休,nghiỉ hưu,tuìxiū,退休金,tiền hưu; lương hưu
玩,chơi,wán,玩火,"nghịch lửa, đùa với lửa."
功劳,"công lao, công trạng",gōngláo,汗马功劳,công lao hãn mã
各抒己见,mỗi người đưa ra ý kiến của riêng mình,gèshūjǐjiàn,,
字母,chữ cái,zìmǔ,拉丁字母,chữ La Tinh
感情,tình cảm,gǎnqíng,动感情,có cảm tình
精华,"tinh hoa, tinh túy",jīnghuá,取其精华，去其糟粕。,"chắt lấy cái tinh hoa, bỏ đi cái rác rưởi."
扶,"đỡ, vịn, dìu",fú,扶犁,cầm cày
惭愧,xấu hổ,cánkuì,难道你不感到惭愧吗?,chẳng lẽ anh không biết xấu hổ hay sao?
当选,trúng cử,dāngxuǎn,他再次当选为工会主席。,ông ấy lại trúng cử chủ tịch công đoàn.
吞咽,nuốt,tūnyàn,咽喉发炎，吞咽困难。,"cổ họng bị viêm, nuốt vào rất khó khăn."
之,của,zhī,由京之沪。,từ Bắc Kinh đến Thượng Hải.
珍珠,ngọc trai,zhēnzhū,,
恶劣,"xấu xa, tồi tệ",èliè,行为恶劣。,hành vi tồi tệ.
类,thể loại,lèi,分类。,phân loại.
智慧,trí tuệ,zhìhuì,人民的智慧是无穷的。,trí tuệ của nhân dân là vô cùng vô tận.
风度,"phong độ, phong cách",fēngdù,有风度,có phong độ
必要,cần thiết,bìyào,十分必要。,vô cùng cần thiết
鞠躬,"cúi chào, cúi đầu",jūgōng,鞠躬道谢。,khom lưng đáp lễ.
名次,"thứ tự, thứ bậc",míngcì,,
从事,"làm, tham gia",cóngshì,从事革命。,tham gia cách mạng.
夏,mùa hè,xià,初夏 。,đầu mùa hạ
打喷嚏,"hắt xì hơi, nhảy mũi",dǎ pēntì,,
疲倦,mệt mỏi,píjuàn,,
享受,hưởng thụ,xiǎngshòu,贪图享受。,ham hưởng thụ
练习,tập luyện,liànxí,练习心算。,tập tính nhẩm.
能源,nguồn năng lượng,néngyuán,,
审判,xét xử,shěnpàn,,
课程,lịch dạy học,kèchéng,课程表。,chương trình dạy học.
倒,đếm ngược,dào,摔倒,ngã
签字,ký tên,qiānzì,,
体系,hệ thống,tǐxì,防御体系,hệ thống phòng ngự
笨,ngu ngốc,bèn,愚笨,ngu đần
严厉,nghiêm khắc,yánlì,,
不然,nếu không thì,bùrán,抄抄写写看起来很容易，其实不然。,"sao sao chép chép nhìn tưởng là dễ lắm, thực ra không phải vậy đâu"
国籍,quốc tế,guójí,一架国籍不明的飞机。,chiếc máy bay này không rõ lai lịch.
学问,học vấn,xuéwèn,这是一门新兴的学问。,đây là một ngành học mới
殴打,đánh nhau,ōudǎ,互相殴打。,đánh lộn nhau.
指甲,móng tay,zhǐjiǎ,,
哈,a ha,hā,哈了一口气。,hà một hơi
传单,"tờ rơi, truyền đơn",chuándān,,
侵略,xâm lược,qīnlüè,世界人民反对侵略战争。,Nhân dân thế giới phản đối chiến tranh xâm lược.
田径,dđiền kinh,tiánjìng,,
水龙头,vòi nước,shuǐlóngtóu,,
指挥,chỉ huy,zhǐhuī,指挥部,bộ chỉ huy
简直,"quả là, thật là",jiǎnzhí,屋子里热得简直呆不住。,trong phòng nóng đến nỗi chừng như đờ cả người ra.
三角,tam giác,sānjiǎo,糖三角(食品)。,thỏi đường hình tam giác.
机器,máy móc,jīqì,,
热,nóng,rè,热水。,nước nóng.
粥,cháo,zhōu,江米粥,cháo gạo nếp
社区,cộng đồng,shèqū,,
华裔,Trung quốc và vùng lân vận,huáyì,,
扩张,"mở rộng,bành trướng",kuòzhāng,向外扩张。,mở rộng ra ngoài.
麦克风,microphone,màikèfēng,,
嘈杂,ồn ào,cáozá,人声嘈杂,tiếng người huyên náo
软,mềm,ruǎn,柔软。,mềm.
一如既往,trước sau như một,yīrújìwǎng,,
揉,"nhào, nặn",róu,不要揉眼睛。,không nên dụi mắt.
化验,hóa nghiệm,huàyàn,化验员,nhân viên hoá nghiệm
我们,chúng tôi,wǒmen,,
等待,đợi,děngdài,等待时机,đợi thời cơ
重要,quan trọng,zhòngyào,重要人物,nhân vật quan trọng
除,"trừ bỏ, phép chia",chú,根除 。,trừ tận gốc.
考试,"kiểm tra, thi",kǎoshì,,
政治,chính trị,zhèngzhì,政治倾向,khuynh hướng chính trị
生活,cuộc sống,shēnghuó,政治生活。,đời sống chính trị.
原则,nguyên tắc,yuánzé,原则性,tính nguyên tắc
总而言之,nói tóm lại,zǒng'éryánzhī,总而言之，要主动，不要被动。,"tóm lại cần phải chủ động, không nên bị động."
期限,"kỳ hạn, thời hạn",qíxiàn,期限很短。,kỳ hạn rất ngắn.
复印,phô-tô-cop-py,fùyìn,复印资料,phô-tô-cóp-py tài liệu
拥挤,"chật chội, đông nghịt",yǒngjǐ,按次序上车，不要拥挤。,"theo thứ tự lên xe, không nên chen lấn."
嫩,"mềm, non",nèn,嫩叶。,lá non.
受伤,biị thương,shòushāng,,
鼠标,chuột máy tính,shǔbiāo,,
层出不穷,"liên tiếp xuất hiện, tầng tầng lớp lớp",céngchūbùqióng,新事物层出不穷,sự vật mới ùn ùn đến
空隙,"khe hở, lúc rảnh rỗi",kòngxì,农作物行间要有一定的空隙。,giữa các hàng cây nông nghiệp phải có những khe hở nhất định.
古老,cũ,gǔlǎo,古老的风俗,phong tục cổ xưa
税,thuế,shuì,农业税。,thuế nông nghiệp.
有条不紊,gọn gàng không rối loạn,yǒu tiáo bù wěn,,
杯子,"cốc, chén",bēizi,,
案例,án lệ,ànlì,,
迈,đi bước dài,mài,迈步。,bước chân đi.
工作,công việc,gōngzuò,积极工作,tích cực làm việc
改正,"cải chính, sửa chữa",gǎizhèng,改正缺点,sửa chữa khuyết điểm
重新,lại lần nữa,chóngxīn,他重新来到战斗过的地方。,anh ấy một lần nữa lại đến những nơi đã từng chiến đấu.
打击,"gõ,đập, đánh",dǎjí,打击乐器,nhạc khí gõ
银行,ngân hàng,yínháng,,
探望,thăm viếng,tànwàng,四处探望,nhìn xung quanh
硬币,tiền xu,yìngbì,,
普及,phổ biến,pǔjí,这本书已经普及全国。,quyển sách này đã được phổ biến trên khắp đất nước.
应付,ứng phó,yìngfù,应付局面,ứng phó với cục diện
掐,véo,qiā,掐两下也可以止痒。,cấu vài cái có thể hết ngứa.
权力,quyền lực,quánlì,国家权力。,quyền lực nhà nước.
遗憾,lấy làm tiếc,yíhàn,一时失足成了他终生的遗憾。,một bước sa chân ôm hận suốt đời
割,"cắt, gặt",gē,麦子割,gặt lúa mì
遥控,điều khiển từ xa,yáokòng,,
多亏,"may mắn, may mà",duōkuī,多亏你来了，否则我们要迷路的。,"may mà anh đến, không thì chúng tôi lạc đường rồi."
悬挂,treo,xuánguà,悬挂国旗,treo quốc kỳ
复习,"xem lại, ôn tập",fùxí,复习功课,ôn tập bài học
兑现,"làm tròn, đổi tiền mặt, thực hiện",duìxiàn,这张支票不能兑现。,tờ chi phiếu này không thể đổi tiền mặt được.
多余,"dư, dư thừa",duōyú,把多余的粮食卖给国家。,đem lương thực thừa bán cho nhà nước.
裁判,trọng tài,cáipàn,足球裁判。,trọng tài bóng đá
滋长,"phát sinh, nảy sinh",zīzhǎng,有了成绩，要防止滋长骄傲自满的情绪。,"đạt được thành tích , nên tránh kiêu ngạo tự mãn."
甜,ngọt,tián,这西瓜真甜,quả dưa này rất ngọt.
学位,học vị,xuéwèi,,
督促,thúc giục,dūcù,已经布置了的工作，应当认真督促检查。,"đã bố trí công việc rồi, nhưng phải tích cực đốc thúc giám sát."
其次,thứ hai,qícì,他第一个发言，其次就轮到了我。,"anh ấy phát biểu đầu tiên, sau đó là tôi."
逛,đi dạo,guàng,闲逛,đi dạo
按摩,xoa bóp,ànmó,,
结晶,kết tinh,jiéjīng,劳动的结晶。,kết quả lao động.
活该,đáng đời,huógāi,活该如此,như thế đáng đời
捐,"tặng, quyên góp",juān,捐弃。,vứt bỏ.
不顾,"không cần biết đến, bất cần",bùgù,只顾自己，不顾别人,"người ích kỷ; chỉ lo cho mình, chẳng cần đếm xỉa đến người khác"
背叛,phản bội,bèipàn,背叛封建阶级。,chống lại giai cấp phong kiến
智力,"trí lực,trí khôn",zhìlì,,
方便,tiện lợi,fāngbiàn,北京市的交通很方便。,giao thông ở Bắc Kinh rất thuận tiện.
陷害,hãm hại,xiànhài,,
麻烦,"phiền toái, phiền phức",máfan,服务周到， 不怕麻烦。,"phục vụ chu đáo, không sợ phiền phức"
拿,"cầm, lấy",ná,他手里拿着一把扇子。,tay anh ấy cầm một cái quạt.
脱,cởi ra,tuō,脱皮,tróc da
王子,hoàng tử,wángzǐ,,
马虎,"qua loa, đại khái",mǎhǔ,这人太马虎。,người này hờ hững lắm.
保卫,"bảo vệ, ủng hộ",bǎowèi,保卫国家,bảo vệ đất nước
肖像,chân dung,xiàoxiàng,,
娱乐,giải trí,yúlè,娱乐场所。,nơi vui chơi giải trí
沉默,yên lặng,chénmò,沉默寡言。,trầm lặng ít nói.
将来,tương lai,jiānglái,这些资料要妥为保存，以供将来参考。,những tài liệu này phải được bảo tồn một cách thích đáng để sau này tham khảo.
秒,giây,miǎo,,
抱,"giữ, ôm",bào,母亲抱 着孩子,mẹ bế con
迎接,"chào đón, ngênh đón",yíngjiē,到车站去迎接贵宾。,đến nhà ga đón tiếp các vị khách quý.
打交道,"giao tiếp, tiếp xúc",dǎjiāodào,我没跟他打过交道。,tôi chưa từng tiếp xúc với anh ấy.
忍不住,không thể cưỡng lại,rěn bù zhù,,
跟踪,"theo dõi, bám theo",gēnzōng,跟踪追击,bám theo truy kích
优先,quyền ưu tiên,yōuxiān,优先权,quyền ưu tiên
耽误,làm chậm trễ,dānwù,快走吧，别耽误了看电影。,"Đi nhanh đi, đừng để lỡ buổi chiếu phim."
下,dưới,xià,下 部。,phần dưới
发表,"phát biểu, tuyên bố",fābiǎo,发表谈话,nói chuyện
何况,hơn nữa,hékuàng,他在生人面前都不习惯讲话，何况要到大庭广众之中呢?,"trước mặt người lạ anh ấy còn không thích nói, huống chi đến chỗ đông người?"
可观,đáng xem,kěguān,这出戏大有可观。,vở kịch này đáng xem.
折腾,"đi qua đi lại, làm lại",zhēteng,凑合着睡一会儿，别来回折腾了。,"quây quần lại ngủ một chút đi, đừng đi qua đi lại nữa."
种族,chủng tộc,zhǒngzú,,
得天独厚,"gặp may mắn, được ưu ái",détiāndúhòu,,
清醒,,qīngxǐng,早晨起来，头脑特别清醒。,"buổi sáng thức dậy, đầu óc thật là minh mẫn."
遇到,gặp phải,yù dào,,
危机,nguy cơ,wéijī,危机四伏,chỗ nào cũng có nguy cơ; nguy cơ phục bốn phía; nguy cơ dồn dập bốn bề
虚荣,hư vinh,xūróng,虚荣心,lòng chuộng hư vinh
加剧,trầm trọng thêm,jiājù,病势加剧。,bệnh tình trầm trọng hơn.
能力,năng lực,nénglì,能力强。,năng lực cao.
灾难,tai nạn,zāinàn,灾难深重,tai hoạ nặng nề
状况,"tình hình, tình trạng",zhuàngkuàng,经济状况,tình hình kinh tế
地址,địa chỉ,dìzhǐ,,
礼貌,phép lịch sự,lǐmào,有礼貌。,có lễ phép.
职务,chức vụ,zhíwù,担任厂长的职务。,giữ chức vụ giám đốc nhà máy.
聚精会神,tập chung tinh thần,jùjīnghuìshén,同学们聚精会神地听老师讲解。,học sinh chăm chú nghe thầy giáo giảng bài.
迁就,"nhân nhượng, cả nể",qiānjiù,坚持原则，不能迁就。,"giữ vững nguyên tắc, không thể nhân nhượng."
眼色,năng lực,yǎnsè,递了个眼色,đýa mắt một cái
斗争,đấu tranh,dòuzhēng,阶级斗争,đấu tranh giai cấp
多少,bao nhiêu,duōshǎo,多少不等，长短不齐。,"nhiều ít không đều, dài ngắn so le."
学术,học thuật,xuéshù,学术界,giới học thuật
岩石,đá,yánshí,,
平衡,cân bằng,pínghéng,产销平衡。,sản xuất và tiêu dùng ngang nhau.
比重,tỷ trọng,bǐzhòng,我国工业在整个国民经济中的比重逐年增长。,tỉ lệ của nền công nghiệp trong nền kinh tế quốc dân nước ta mỗi năm một tăng.
老,già,lǎo,老人。,người già.
限制,hạn chế,xiànzhì,文章的字数不限制。,số chữ trong bài văn không hạn chế
逝世,chết,shìshì,,
样式,"hình thức, kiểu dáng",yàngshì,,
治疗,điều trị,zhìliáo,长期治疗,điều trị lâu dài
情报,"tình báo, thông tin",qíngbào,情报员。,tình báo viên.
样品,hàng mẫu,yàngpǐn,,
仪器,nhạc cụ,yíqì,,
领会,"lĩnh hội, tiếp thu",lǐnghuì,认真领会文件的精神。,nghiêm túc tiếp thu tinh thần của văn kiện.
埋葬,chôn,máizàng,,
长城,Trường thành,chángchéng,中国人民解放军是保卫祖国的钢铁长城。,quân giải phóng nhân dân Trung Quốc là bức tường thành bảo vệ tổ quốc.
模型,kiểu mẫu,móxíng,,
基地,căn cứ,jīdì,工业建设基地。,khu vực nền tảng xây dựng công nghiệp.
劳驾,làm phiền,láojià,劳驾，把那本书 递给我。,làm phiền anh đýa quyển sách đó cho tôi.
坚持,kiên trì,jiānchí,坚持原则。,giữ vững nguyên tắc.
总结,tổng kết,zǒngjié,总结工作,tổng kết công tác
联系,"liên hệ, gắn liền",liánxì,保持联系。,duy trì mối liên hệ.
京剧,kinh kịch,jīngjù,,
行李箱,va li,xínglǐ xiāng,,
批,"tập, thiệp, xấp, thiếp,tốp",pī,批颊。,bạt tai.
论坛,diễn đàn,lùntán,工人论坛。,diễn đàn công nhân.
瘦,gầy,shòu,这些肉太肥，我要瘦点儿的。,"thịt này mỡ quá, tôi muốn một ít thịt nạc."
县,huyện,xiàn,,
生动,sinh động,shēngdòng,生动活泼。,sinh động hoạt bát.
作息,làm việc và nghỉ ngơi,zuòxí,按时作息,làm việc và nghỉ ngơi đúng giờ.
自动,tự động,zìdòng,自动参加,tự tham gia
词语,từ ngữ,cíyǔ,写文章要尽量避免方言词语。,viết văn phải cố gắng tránh những từ địa phương.
回答,trả lời,huídá,回答不出来。,không trả lời được
折,gấp lại,zhé,树枝折了。,cành cây gãy rồi.
妇女,phụ nữ,fùnǚ,妇女干部,cán bộ phụ nữ
丑,xấu xí,chǒu,丑 态。,bộ dạng xấu xa.
缺少,thiếu,quēshǎo,缺少零件。,thiếu linh kiện.
迸发,"bung ra, tóe ra",bèngfā,一锤子打到岩石上，迸发了好些火星儿。,"giáng một búa vào tảng đá, toé ra bao nhiêu đốm lửa"
复兴,sự phục hưng,fùxīng,民族复兴,phục hưng dân tộc
筹备,"chuẩn bị,trù bị",chóubèi,1913年，中国教育部组成国语统一筹备会，校定注音字母，出版《国音字典》。,"năm 1913, Bộ Giáo dục Trung quốc thành lập uỷ ban trù bị thống nhất quốc ngữ, hiệu đính chữ cái chú âm và xuất bản ""Quốc âm tự điển""."
朴实,thành thật,pǔshí,她穿得很朴实。,cô ấy ăn mặc rất giản dị.
验证,nghiệm chứng,yànzhèng,,
由,do,yóu,因由,nguyên do
遍布,"phân bố, rải rác",biànbù,煤矿遍布全国,mỏ than đá phân bố khắp nơi trong nước
年轻,trẻ,niánqīng,年轻人。,người trẻ tuổi.
访问,"phỏng vấn, thăm",fǎngwèn,访问先进工作者。,phỏng vấn những người công tác tiên tiến.
工资,tiền lương,gōngzī,基本工资,tiền lương cơ bản.
滔滔不绝,thao thao bất tuyệt,tāotāo bù jué,,
小时,giờ,xiǎoshí,,
书记,bí thư,shūjì,,
大家,mọi người,dàjiā,书法大家,nhà thư pháp nổi tiếng.
正,"chính giữa, chính trực, chính diện",zhèng,新正,tháng giêng
从前,"trước đây, ngày trước",cóngqián,想想从前悲惨遭遇，更加感到今天生活的幸福美满。,"nghĩ lại những gì bi thảm đã gặp trước đây, càng cảm nhận được cuộc sống hạnh phúc tràn trề ngày hôm nay."
风味,"phong vị, mùi vị",fēngwèi,风味小吃,mùi vị của hàng quà bánh
喂,a lô,wèi,喂，你上哪儿去?,"này, cậu đi đâu đấy?"
方法,"phương pháp, cách",fāngfǎ,工作方法,phương pháp làm việc
从,từ,cóng,从 征。,tòng chinh.
书面,văn bản,shūmiàn,书面通知。,thông báo bằng văn bản.
帅,đẹp trai,shuài,元帅。,nguyên soái.
光滑,"trơn tuột, nhẵn bóng",guānghuá,皮肤光滑,da nhẵn bóng; nước da bóng lưỡng.
难受,khó chịu,nánshòu,浑身疼得难受。,đau nhức khó chịu khắp người.
玩意儿,đồ chơi,wányì er,他手里拿的是什么玩意儿?,anh ấy cầm cái gì trong tay đấy?
栋,,dòng,,
时代,"thời kỳ, thời đại",shídài,石器时代。,thời kì đồ đá.
创作,sáng tạo,chuàng zuò,创作经验。,kinh nghiệm sáng tác.
从来,từ trước đến giờ,cónglái,他从来不失信。,anh ta chưa hề thất tín bao giờ.
羽绒服,áo lông,yǔróngfú,,
自主,tự chủ,zìzhǔ,独立自主,độc lập tự chủ
投机,đầu cơ,tóujī,话不投机,lời nói không ăn ý; ăn nói không hợp.
筷子,đũa,kuàizi,一 双筷子。,một đôi đũa.
踌躇,"do dự, trần trừ",chóuchú,踌躇了半天，我终于直说了。,"lưỡng lự một hồi lâu, cuối cùng tôi đã nói thẳng ra."
首先,"trước tiên, đầu tiên",shǒuxiān,首先报名。,ghi tên đầu tiên.
得,"được, có thể",dé,得益,có ích
是非,"đúng sai, chuyện lôi thôi",shìfēi,明辨是非。,phân biệt đúng sai.
教,dạy,jiào,教唱歌。,dạy hát.
许可,giấy phép,xǔkě,许可证,giấy phép; giấy đồng ý
垫,"đệm, cái lót",diàn,垫猪圈,kê chuồng lợn
似的,"dường như, tựa như",shì de,像雪似的那么白。,trắng tựa như tuyết.
奖赏,"khen thưởng, phần thưởng",jiǎngshǎng,,
要点,nội dung chính,yàodiǎn,战略要点,cứ điểm quan trọng có tính chất chiến lược.
忽然,đột ngột,hūrán,他正要出去，忽然下起大雨来。,"lúc anh ấy sắp đi, thi trời bỗng nhiên đổ mưa."
何必,"hà tất, cần gì phải",hébì,既然不会下雨，何必带伞!,"trời không thể mưa, cần gì phải mang theo dù!"
霸道,"bá đạo, độc tài, chuyên chế",bàdào,横行霸道,ngang ngược hỗn láo
规范,"quy tắc, kiểu mẫu",guīfàn,语音规范,quy tắc ngữ âm
憋,"bịt, nín, kìm nén",biē,劲头儿憋足了。,dồn nén đủ rồi
否决,"phủ quyết, bác bỏ",fǒujué,提案被否决了。,đề án bị bác bỏ.
混乱,"hôỗn loạn,lẫn lộn",hǔnluàn,思想混乱,tư tưởng hỗn loạn
进而,"tiến tới, triển khai bước kế tiếp",jìn'ér,把这些术语的含义弄清楚以后才能进而讨论文件的内容。,sau khi làm rõ hàm nghĩa của những thuật ngữ này mới có thể tiến tới thảo luận nội dung của văn kiện.
做,làm,zuò,做衣服,may quần áo
倒霉,xui xẻo,dǎoméi,真倒霉，赶到车站车刚开走。,"thật xui xẻo, đến được ga thì tàu vừa chạy."
战争,chiến tranh,zhànzhēng,,
清淡,"nhạt, loãng, nhẹ",qīngdàn,一杯清淡的龙井茶。,một tách trà Long Tỉnh nhạt.
赚,kiếm được,zhuàn,赚钱,kiếm được tiền
差距,"chênh lệch, khoảng cách",chājù,学先进，找差距,"học tiên tiến, tìm ra chỗ thua kém"
终点,"điểm kết thúc, điểm cuối cùng",zhōngdiǎn,终点站,ga cuối; trạm cuối
请,xin vui lòng,qǐng,请教。,thỉnh giáo.
受不了,chịu không nổi,shòu bùliǎo,,
率领,dẫn đầu,shuàilǐng,率领队伍。,dẫn đầu đội ngũ.
设想,tưởng tượng,shèxiǎng,不堪设想。,không thể tưởng tượng.
胜利,thắng lợi,shènglì,大会胜利闭幕。,đại hội kết thúc thành công.
事先,"trước, trước tiên",shìxiān,,
一样,giống nhau,yīyàng,哥儿俩相貌一样，脾气也一样。,"hai anh em mặt mũi giống nhau, tính tình cũng giống nhau."
勇敢,dũng cảm,yǒnggǎn,机智勇敢,mưu trí dũng cảm.
干活儿,"làm việc,lao động",gàn huó er,,
速度,tốc độ,sùdù,,
扮演,"đóng vai, sắm vai",bànyǎn,"她在""白毛女""里扮演喜儿","cô ấy đóng vai Hỉ nhi trong vở ""Bạch mao nữ"""
海洋,đại dương,hǎiyáng,海洋渔业。,nghề đánh cá biển.
律师,luật sư,lǜshī,,
堵塞,"tắc ngẽn, ngăn chặn",dǔsè,公路被塌下来的山石堵塞了。,con đường bị đá trên núi lỡ xuống làm tắc nghẽn mất rồi.
姥姥,bà ngoại,lǎolao,,
勿,đừng,wù,施工重地，请勿入内。,"chỗ thi công quan trọng, xin đừng vào."
线索,"đầu mối, manh mối",xiànsuǒ,故事的线索。,đầu mối của câu chuyện
根据,"theo, dựa trên",gēnjù,根据气象台的预报，明天要下雨。,"căn cứ vào dự báo của đài khí tượng thuỷ văn, ngày mai sẽ có mưa."
命令,mệnh lệnh,mìnglìng,连长命令一排担任警戒。,đại đội trưởng ra lệnh trung đội một đảm nhận nhiệm vụ canh giới.
寿命,tuổi thọ,shòumìng,延长机车的寿命。,kéo dài tuổi thọ của xe máy.
鸡蛋,trứng gà,jīdàn,,
吉祥,,jíxiáng,吉祥话。,lời nói may mắn.
实习,"tập luyện, thực tập",shíxí,,
往往,thường,wǎngwǎng,他往往工作到深夜。,nó thường làm việc đến khuya
表明,"tỏ rõ,chứng tỏ",biǎomíng,表明态度。,tỏ rõ thái độ
亲爱,"thân ái, thương yêu",qīn'ài,亲爱的祖国。,tổ quốc thương yêu.
外交,ngoại giao,wàijiāo,,
杰出,"xuất chúng, kiệt xuất",jiéchū,杰出人物。,nhân vật xuất chúng.
记录,ghi chép,jìlù,会议记录。,biên bản hội nghị.
潜移默化,thay đổi một cách vô tri vô giác,qiányímòhuà,,
消防,chữa cháy,xiāofáng,消防队。,đội phòng cháy chữa cháy; đội cứu hoả.
不要紧,không sao đâu,bùyàojǐn,这病不要紧，吃点儿药就好。,"bịnh này không sao đâu, uống chút thuốc là khỏi ngay"
称,"gọi, gọi là",chēng,称体。,vừa vặn với người.
键盘,bàn phím,jiànpán,,
容易,dễ dàng,róngyì,写简化字比繁体字容易得多。,viết chữ giản thể dễ hơn nhiều so với chữ phồn thể.
交际,"xã giao, giao tiếp",jiāojì,语言是人们的交际工具。,ngôn ngữ là công cụ giao tiếp của con người.
责备,khiển trách,zébèi,受了一通责备,bị quở trách một trận.
拥有,có,yǒngyǒu,柴达木盆地拥有二十二万平方公里的面积。,thung lũng Cai-Dam có diện tích 220.000 km2.
运输,vận tải,yùnshū,,
克,gram,kè,克勤克俭。,vừa cần cù vừa tiết kiệm.
盐,muối,yán,精盐,muối tinh
罢工,đình công,bàgōng,,
选择,lựa chọn,xuǎnzé,选择对象,chọn đối tượng
对不起,xin lỗi,duìbùqǐ,对不起，让您久等了。,"xin lỗi, phiền ông phải đợi lâu."
橡皮,cục tẩy,xiàngpí,,
当代,"ngày nay, đương đại",dāngdài,当代文学,văn học đương đại
玩弄,chơi đùa,wànnòng,这篇文章除了玩弄名词之外，没有什么内容。,"bài văn này ngoài trò chơi chữ ra, chẳng có nội dung gì cả."
经验,kinh nghiệm,jīngyàn,他对嫁接果树有丰富的经验。,anh ấy có nhiều kinh nhiệm về lai ghép cây ăn quả.
过程,quy trình,guòchéng,认识过程,quá trình nhận thức
语言,ngôn ngữ,yǔyán,语言乏味,lời nói nhạt nhẽo; lời nói không thú vị
合法,hợp pháp,héfǎ,合法权利,quyền lợi hợp pháp
本来,vốn,běnlái,本来的面貌,diện mạo ban đầu
分解,"phân chia, phân tích",fēnjiě,难以分解,khó phân giải
非法,"bất hợp pháp,phi pháp",fēifǎ,非法收入,thu nhập phi pháp
广告,quảng cáo,guǎnggào,广告栏,cột quảng cáo.
哪儿,ở đâu,nǎ'er,你上哪儿去?,anh đi đâu?
科学,khoa học,kēxué,科学种田。,trồng trọt kỹ thuật cao.
盆地,"thung lũng, lòng chảo, bồn địa",péndì,,
理想,lý tưởng,lǐxiǎng,当一名医生是我的理想。,tôi hy vọng trong tương lai mình sẽ là một bác sĩ nổi tiếng.
教材,tài liệu giảng dạy,jiàocái,,
尽量,cố hết sức,jǐnliàng,把你知道的尽量报告给大家,cố gắng hết mức đem những điều mà anh biết nói với mọi người.
时差,sưự chênh lệch thời gian,shíchā,,
相信,tin,xiāngxìn,我相信他们的试验一定会成功。,tôi tin rằng thí nghiệm của họ nhất định sẽ thành công.
土壤,đất,tǔrǎng,,
装卸,"dỡ hàng, bốc dỡ",zhuāngxiè,装卸货物,bốc dỡ hàng hoá
付款,thanh toán,fùkuǎn,,
留恋,"lưu luyến, không muốn rời xa",liúliàn,留恋故土。,không muốn rời xa nơi chôn nhau cắt rốn.
照样,như thường lệ,zhàoyàng,照着样儿画。,vẽ theo như cũ
盛产,sản xuất nhiều,shèngchǎn,盛产木材。,sản xuất nhiều gỗ.
办法,"cách, biện pháp",bànfǎ,他工作很有办法,anh ấy làm việc rất có phương pháp
师范,"gương sáng, gương tốt",shīfàn,为世师范。,nêu gương sáng cho đời.
像,giống,xiàng,画像 。,ảnh vẻ; chân dung.
大致,khoảng,dàzhì,两家的情况大致相同。,tình hình hai gia đình cơ bản như nhau.
梢,ngọn,shāo,树梢。,ngọn cây.
敷衍,"qua lao, qua quít",fūyǎn,敷衍经文要旨,nói lại ý cốt yếu trong kinh văn
崭新,mới tinh,zhǎnxīn,崭新的大楼,toà nhà mới xây
美妙,"tuyệt vời, tươi đẹp",měimiào,美妙的青春。,tuổi thanh xuân tươi đẹp.
瓦解,sập,wǎjiě,土崩瓦解。,lở đất tan rã.
形容,"hình dung, miêu tả",xíngróng,形容憔悴。,hình dạng tiều tuỵ
邻居,hàng xóm,línjū,,
成语,thành ngữ,chéngyǔ,,
家伙,"thằng cha, lão",jiāhuo,你这个家伙真会开玩笑。,cái lão này cũng biết đùa lắm.
着急,lo lắng,zhāojí,别着急，有问题商量着解决。,"đừng lo lắng, có vấn đề gì thì cùng thương lượng giải quyết."
脑袋,đầu,nǎodai,,
她,cô ấy,tā,,
推理,suy lý,tuīlǐ,,
公式,công thức,gōngshì,,
恐怖,khủng bố,kǒngbù,白色恐怖。,khủng bố trắng.
按照,"theo, dựa theo",ànzhào,按照预定的计划完成任务,hoàn thành nhiệm vụ theo kế hoạch định sẵn
