Vocab,Pinyin,Meaning,Example,Example_Meaning
啊,ā,interjection of surprise; Ah!; Oh!,啊，没想到你居然会在这里！,"Ah, I didn't expect you to be here!"
哎,āi,hey!; (interjection used to attract attention or to express surprise or disapprobation),哎，你等一下！我好像把钥匙忘在桌子上了。,"Hey, wait a minute! I think I left my keys on the table."
唉,āi,"interjection or grunt of agreement or recognition (e.g. yes, it's me!); to sigh",唉，真没办法，那就按你说的做吧。,"Sigh, there's nothing to be done then; I'll just go along with your plan."
矮,ǎi,low; short (in length),他个子太矮了，够不到书架顶层的书。,He is too short to reach the books on the top shelf.
爱,ài,to love; to be fond of; to like; affection; to be inclined (to do sth); to tend to (happen),我爱在周末早晨去公园散步，感觉特别放松。,I love going for a morning walk in the park on weekends; it feels so relaxing.
爱情,ài qíng,romance; love (romantic),真正的爱情不仅仅是激情，更是相互理解和包容。,"True love is not just about passion, but also about mutual understanding and tolerance."
安,Ān,surname An,安先生是一位非常有耐心的中文老师。,Mr. An is a very patient Chinese teacher.
安静,ān jìng,quiet; peaceful; calm,图书馆里很安静，大家都可以专心看书。,quiet; peaceful; calm
安排,ān pái,to arrange; to plan; to set up; arrangements; plans,你能帮我安排一下周末的行程吗？,Can you help me arrange the itinerary for the weekend?
安全,ān quán,safe; secure; safety; security,为了您的安全，请系好安全带。,"For your safety, please fasten your seatbelt."
安慰,ān wèi,to comfort; to console,看到妹妹因为考试失利而难过，我立刻走过去安慰她。,"Seeing my younger sister upset over her poor exam results, I immediately walked over to comfort her."
安装,ān zhuāng,to install; to erect; to fix; to mount; installation,我昨天请专业师傅上门安装了新买的空调，今天家里终于凉快下来了。,"Yesterday, I hired a professional technician to come and install the newly purchased air conditioner, and our house finally feels cool today."
按,àn,to press; to push; to leave aside or shelve; to control; to restrain; to keep one's hand on; to check or refer to; according to; in the light of; (of an editor or author) to make a comment,请按说明书上的步骤操作。,according to / based on
按摩,àn mó,massage; to massage,长时间坐在电脑前工作会让肩颈酸痛，所以很多人会定期去做一次专业按摩来放松肌肉。,"Working long hours sitting at a computer can cause neck and shoulder soreness, so many people go for professional massages regularly to relax their muscles."
按照,àn zhào,according to; in accordance with; in the light of; on the basis of,请大家按照流程填写这份申请表。,Please fill out this application form according to the procedure.
案件,àn jiàn,case; instance,警方正在全力调查这起案件，希望能尽快查明真相。,The police are investigating this case with full force and hope to clarify the truth as soon as possible.
暗,àn,variant of 暗,这间屋子没有窗户，白天也很暗。,"This room has no windows, so it remains quite dark even during the day."
八,bā,eight; 8,我们班一共有八名学生。,There are a total of eight students in our class.
拔,bá,to pull up; to pull out; to draw out by suction; to select; to pick; to stand out (above level); to surpass; to seize,周末，妈妈带我去菜园里拔萝卜。,"On the weekend, my mom took me to the vegetable garden to pull up radishes."
把,bǎ,"to hold; to grasp; to hold a baby in position to help it urinate or defecate; handlebar; classifier: handful, bundle, bunch; classifier for things with handles; (used to put the object before the verb: 把 + {noun} + {verb})",请把手机调成静音模式，以免打扰到别人。,Please put your phone on silent mode to avoid disturbing others.
把握,bǎ wò,to grasp (also fig.); to seize; to hold; assurance; certainty; sure (of the outcome),经过充分的准备，我对这次面试已经很有把握了。,"After thorough preparation, I am very confident about this interview."
爸,bà,father; dad; pa; papa,爸，周末我们一起去爬山好吗？,"Dad, shall we go hiking together this weekend?"
爸爸,bà ba,(coll.) father; dad,我爸爸今天下班很早，我们一家人一起去吃了晚饭。,"My dad got off work early today, so our whole family went out for dinner together."
吧,bā,"bar (loanword) (serving drinks, or providing Internet access etc); to puff (on a pipe etc); (onom.) bang; abbr. for 贴吧",这家新开的酒吧提供精酿啤酒和免费Wi-Fi，是朋友聚会的理想场所。,"This newly opened bar offers craft beer and free Wi-Fi, making it an ideal place for friends to gather."
罢了,bà le,"a modal particle indicating (that's all, only, nothing much)",我没什么特别的爱好，就是喜欢看看书罢了。,I don’t have any special hobbies; I just like reading books.
白,Bái,surname Bai,我的新同事姓白，他来自北京。,"My new colleague's surname is Bai, and he is from Beijing."
白色,bái sè,white; fig. reactionary; anti-communist,她喜欢穿白色的衣服，因为看起来干净又清爽。,"white (literal/color usage, which is the most common and practical in daily conversation)"
白天,bái tiān,daytime; during the day; day,我白天在办公室工作，晚上才有时间陪家人。,"I work in the office during the day, and only have time to spend with my family at night."
百,Bǎi,surname Bai,我的新同学姓百，他平时待人特别友善。,"My new classmate's surname is Bai, and he is always very friendly to everyone."
摆,bǎi,to arrange; to exhibit; to move to and fro; a pendulum,妈妈把鲜花摆在餐桌上，让家里看起来更温馨。,My mother arranged the fresh flowers on the dining table to make the house feel cozier.
摆脱,bǎi tuō,to break away from; to cast off (old ideas etc); to get rid of; to break away (from); to break out (of); to free oneself from; to extricate oneself,经过多次尝试，她终于摆脱了焦虑的情绪，重新找回了生活的平静。,"After multiple attempts, she finally freed herself from anxiety and regained peace in her life."
班,Bān,surname Ban,班先生是我们公司的新经理。,Mr. Ban is our company's new manager.
搬,bān,to move (i.e. relocate oneself); to move (sth relatively heavy or bulky); to shift; to copy indiscriminately,我们打算下个月把家具都搬到新买的房子里。,We plan to move all the furniture into our newly bought house next month.
板,bǎn,board; plank; plate; shutter; table tennis bat; clappers (music); accented beat in Chinese music; hard; stiff; to stop smiling or look serious,他板着脸坐在沙发上，一句话也不说。,to stop smiling or look serious
版,bǎn,a register; block of printing; edition; version; page,这本书的最新版已经上市，内容比旧版更加详细。,"The latest edition of this book is now on sale, and its content is more detailed than the previous edition."
办,bàn,to do; to manage; to handle; to go about; to run; to set up; to deal with,明天我要去银行办一张新的银行卡。,Tomorrow I need to go to the bank to get a new bank card.
办法,bàn fǎ,means; method; way (of doing sth),我们得想个办法解决这个问题。,We need to think of a way to solve this problem.
办公室,bàn gōng shì,office; business premises; bureau,公司的新办公室位于市中心，交通十分便利。,"The company's new office is located in the city center, and the transportation there is very convenient."
半,bàn,half; semi-; incomplete; (after a number) and a half,我昨晚只睡了六个小时半。,I only slept six and a half hours last night.
半场,bàn chǎng,half of a game or contest; half-court,比赛进行到半场时，双方战成了平局，教练趁机调整了战术。,"When the game reached halftime, both sides were tied, so the coach took the opportunity to adjust tactics."
伴,bàn,partner; companion; comrade; associate; to accompany,他退休后，以读书为伴，生活充实而宁静。,"After retirement, he took reading as his companion, and his life became fulfilling and peaceful."
扮演,bàn yǎn,to play the role of; to act,他在学校的戏剧表演中扮演了主角。,He played the lead role in the school drama performance.
帮,bāng,old variant of 帮,他经常帮邻居照顾小孩。,He often helps the neighbor take care of the child.
帮忙,bāng máng,to help; to lend a hand; to do a favor; to do a good turn,明天我要去机场接客户，你能帮忙照看一下办公室吗？,I need to pick up a client at the airport tomorrow; could you help look after the office?
帮助,bāng zhù,assistance; aid; to help; to assist,谢谢你的帮助，让我顺利通过了这次面试。,Thank you for your help; it allowed me to successfully pass this interview.
绑架,bǎng jià,to kidnap; to abduct; to hijack; a kidnapping; abduction; staking,警方提醒家长，近期有歹徒试图在放学路上绑架儿童，请务必按时接送孩子。,"The police have warned parents that criminals have recently attempted to kidnap children on their way home from school, so please be sure to pick them up on time."
棒,bàng,stick; club; cudgel; smart; capable; strong; wonderful; classifier for legs of a relay race,你的中文说得真棒！,Your Chinese is really great!
包,Bāo,surname Bao,包先生是我们公司新来的项目经理，大家都很喜欢和他合作。,"Mr. Bao is the new project manager at our company, and everyone really enjoys working with him."
包括,bāo kuò,to comprise; to include; to involve; to incorporate; to consist of,这个旅游套餐的价格包括往返机票、酒店住宿以及每日三餐。,"The price of this travel package includes round-trip flights, hotel accommodation, and three meals a day."
宝,bǎo,variant of 宝,他把这本旧书视为无价之宝。,He regards this old book as a priceless treasure.
宝宝,bǎo bao,darling; baby,妈妈轻轻拍着宝宝的背，哄他入睡。,The mother gently patted the baby's back to help him fall asleep.
宝贝,bǎo bèi,treasured object; treasure; darling; baby; cowry; good-for-nothing or queer character,妈妈把刚出生的小女儿当成了心头的宝贝，每天都轻声哄她睡觉。,darling / treasured person (affectionate usage)
保,Bǎo,Bulgaria; Bulgarian; abbr. for 保加利亚,在近期的经贸谈判中，保方提出了多项建设性方案，推动了合作进程。,"In the recent economic and trade negotiations, the Bulgarian side proposed several constructive proposals that helped advance the cooperation process."
保安,bǎo ān,to ensure public security; to ensure safety (for workers engaged in production); public security; security guard,大楼的保安负责日常巡逻和门禁管理，以确保公共安全。,The building's security guard is responsible for daily patrols and access control to ensure public safety.
保持,bǎo chí,to keep; to maintain; to hold; to preserve,为了保持身体健康，我每天至少散步三十分钟。,"To keep my body healthy, I walk at least thirty minutes every day."
保存,bǎo cún,to conserve; to preserve; to keep; to save (a file etc) (computing),写完后记得随时保存文件，以免电脑突然关机导致内容丢失。,"Remember to save your file frequently while working, so you don't lose your progress if the computer suddenly shuts down."
保护,bǎo hù,to protect; to defend; to safeguard; protection,为了保护眼睛，长时间看屏幕后记得多看看远处的绿色植物。,"To protect your eyes, remember to look at distant green plants after staring at screens for a long time."
保留,bǎo liú,to keep; to retain; to have reservations (about sth); to hold back (from saying sth); to put aside for later,如果您暂时还不确定行程，我们可以先为您保留这个房间到明天中午。,(to keep / to retain; to hold something available for later use)
保险,bǎo xiǎn,insurance; to insure; safe; secure; be sure; be bound to,为了保障家人的健康，我们决定每年续保一份医疗保险。,"To protect our family's health, we decided to renew a medical insurance policy every year."
保障,bǎo zhàng,to ensure; to guarantee; to safeguard,完善的法律法规能够有效保障消费者的合法权益。,Sound laws and regulations can effectively safeguard consumers' legitimate rights and interests.
保证,bǎo zhèng,guarantee; to guarantee; to ensure; to safeguard; to pledge,我保证明天一定把报告交给你。,I guarantee that I will hand over the report to you tomorrow.
报,bào,to announce; to inform; report; newspaper; recompense; revenge,如果你发现任何安全隐患，请立即向主管报告。,report/inform (used in the compound 报告 to show the core character 报's function of conveying information to an authority)
报道,bào dào,to report (news); report,这家电视台正在实时报道台风的情况。,This TV station is reporting on the typhoon in real time.
报告,bào gào,to inform; to report; to make known; report; speech; talk; lecture,请你在周五之前提交这份工作报告。,Please submit this work report by Friday.
报警,bào jǐng,to sound an alarm; to report sth to the police,发现钱包被偷后，她立刻报了警。,"After discovering her wallet was stolen, she immediately called the police."
报纸,bào zhǐ,newspaper; newsprint,我每天早晨都会看报纸，了解最新的新闻。,I read the newspaper every morning to stay updated on the latest news.
抱,bào,to hold; to carry (in one's arms); to hug; to embrace; to surround; to cherish; (coll.) (of clothes) to fit nicely,妈妈轻轻地把熟睡的孩子抱在怀里，生怕吵醒他。,"The mother gently held the sleeping child in her arms, afraid of waking him up."
抱怨,bào yuàn,to complain; to grumble; to harbor a complaint; to feel dissatisfied,她总是抱怨饭菜太咸，可每次还是吃得干干净净。,"She always complains that the food is too salty, but she still finishes every bite."
暴力,bào lì,violence; force; violent,我们应该用和平的方式解决冲突，而不是诉诸暴力。,We should resolve conflicts peacefully rather than resort to violence.
暴露,bào lù,to expose; to reveal; to lay bare; also pr. [pù lù],他不经意的言行常常暴露他的真实想法。,His casual words and actions often reveal his true thoughts.
爆,bào,to explode or burst; to quick fry or quick boil,这道菜的秘诀是用猛火将食材快速爆炒，以锁住原汁原味。,The secret to this dish is to quickly stir-fry the ingredients over high heat to lock in their natural flavor.
爆发,bào fā,to break out; to erupt; to explode; to burst out,听到这个好消息，全场观众突然爆发出一阵热烈的掌声。,"After hearing the good news, the audience suddenly burst into warm applause."
爆炸,bào zhà,explosion; to explode; to blow up; to detonate,由于操作不当，工厂里的化学品突然发生了爆炸。,"Due to improper handling, chemicals at the factory suddenly exploded."
杯,bēi,"cup; trophy cup; classifier for certain containers of liquids: glass, cup",我每天早晨都会喝一杯温水来提神。,I drink a cup of warm water every morning to stay refreshed.
悲剧,bēi jù,tragedy,这场严重的交通事故成了一场令人痛心的悲剧，提醒我们出行时一定要遵守交通规则。,"The serious traffic accident was a heartbreaking tragedy, reminding us to always follow traffic rules when traveling."
悲伤,bēi shāng,sad; sorrowful,听到这个悲伤的消息后，他忍不住流下了眼泪。,"After hearing the sad news, he couldn't help but shed tears."
北,běi,north; (classical) to be defeated,他住在城市的北面，每天去公司上班只要走十分钟。,"north/northern (modern, practical usage)"
背,bēi,variant of 背,他背着一大袋米走回家。,He carries a big bag of rice home on his back.
背后,bèi hòu,behind; at the back; in the rear; behind sb's back,他悄悄走到我背后，轻轻拍了拍我的肩膀。,He quietly walked behind me and gently patted my shoulder.
背景,bèi jǐng,background; backdrop; context; (fig.) powerful backer,在讨论这个政策之前，我们先了解一下它的历史背景。,background/context
倍,bèi,"(two, three etc) -fold; times (multiplier); double; to increase or multiply",这款新手机的运行速度是旧型号的两倍。,The operating speed of this new phone is twice that of the old model.
被,bèi,"quilt; to cover (with); (literary) to suffer (a misfortune); used to indicate passive voice (placed before the doer of the action like ""by"" in English passive-voice sentences, or, if the doer is not mentioned, before the verb); (since c. 2009) (sarcastic or jocular) used to indicate that the following word should be regarded as being in air quotes (as in 被旅游 to ""go on a trip"", for example)",我的自行车被邻居不小心撞坏了。,My bicycle was accidentally damaged by my neighbor.
被告,bèi gào,defendant,被告在庭审中否认了所有指控。,The defendant denied all the charges during the trial.
本,běn,"root; stem; origin; source; this; the current; original; inherent; originally; classifier for books, periodicals, files etc",这本杂志的内容非常实用，我推荐你也读一读。,(classifier for periodicals/books) This magazine is very practical; I recommend you read it as well.
本地,běn dì,local; this locality,为了支持社区发展，我们尽量购买本地生产的商品。,"To support community development, we try to purchase locally produced goods."
本来,běn lái,original; originally; at first; it goes without saying; of course,我本来打算周末去爬山，结果下雨了，只好改在家里休息。,"I originally planned to go hiking on the weekend, but it rained, so I had to stay home and rest instead."
本人,běn rén,I; me; myself; oneself; yourself; himself; herself; the person concerned,本人已仔细阅读并同意上述条款。,I have carefully read and agree to the above terms.
本身,běn shēn,itself; in itself; per se,钱本身并没有对错，关键在于我们如何使用它。,Money itself is neither right nor wrong; it depends on how we use it.
笨,bèn,stupid; foolish; silly; slow-witted; clumsy,刚开始学骑自行车时，我的动作特别笨，总是掌握不好平衡。,"When I first started learning to ride a bicycle, my movements were so clumsy that I couldn't keep my balance."
逼,bī,variant of 逼; to compel; to pressure,父母逼他放弃艺术梦想，去学一门更稳定的专业。,His parents pressured him to give up his artistic dreams and study a more stable major.
鼻子,bí zi,nose,天气太冷了，我的鼻子都冻红了。,The weather is so cold that my nose turned red.
比,Bǐ,Belgium; Belgian; abbr. for 比利时,在世界杯赛场上，比队凭借严密的防守战术成功晋级四强。,"At the World Cup, the Belgian team successfully advanced to the semifinals thanks to their tight defensive tactics."
比较,bǐ jiào,to compare; to contrast; comparatively; relatively; quite; comparison,你可以**比较**一下这两款手机的价格和性能，再决定买哪一款。,(used as a verb: to compare)
比如,bǐ rú,for example; for instance; such as,中国有很多著名的美食，比如北京烤鸭、四川火锅和广东点心。,"China has many famous dishes, such as Peking duck, Sichuan hot pot, and Cantonese dim sum."
比如说,bǐ rú shuō,for example,学习中文有很多实用的方法，比如说每天听一段中文播客、看中国电视剧，或者和母语者聊天。,"There are many practical ways to learn Chinese, for example, listening to a Chinese podcast every day, watching Chinese TV dramas, or chatting with native speakers."
比赛,bǐ sài,competition (sports etc); match; to compete,我们学校的篮球队下周要去参加一场重要的比赛。,Our school's basketball team is going to participate in an important match next week.
彼此,bǐ cǐ,each other; one another,在团队合作中，成员们必须彼此信任，才能高效地完成任务。,"In a team, members must trust each other to complete tasks efficiently."
笔,bǐ,"pen; pencil; writing brush; to write or compose; the strokes of Chinese characters; classifier for sums of money, deals",请借我一支笔，我需要在这份文件上签字。,Please lend me a pen; I need to sign this document.
笔记本,bǐ jì běn,notebook (stationery); notebook (computing),上课或开会时，请记得把重点内容记在笔记本上，方便日后复习和查阅。,Please remember to write down key points in your notebook during class or meetings so you can easily review and reference them later.
必,bì,certainly; must; will; necessarily,他答应的事，必定会按时完成。,"He promised to do it, and he will certainly complete it on time."
必须,bì xū,to have to; must; compulsory; necessarily,根据规定，所有员工必须佩戴工作证进入办公区。,"According to regulations, all employees must wear their ID badges when entering the office area."
必要,bì yào,necessary; essential; indispensable; required,每天保证充足的睡眠对维持身体健康是非常必要的。,Getting adequate sleep every day is essential for maintaining good health.
毕竟,bì jìng,after all; all in all; when all is said and done; in the final analysis,我们决定留在国内工作，毕竟离家更近，也能多陪陪父母。,"We decided to stay and work in our home country; after all, it’s closer to home and allows us to spend more time with our parents."
毕业,bì yè,graduation; to graduate; to finish school,我明年六月就要大学毕业了。,I will graduate from university next June.
闭,bì,to close; to stop up; to shut; to obstruct,请闭上眼睛休息一会儿，让大脑彻底放松下来。,Please close your eyes and rest for a while to let your brain completely relax.
避免,bì miǎn,to avert; to prevent; to avoid; to refrain from,为了保持健康，医生建议他避免吃太多油腻的食物。,"To stay healthy, the doctor advised him to avoid eating too much greasy food."
边,biān,side; edge; margin; border; boundary; simultaneously,请把这盆花放在窗边的桌子上。,Please put this potted plant on the table by the window.
编,biān,to weave; to plait; to organize; to group; to arrange; to edit; to compile; to write; to compose; to fabricate; to make up,她正在编一本关于中国传统节日的教材，确保内容既准确又通俗易懂。,(compile / edit / write)
编辑,biān jí,to edit; to compile; editor; compiler,他正在编辑一篇关于人工智能的学术论文。,He is editing an academic paper about artificial intelligence.
变,biàn,to change; to become different; to transform; to vary; rebellion,最近天气变冷了，出门记得多穿点衣服。,"The weather has turned cold lately, so remember to wear more clothes when you go out."
变成,biàn chéng,to change into; to turn into; to become,经过几年的努力，他终于把梦想变成了现实。,"After years of hard work, he finally turned his dream into reality."
变化,biàn huà,(intransitive) to change; to vary; change; variation,近年来，这座城市的变化非常大，到处都在建新的地铁和公园。,"The changes in this city have been enormous in recent years, with new subways and parks being built everywhere."
便,biàn,plain; informal; suitable; convenient; opportune; to urinate or defecate; equivalent to 就: then; in that case; even if; soon afterwards,既然时间还早，我们便先去喝杯咖啡吧。,"Since we still have time, let's go ahead and grab a coffee first."
便宜,biàn yí,convenient,这家超市的水果很便宜，所以很多人来买。,"cheap / inexpensive (note: the correct pinyin is pián yi, not biàn yí; “convenient” in Chinese is 方便 fāngbiàn)"
遍,biàn,variant of 遍,请把这个单词读三遍，注意发音。,"Please read this word three times, paying attention to the pronunciation."
标,biāo,"mark; sign; label; to mark with a symbol, label, lettering etc; to bear (a brand name, registration number etc); prize; award; bid; target; quota; (old) the topmost branches of a tree; visible symptom; classifier for military units",请在每个产品包装上标清规格和价格，方便顾客选购。,Please clearly mark the specifications and price on each product package to help customers make their choices.
标志,biāo zhì,sign; mark; symbol; logo; to symbolize; to indicate; to mark,这家公司的新标志采用了简洁的图形设计，象征着环保与可持续发展。,"The company's new logo features a minimalist graphic design, symbolizing environmental protection and sustainable development."
标准,biāo zhǔn,standard; norm; criterion; (adjective) standard; good; correct; conforming to a standard,为了通过国际认证，所有产品都必须符合严格的质量标准。,"To pass international certification, all products must meet strict quality standards."
表,biǎo,exterior surface; family relationship via females; to show (one's opinion); a model; a table (listing information); a form; a meter (measuring sth),请在这张表上填写你的姓名、电话和邮箱。,"Please fill in your name, phone number, and email on this form."
表达,biǎo dá,to express; to convey,他通过邮件清楚地表达了自己的想法。,He clearly expressed his thoughts through an email.
表面,biǎo miàn,surface; face; outside; appearance,这件事表面上看很简单，但实际操作起来并不容易。,"On the surface, this task looks simple, but it is not easy to actually carry out."
表明,biǎo míng,to make clear; to make known; to state clearly; to indicate; known,最新的市场调查报告表明，消费者对环保产品的需求正在快速增长。,The latest market survey report indicates that consumer demand for eco-friendly products is growing rapidly.
表情,biǎo qíng,(facial) expression; to express one's feelings,从他的表情中，我能看出他其实很紧张。,"From his expression, I could tell he was actually very nervous."
表示,biǎo shì,to express; to show; to say; to state; to indicate; to mean,他点了点头，表示同意我的建议。,He nodded to show he agreed with my suggestion.
表现,biǎo xiàn,to show; to show off; to display; to manifest; expression; manifestation; show; display; performance (at work etc); behavior,他在这次项目中的出色表现赢得了团队的一致认可。,His outstanding performance in this project won the team's unanimous recognition.
表演,biǎo yǎn,play; show; performance; exhibition; to perform; to act; to demonstrate,她在学校的文艺晚会上表演了一支优美的舞蹈，赢得了全场热烈的掌声。,"She performed an elegant dance at the school's cultural evening gala, earning warm applause from the audience."
别,Bié,surname Bie,我的新同事姓别，他是一位非常耐心的中文老师。,"My new colleague's surname is Bie, and he is a very patient Chinese teacher."
别的,bié de,else; other,除了英语，你还想学别的语言吗？,"Besides English, would you like to learn any other languages?"
别人,bié ren,other people; others; other person,遇到困难时，我们可以向别人请教，但最后还是要靠自己解决。,"When facing difficulties, you can ask others for advice, but ultimately you still need to solve the problem yourself."
冰,bīng,ice; to chill sth; (of an object or substance) to feel cold; (of a person) cold; unfriendly; (slang) methamphetamine,请在这杯果汁里加两块冰，喝起来会更清爽。,Please add two ice cubes to this glass of juice; it will taste much more refreshing.
兵,bīng,soldiers; a force; an army; weapons; arms; military; warlike,他大学毕业后选择去当兵，希望能在军营中锻炼自己并保家卫国。,"After graduating from university, he chose to join the military, hoping to train himself in the army and help defend his country."
饼,bǐng,round flat cake; cookie; cake; pastry,奶奶亲手烙的芝麻饼又香又脆，我一天就吃光了。,Grandma's homemade sesame cakes are fragrant and crispy; I ate them all in one day.
并,bìng,and; furthermore; also; together with; (not) at all; simultaneously; to combine; to join; to merge,这个问题并不复杂，只要多练习就能掌握。,(not) at all / not in the least (used before a verb or adjective to emphasize negation)
并非,bìng fēi,really isn't,他并非不想参加聚会，只是最近工作实在太忙了。,He isn't really unwilling to attend the gathering; he's just been too busy with work lately.
并且,bìng qiě,and; besides; moreover; furthermore; in addition,这家餐厅的菜品味道很好，并且价格也很合理。,"The food at this restaurant is delicious, and the prices are very reasonable."
病,bìng,illness; disease; to fall ill; defect,他最近病了，所以没能来参加聚会。,"He has been ill recently, so he couldn't make it to the gathering."
病毒,bìng dú,virus,最近流感病毒很活跃，大家出门记得戴口罩并勤洗手。,"The flu virus is very active lately, so remember to wear a mask and wash your hands frequently when going out."
病人,bìng rén,sick person; patient; invalid,这位病人已经康复了，明天就可以出院回家。,This patient has recovered and can be discharged home tomorrow.
拨,bō,"to push aside with the hand, foot, a stick etc; to dial; to allocate; to set aside (money); to poke (the fire); to pluck (a string instrument); to turn round; classifier: group, batch",我手机没电了，能借你的电话拨一下这个号码吗？,My phone is out of battery; could I borrow yours to dial this number?
玻璃,bō li,glass; (slang) male homosexual,厨房的窗户玻璃裂了一道缝，得赶紧叫师傅来换。,"The kitchen window glass has a crack in it, so we need to call a technician to replace it right away."
播,bō,to sow; to scatter; to spread; to broadcast; Taiwan pr. [bò],这家电视台每天早晨都会准时播新闻。,broadcast
播放,bō fàng,to broadcast; to transmit (by radio or TV),电视台将在晚上八点准时播放新闻节目。,The TV station will broadcast the news program at 8 PM sharp.
脖子,bó zi,neck,我坐得太久了，脖子有点酸。,"I've been sitting too long, and my neck is a bit sore."
博士,bó shì,doctor; court academician (in feudal China); Ph.D.,她去年获得了博士学位，现在在一所知名大学担任助理教授。,She earned her Ph.D. last year and now works as an assistant professor at a well-known university.
补,bǔ,to repair; to patch; to mend; to make up for; to fill (a vacancy); to supplement,袜子破了个洞，我自己用针线补了一下。,"There was a hole in my sock, so I patched it myself with a needle and thread."
补偿,bǔ cháng,to compensate; to make up,为了补偿这次航班延误给乘客带来的不便，航空公司免费提供了住宿和餐饮。,"To compensate passengers for the inconvenience caused by the flight delay, the airline provided free accommodation and meals."
不,bù,no; not so; (bound form) not; un-,我不知道这个问题的答案。,I don't know the answer to this question.
不必,bù bì,need not; does not have to; not necessarily,去机场坐地铁就可以了，不必打车。,You can just take the subway to the airport; you don't have to take a taxi.
不错,bù cuò,correct; right; not bad; pretty good,这家新开的餐厅味道不错，价格也合理，推荐你去试试。,"This newly opened restaurant tastes pretty good, and the prices are reasonable. I recommend you try it."
不得不,bù dé bù,have no choice or option but to; cannot but; have to; can't help it; can't avoid,因为突发的会议，我不得不推迟了原定的旅行计划。,"Due to a sudden meeting, I had no choice but to postpone my original travel plans."
不断,bù duàn,unceasing; uninterrupted; continuous; constant,为了流利地使用中文，她不断练习对话并坚持阅读新闻。,"To speak Chinese fluently, she constantly practices conversations and insists on reading the news."
不对,bù duì,incorrect; wrong; amiss; abnormal; queer,我检查了一遍，发现这道题的解题步骤不对。,I checked it over and realized the steps to solve this problem are incorrect.
不够,bù gòu,not enough; insufficient; inadequate,我们的时间不够，得另找一天开会。,"We don't have enough time, so we'll need to find another day for the meeting."
不管,bù guǎn,not to be concerned; regardless of; no matter,不管天气怎么样，明天早上八点我都会在车站等你。,"No matter what the weather is like, I will wait for you at the station at 8 a.m. tomorrow."
不过,bù guò,only; merely; no more than; but; however; anyway (to get back to a previous topic); cannot be more (after adjectival),这家餐厅的菜品味道不错，不过价格稍微有点贵。,"The food at this restaurant tastes good, but the price is a bit high."
不好意思,bù hǎo yì si,to feel embarrassed; to find it embarrassing; to be sorry (for inconveniencing sb),不好意思，打扰一下，请问去地铁站怎么走？,"Excuse me, sorry to bother you; could you tell me how to get to the subway station?"
不见,bù jiàn,not to see; not to meet; to have disappeared; to be missing,我找遍了整张书桌，却始终不见那本重要的笔记。,"I searched the entire desk, but that important notebook was nowhere to be found."
不仅,bù jǐn,"not just; not limited to; (as a correlative conjunction) not only (..., but also ...)",学习汉语不仅能帮助我们了解中国文化，还能让我们在职场上获得更多机会。,Learning Chinese not only helps us understand Chinese culture but also gives us more opportunities in the workplace.
不久,bù jiǔ,not long (after); before too long; soon; soon after,我们刚搬到这座城市，不久就交到了很多朋友。,"We had just moved to this city, and not long after, we made many new friends."
不论,bù lùn,"whatever; no matter what (who, how etc); regardless of; not to discuss",不论你遇到什么困难，我都会一直支持你。,"No matter what difficulties you face, I will always support you."
不然,bù rán,not so; no; or else; otherwise; if not; How about ...?,你得早点出发，不然会赶不上地铁的。,"You'd better leave early, or else you'll miss the subway."
不如,bù rú,not equal to; not as good as; inferior to; it would be better to,这家新开的餐厅菜品不如老地方地道，下次我们还是去以前那家吧。,The food at this newly opened restaurant isn't as authentic as the old place; next time let's just go to our usual spot.
不少,bù shǎo,many; a lot; not few,这本书里有不少实用的生活技巧，对初学者很有帮助。,"This book contains quite a few practical life tips, which are very helpful for beginners."
不同,bù tóng,different; distinct; not the same; not alike,我们两个人的兴趣爱好不同，所以很少一起活动。,"Our hobbies are different, so we rarely do activities together."
不行,bù xíng,won't do; be out of the question; be no good; not work; not be capable,这个办法不行，我们得换个方式试试。,This method won't work; we need to try a different approach.
不幸,bù xìng,misfortune; adversity; unfortunate; sad; unfortunately,不幸的是，他昨天在上班途中遭遇了车祸，目前正在医院接受治疗。,"Unfortunately, he was involved in a car accident on his way to work yesterday and is currently receiving treatment at the hospital."
不许,bù xǔ,not to allow; must not; can't,学校规定学生不许带手机进教室。,Students are not allowed to bring mobile phones into the classroom according to school rules.
不要,bù yào,don't!; must not,过马路时不要看手机。,Don't look at your phone when crossing the street.
不一定,bù yī dìng,not necessarily; maybe,贵的东西不一定好，适合自己的才是最重要的。,Expensive items aren't necessarily better; what suits you is what truly matters.
不用,bù yòng,need not,明天是周末，你不用来上课。,"Tomorrow is the weekend, so you don't need to come to class."
不再,bù zài,no more; no longer,自从搬了新家，她就不再感到孤独了。,"Since moving to a new home, she no longer feels lonely."
不知,bù zhī,"not to know; unaware; unknowingly; fig. not to admit (defeat, hardships, tiredness etc)",他不知自己已经错过了末班车，只好在车站等了一夜。,"He was unaware that he had already missed the last train, so he had to wait at the station all night."
不止,bù zhǐ,incessantly; without end; more than; not limited to,掌握一门外语不止需要背单词，还需要大量的实际交流。,Mastering a foreign language requires not only memorizing vocabulary but also extensive real-life communication.
不准,bù zhǔn,not to allow; to forbid; to prohibit,学校规定学生不准在考试时使用手机。,The school regulations prohibit students from using mobile phones during exams.
不足,bù zú,insufficient; lacking; deficiency; not enough; inadequate; not worth; cannot; should not,由于预算不足，公司不得不推迟新产品的发布计划。,"Due to insufficient budget, the company has had to postpone the launch plan for the new product."
布,bù,variant of 布; to announce; to spread,政府将正式布告新政策，向公众详细说明实施步骤与时间安排。,"The government will officially announce the new policy, detailing the implementation steps and schedule to the public."
步,Bù,surname Bu,步老师是我们学校的体育教练。,Teacher Bu is our school's sports coach.
部,bù,"ministry; department; section; part; division; troops; board; classifier for works of literature, films, machines etc",我最近在公司的市场部工作，主要负责策划线上推广活动。,"(部 here functions as ""department"" in the compound word 市场部/market department.)"
部队,bù duì,army; armed forces; troops; force; unit,这支部队正在边境地区进行例行巡逻和防御训练。,This troop/unit is conducting routine patrols and defensive training in the border region.
部分,bù fen,part; share; section; piece,这本书的部分内容已经被翻译成了英文。,Part of the content in this book has already been translated into English.
部门,bù mén,department; branch; section; division,我需要去财务部门办理报销手续。,I need to go to the finance department to process my reimbursement.
部长,bù zhǎng,head of a (government etc) department; section chief; section head; secretary; minister,财政部长在昨天的新闻发布会上表示，政府将出台新措施以稳定经济增长。,The Finance Minister stated at yesterday's press conference that the government will introduce new measures to stabilize economic growth.
擦,cā,"to rub; to scratch; to towel; to wipe with a towel; to apply (lipstick, lotion etc); to touch; to brush (past); to shred (vegetables etc)",请记得把地上的水渍擦干净，以免滑倒。,Please remember to wipe up the water spill on the floor to avoid slipping.
猜,cāi,to guess,我猜明天会下雨，所以出门带了伞。,"I guess it will rain tomorrow, so I brought an umbrella when I went out."
才,cái,ability; talent; sb of a certain type; a capable individual; then and only then; just now; (before an expression of quantity) only,只有每天坚持练习，才能真正提高口语水平。,then and only then / indicating a necessary condition
才能,cái néng,talent; ability; capacity,公司希望为员工提供广阔的发展平台，让他们能充分发挥自己的才能。,The company hopes to provide employees with a broad platform for development so they can fully utilize their talents.
材料,cái liào,(raw) material; data; (fig.) person who has the potential to do the job,为了完成这份市场调研报告，我们需要收集更多的第一手材料。,(raw) material; data; (fig.) person who has the potential to do the job
财产,cái chǎn,property; assets; estate,他去世后，所有财产都依法留给了他的三个孩子。,"After he passed away, all of his property was legally left to his three children."
财富,cái fù,wealth; riches,他通过多年的辛勤工作终于积累了可观的财富。,He finally accumulated considerable wealth through years of hard work.
财务,cái wù,financial affairs,她负责公司的财务工作，包括管理日常收支和编制预算。,"She is in charge of the company's financial affairs, including managing daily income and expenses and preparing budgets."
采访,cǎi fǎng,to interview; to gather news; to hunt for and collect; to cover,为了完成新闻报道，记者深入灾区采访了多位受灾群众。,"To complete the news report, the journalist went into the disaster area to interview multiple affected residents."
采取,cǎi qǔ,"to adopt or carry out (measures, policies, course of action); to take",为了改善空气质量，市政府最近采取了一系列有效措施。,"To improve air quality, the city government recently took a series of effective measures."
采用,cǎi yòng,to adopt; to employ; to use,为了提高工作效率，公司决定采用一套新的项目管理系统。,"To improve work efficiency, the company decided to adopt a new project management system."
踩,cǎi,variant of 踩,他不小心踩到了一块香蕉皮，差点摔倒。,He accidentally stepped on a banana peel and almost fell.
菜,cài,dish (type of food); vegetable; cuisine; (coll.) (one's) type; (of one's skills etc) weak; poor,这道菜的味道非常地道，特别适合搭配米饭一起吃。,dish (type of food)
参观,cān guān,to look around; to tour; to visit,我们昨天去参观了国家博物馆，近距离了解了中国古代的历史文物。,We visited the National Museum yesterday and got a close look at ancient Chinese historical artifacts.
参加,cān jiā,to participate; to take part; to join,你愿意参加这个周末的社区清洁活动吗？,Would you like to take part in this weekend's community cleanup activity?
参赛,cān sài,to compete; to take part in a competition,为了积累经验，他决定先以观众身份观看比赛，明年再亲自参赛。,"To gain experience, he decided to watch the competition as an audience member this time and officially compete next year."
参与,cān yù,to participate (in sth),公司鼓励员工积极参与社区志愿服务。,The company encourages employees to actively participate in community volunteer services.
餐,cān,meal; to eat; classifier for meals,他平时工作很忙，经常一天只吃两餐。,He is usually busy with work and often only eats two meals a day.
餐厅,cān tīng,dining hall; dining room; restaurant,我们周末打算去市中心的一家餐厅吃晚饭。,We plan to have dinner at a restaurant in the city center this weekend.
惨,cǎn,miserable; wretched; cruel; inhuman; disastrous; tragic; dim; gloomy,这场大火造成的后果太惨了，许多家庭因此无家可归。,"The consequences of this fire were too tragic, leaving many families homeless."
藏,Zàng,Tibet; abbr. for Xizang or Tibet Autonomous Region 藏,这辆车的车牌以“藏”字开头，表明它是在西藏自治区注册的。,"This car's license plate starts with the character ""Zang"", indicating that it is registered in the Tibet Autonomous Region."
操作,cāo zuò,to work; to operate; to manipulate,请仔细阅读说明书后再操作这台新设备，以免损坏机器。,Please read the manual carefully before operating this new device to avoid damaging the equipment.
草,cǎo,variant of 草,春天到了，院子里的草长得特别茂盛。,"Spring has arrived, and the grass in the yard is growing especially lush."
侧,cè,the side; to incline towards; to lean; inclined; lateral; side,请往侧面站一点，这样大家都能看清楚舞台。,Please stand a bit to the side so everyone can see the stage clearly.
厕所,cè suǒ,toilet; lavatory,请问，厕所在哪里？,"Excuse me, where is the restroom?"
测,cè,to survey; to measure; to conjecture,工程师使用精密仪器测出了桥梁的承重极限。,Engineers used precision instruments to measure the bridge's load-bearing limit.
测试,cè shì,to test (machinery etc); to test (a person's skill in a particular area); a test; (computing) beta (version of software),为了确保系统稳定，工程师会对新开发的软件进行全面测试。,"To ensure system stability, engineers will conduct comprehensive testing on the newly developed software."
策略,cè lu:è,strategy; tactics; crafty; adroit,为了应对市场变化，公司决定调整现有的营销策略。,"To respond to market changes, the company decided to adjust its existing marketing strategy."
策划,cè huà,to plot; to scheme; to bring about; to engineer; planning; producer; planner,公司正在策划一场大型的产品发布会，以推广他们的最新科技。,The company is planning a large product launch event to promote their latest technology.
层,céng,to pile on top of one another; layer; stratum; floor (of a building); story; (math.) sheaf; classifier for layers,这家新开的图书馆共有八层，我最常去的是第五层的自习区。,"This newly opened library has eight floors in total, and the study area on the fifth floor is where I spend most of my time."
曾,Zēng,surname Zeng,曾先生是我们公司的新经理。,Mr. Zeng is the new manager at our company.
曾经,céng jīng,once; already; former; previously; ever; (past tense marker used before verb or clause),他曾经是一名职业篮球运动员，现在改行做了教练。,"He was once a professional basketball player, but now he has switched careers and become a coach."
插,chā,to insert; stick in; pierce; to take part in; to interfere; to interpose,请把你的手机充电器插到插座上。,Please plug your phone charger into the power outlet.
查,Zhā,surname Zha,查先生住在隔壁，他是一位退休的工程师。,Mr. Zha lives next door; he is a retired engineer.
查看,chá kàn,to look over; to examine; to check up; to ferret out,请在提交报告前仔细查看一下数据，确保准确无误。,Please carefully check the data before submitting the report to ensure it is accurate.
茶,chá,tea; tea plant,我每天下午都会泡一杯茶来提神。,I brew a cup of tea every afternoon to refresh myself.
差,chā,difference; discrepancy; (math.) difference (amount remaining after a subtraction); (literary) a little; somewhat; slightly,请计算一下这两个数的差，并核对最终结果。,Please calculate the difference between these two numbers and verify the final result.
差不多,chà bu duō,almost; nearly; more or less; about the same; good enough; not bad,我差不多把今天的作业写完了，可以出去玩了。,"I've almost finished my homework for today, so I can go out to play."
拆,chāi,to tear open; to tear down; to tear apart; to open,我迫不及待地拆开了刚收到的快递。,I couldn't wait to tear open the package I just received.
产,chǎn,to give birth; to reproduce; to produce; product; resource; estate; property,他花了一整天时间整理自己的财产，包括存款、房产和股票。,"He spent the whole day organizing his property, including savings, real estate, and stocks."
产品,chǎn pǐn,goods; merchandise; product,这款产品的质量和价格都很合理，因此在市场上销量一直很好。,"The quality and price of this product are very reasonable, so it has consistently sold well in the market."
产生,chǎn shēng,to arise; to come into being; to come about; to give rise to; to bring into being; to bring about; to produce; to engender; to generate,如果处理不当，这个小问题可能会产生严重的后果。,"If handled improperly, this small problem could lead to serious consequences."
尝,cháng,to taste; to try (food); to experience; (literary) ever; once,这道汤有点淡，你能尝一下看要不要再加盐吗？,The soup is a bit bland; could you taste it to see if we need to add more salt?
尝试,cháng shì,to try; to attempt,第一次做这道菜时，我尝试少放了一点盐，结果味道更好了。,"When making this dish for the first time, I tried using a little less salt, and it turned out to taste better."
常,Cháng,surname Chang,常老师是我们学校新来的历史教师。,Teacher Chang is the new history teacher at our school.
常常,cháng cháng,frequently; often,我常常在周末去图书馆看书。,I often go to the library to read books on weekends.
厂,hǎn,"""cliff"" radical in Chinese characters (Kangxi radical 27), occurring in 原, 历, 压 etc",汉字“原”左上角的部首是厂（hǎn），表示与山崖或地形有关。,"The radical on the top-left of the character “原” is 厂 (hǎn), which indicates a connection to cliffs or terrain."
场,cháng,"threshing floor; classifier for events and happenings: spell, episode, bout",秋收过后，村民们把晒干的稻谷铺在老家的场上进行脱粒。,"After the autumn harvest, the villagers spread the dried rice on the threshing floor back home to thresh it."
唱,chàng,to sing; to call loudly; to chant,她每天下班后都喜欢在房间里唱歌放松一下。,She likes to sing in her room after work every day to relax.
唱歌,chàng gē,to sing a song,周末的时候，我喜欢和朋友一起去KTV唱歌。,"On weekends, I like to go to KTV with friends to sing."
超,chāo,to exceed; to overtake; to surpass; to transcend; to pass; to cross; ultra-; super-,这次旅行的花费远远超出了我的预算。,The cost of this trip far exceeded my budget.
超过,chāo guò,to surpass; to exceed; to outstrip,今年的销售额已经超过了预期目标。,This year's sales have already exceeded the expected target.
超级,chāo jí,super-; ultra-; hyper-,这款新手机的电池续航能力超级强，出差三天都不用带充电器。,The battery life of this new phone is super long; you won't need to bring a charger even on a three-day business trip.
朝,Cháo,abbr. for 朝鲜 Korea,朝韩两国已同意恢复高层对话，以缓解地区紧张局势。,North and South Korea have agreed to resume high-level dialogue to ease regional tensions.
吵,chǎo,to quarrel; to make a noise; noisy; to disturb by making a noise,这家餐厅太吵了，我们换个安静的地方吃饭吧。,This restaurant is too noisy; let's go somewhere quieter to eat.
炒,chǎo,to sauté; to stir-fry; to speculate; to hype; to fire (sb),妈妈正在厨房里炒一盘青菜，香味飘满了整个屋子。,"stir-fry (culinary use, the most common and practical meaning of this character)"
车,Chē,surname Che,我的新同事姓车，我们平时都亲切地称呼他为车老师。,"My new colleague's surname is Che, and we usually affectionately call him Teacher Che."
车辆,chē liàng,vehicle,为了缓解交通拥堵，市政府决定在早晚高峰时段对部分路段实施车辆限行。,"To ease traffic congestion, the city government has decided to implement vehicle restrictions on certain road sections during morning and evening rush hours."
车上,chē shàng,Car,请把行李放在车上，我们马上出发。,Please put your luggage in the car; we're leaving right away.
扯,chě,"to pull; to tear; (of cloth, thread etc) to buy; to chat; to gossip; (coll.) (Tw) ridiculous; hokey",咱们别扯远了，还是先讨论一下正事吧。,Let's not go off-topic; let's get back to discussing the main issue.
彻底,chè dǐ,thorough; thoroughly; complete,我们必须彻底解决这个问题，不能再让它反复出现。,We must thoroughly solve this problem and stop it from recurring.
沉默,chén mò,taciturn; uncommunicative; silent,面对突如其来的质问，他一直保持沉默，显然还在思考如何回答。,"He remained silent in response to the sudden questioning, clearly still thinking about how to answer."
称,chèn,to fit; balanced; suitable,这件大衣的颜色和款式都很称你。,The color and style of this coat both suit you well.
称为,chēng wéi,"to be called; to be known as; to call it ""...""",该城市因其独特的建筑风格和历史遗迹而称为“东方威尼斯”。,"This city is known as the ""Venice of the East"" due to its unique architecture and historical sites."
撑,chēng,to support; to prop up; to push or move with a pole; to maintain; to open or unfurl; to fill to bursting point; brace; stay; support,下雨了，记得把伞撑开，别淋湿了。,"to open or unfurl (an umbrella)

Translation: It's raining, so remember to open your umbrella so you don't get wet."
成,Chéng,surname Cheng,成先生是我们公司新来的项目经理。,Mr. Cheng is the new project manager at our company.
成功,Chéng gōng,"Chenggong or Chengkung town in Taitung County 台东县, southeast Taiwan",,
成果,chéng guǒ,result; achievement; gain; profit,经过团队半年的共同努力，这项研究终于取得了丰硕的成果。,"After half a year of joint efforts, the team finally achieved fruitful results from their research."
成绩,chéng jì,achievement; performance records; grades,经过一个学期的刻苦复习，他的数学成绩终于从及格线提高到了优秀水平。,"After a semester of hard study, his math grades finally improved from passing to an excellent level."
成交,chéng jiāo,to complete a contract; to reach a deal,经过几轮谈判，双方最终就价格达成一致，这笔交易顺利成交。,"After several rounds of negotiation, both parties finally agreed on the price, and the deal was successfully closed."
成就,chéng jiù,accomplishment; success; achievement; to achieve (a result); to create; to bring about,他凭借多年的努力，终于在事业上取得了巨大的成就。,"Through years of hard work, he finally achieved great success in his career."
成立,chéng lì,to establish; to set up; to be tenable; to hold water,为了加快项目进度，公司决定下个月正式成立一个专项工作组。,to establish / to set up
成熟,chéng shú,mature; ripe; to mature; to ripen; Taiwan pr. [chéng shóu],时机还不成熟，我们建议再等一段时间再做决定。,"The timing isn't quite ripe yet, so we suggest waiting a bit longer before making a decision."
成为,chéng wéi,to become; to turn into,经过几年的刻苦学习，她终于成为了一名优秀的医生。,"After several years of hard study, she finally became an excellent doctor."
成员,chéng yuán,member,作为团队的新成员，她很快适应了工作节奏并承担了重要任务。,"As a new team member, she quickly adapted to the work pace and took on important tasks."
成长,chéng zhǎng,to mature; to grow; growth,在大学四年里，他不仅在学业上取得了进步，也在生活中迅速成长。,"During his four years at university, he not only made progress in his studies but also matured quickly in life."
呈现,chéng xiàn,to appear; to emerge; to present (a certain appearance); to demonstrate,最新的数据显示，该地区的空气质量呈现出持续改善的趋势。,The latest data shows that the air quality in this region presents a continuous improvement trend.
承担,chéng dān,to undertake; to assume (responsibility etc),作为项目负责人，他必须承担所有决策带来的责任。,"As the project leader, he must assume responsibility for all decisions made."
承诺,chéng nuò,to promise; to undertake to do something; commitment,公司承诺在合同规定的时间内完成项目，绝不拖延。,The company promises to complete the project within the timeframe specified in the contract without any delay.
承认,chéng rèn,"to admit; to concede; to recognize; recognition (diplomatic, artistic etc); to acknowledge",经过反复思考，他终于承认了自己的错误，并向团队诚恳地道歉。,"After careful consideration, he finally admitted his mistake and sincerely apologized to the team."
承受,chéng shòu,to bear; to support; to inherit,面对巨大的工作压力，她不得不独自承受所有的责任。,"Facing immense work pressure, she had to bear all the responsibility alone."
城,chéng,city walls; city; town,这座城虽然不大，但生活节奏很慢，非常适合居住。,"Although this city is not large, its pace of life is slow, making it very suitable for living."
城市,chéng shì,city; town,周末我们打算去附近的城市逛逛，尝尝当地的美食。,"This weekend, we plan to visit a nearby city to stroll around and try the local food."
乘,Chéng,surname Cheng,乘先生是我们公司新聘请的项目经理。,Mr. Cheng is the project manager our company recently hired.
乘客,chéng kè,passenger,这位乘客在地铁到站后，匆忙下车时把手机落在了座位上。,This passenger accidentally left their phone on the seat when rushing off the subway after it arrived at the station.
程度,chéng dù,degree; level; extent,他对这个项目的了解程度已经很高了，几乎不需要我再做额外解释。,"His understanding of this project has reached a high degree, so he hardly needs any additional explanation from me."
程序,chéng xù,procedures; sequence; order; computer program,这个程序能自动整理电脑里的文件。,This program can automatically organize the files on your computer.
吃,chī,"to eat; to consume; to eat at (a cafeteria etc); to eradicate; to destroy; to absorb; to suffer (shock, injury, defeat etc)",我们每天中午都在公司食堂吃午饭。,to eat at (a cafeteria etc.)
吃饭,chī fàn,to have a meal; to eat; to make a living,我们每天下班后都会一起去附近的餐馆吃饭。,We go to a nearby restaurant together after work every day to have a meal.
迟到,chí dào,to arrive late,今天早上开会时，我因为堵车迟到了十分钟。,I was ten minutes late for the morning meeting because of traffic.
持,chí,to hold; to grasp; to support; to maintain; to persevere; to manage; to run (i.e. administer); to control,为了保持健康，她始终坚持每天锻炼。,"To maintain her health, she has always persisted in exercising every day."
持续,chí xù,to continue; to persist; to last; sustainable; preservation,为了保持健康，医生建议他每天持续锻炼至少三十分钟。,"To stay healthy, the doctor advised him to exercise continuously for at least thirty minutes every day."
充分,chōng fèn,ample; sufficient; adequate; full; fully; to the full,为了这次重要的面试，他做了充分的准备。,He made ample preparation for this important interview.
充满,chōng mǎn,full of; brimming with; very full; permeated,春天一到，公园里就充满了孩子们的欢声笑语。,"As soon as spring arrives, the park is filled with the laughter and chatter of children."
冲,chōng,(of water) to dash against; to mix with water; to infuse; to rinse; to flush; to develop (a film); to rise in the air; to clash; to collide with,每天早上，他都会用热水冲一杯咖啡提神。,"Every morning, he uses hot water to brew a cup of coffee to stay awake."
冲动,chōng dòng,to have an urge; to be impetuous; impulse; urge,别一时冲动就做出决定，等冷静下来再考虑也不迟。,Don't make a decision on impulse; it's never too late to wait until you're calm and think it over.
冲突,chōng tū,conflict; to conflict; clash of opposing forces; collision (of interests); contention,由于工作日程冲突，我们不得不将原定的会议推迟到下周。,"Due to a scheduling conflict, we had to postpone the original meeting to next week."
抽,chōu,to draw out; to pull out from in between; to remove part of the whole; (of certain plants) to sprout or bud; to whip or thrash,他迅速从抽屉里抽出了一份重要的文件。,to pull out from in between / to draw out
丑,Chǒu,surname Chou,我的新同事姓丑，他是一位经验丰富的软件工程师。,"My new colleague's surname is Chou, and he is an experienced software engineer."
臭,chòu,stench; smelly; to smell (bad); repulsive; loathsome; terrible; bad; severely; ruthlessly; dud (ammunition),这双袜子放了三天，现在臭得连我自己都受不了。,These socks have been sitting for three days; they smell so bad that I can't even stand them myself.
出,chū,"to go out; to come out; to occur; to produce; to go beyond; to rise; to put forth; to happen; (used after a verb to indicate an outward direction or a positive result); classifier for dramas, plays, operas etc",请从抽屉里拿出那份重要的文件。,Please take out that important document from the drawer.
出版,chū bǎn,to publish,我的第一本小说明年将由一家知名出版社出版。,My first novel will be published by a well-known publishing house next year.
出发,chū fā,to set off; to start (on a journey),为了赶上早班飞机，我们决定凌晨五点准时出发。,"To catch the early flight, we decided to set off promptly at 5 a.m."
出口,chū kǒu,an exit; to speak; to export; (of a ship) to leave port,请问去火车站的出口应该走哪条通道？,exit (most common daily usage in this context)
出来,chū lái,to come out; to appear; to arise,随着项目的推进，一些新的问题也陆续出来了。,"As the project progressed, some new problems also gradually arose."
出门,chū mén,to go out; to leave home; to go on a journey; away from home; (of a woman) to get married,我每天早上七点出门，坐地铁去公司上班。,I leave home at 7 a.m. every morning and take the subway to work.
出去,chū qù,to go out,今天天气很好，我们出去散散步吧。,"The weather is nice today, let's go out for a walk."
出色,chū sè,remarkable; outstanding,她在项目中表现出色，因此被公司提拔为团队负责人。,She performed outstandingly on the project and was therefore promoted to team leader by the company.
出生,chū shēng,to be born,他出生在北京，現在住在上海。,He was born in Beijing and now lives in Shanghai.
出售,chū shòu,to sell; to offer for sale; to put on the market,开发商宣布这批新建的公寓将于下个月正式出售。,The developer announced that this batch of newly built apartments will be officially put on the market next month.
出席,chū xí,to attend; to participate; present,由于行程冲突，王教授无法出席明天的学术研讨会。,"Due to a schedule conflict, Professor Wang will be unable to attend tomorrow's academic seminar."
出现,chū xiàn,to appear; to arise; to emerge; to show up,最近几天，我的电脑屏幕上频繁出现错误提示。,"Over the past few days, error messages have been frequently appearing on my computer screen."
出于,chū yú,due to; to stem from,出于安全考虑，我们决定取消这次户外活动。,"Due to safety concerns, we decided to cancel this outdoor activity."
出租车,chū zū chē,taxi; (Tw) rental car,我们得赶紧叫一辆出租车去火车站，不然就赶不上列车了。,"We need to quickly hail a taxi to the train station, otherwise we’ll miss the train."
初,chū,at first; (at the) beginning; first; junior; basic,起初我对这个软件的操作不太熟悉，但经过几天的练习后，我已经能熟练使用了。,"At first I wasn't very familiar with how to use this software, but after a few days of practice, I can now use it proficiently."
除,chú,to get rid of; to remove; to exclude; to eliminate; to wipe out; to divide; except; not including,除周末外，这家咖啡馆每天营业到晚上十点。,except / not including (used in the standard structure 除……外/之外 to indicate an exception)
除非,chú fēi,"only if (..., or otherwise, ...); only when; only in the case that; unless",除非下雨，否则我们明天照常去爬山。,"Unless it rains, we will go hiking as planned tomorrow."
除了,chú le,besides; apart from (... also...); in addition to; except (for),除了每天练习口语，她还在周末学习烹饪。,"Besides practicing spoken Chinese every day, she also learns to cook on weekends."
厨房,chú fáng,kitchen,我每天早上都会在厨房煮咖啡。,I make coffee in the kitchen every morning.
处,chǔ,to reside; to live; to dwell; to be in; to be situated at; to stay; to get along with; to be in a position of; to deal with; to discipline; to punish,他性格随和，很容易与人相处。,He has an easygoing personality and gets along well with others.
处理,chǔ lǐ,to handle; to deal with; to punish; to treat sth by a special process; to process; to sell at reduced prices,面对复杂的客户投诉，客服团队必须迅速、妥善地处理。,handle; deal with
处于,chǔ yú,"to be in (some state, position, or condition)",公司目前处于扩张阶段，计划明年在亚洲开设新分公司。,The company is currently in an expansion phase and plans to open new branches in Asia next year.
穿,chuān,to wear; to put on; to dress; to bore through; to pierce; to perforate; to penetrate; to pass through; to thread,明天天气很冷，记得穿厚外套。,"The weather will be very cold tomorrow, so remember to wear a thick coat."
穿着,chuān zhuó,attire; clothes; dress,在正式场合，得体的穿着能给人留下专业且自信的印象。,"In formal settings, appropriate attire can leave a professional and confident impression on others."
传,chuán,to pass on; to spread; to transmit; to infect; to transfer; to circulate; to conduct (electricity),他把这个好消息传遍了整个办公室。,chuán
传播,chuán bō,to disseminate; to propagate; to spread,他希望通过短视频向大众传播中国传统文化。,He hopes to spread traditional Chinese culture to the public through short videos.
传奇,chuán qí,legendary; fantasy saga; romance; short stories of the Tang and Song Dynasty,这部电影讲述了一段跨越百年的传奇故事，情节跌宕起伏，深受观众喜爱。,"This film tells a legendary story spanning a century, featuring a gripping plot that has deeply captivated audiences."
传说,chuán shuō,legend; folk tale; to repeat from mouth to mouth; they say that...,传说这座古庙建于唐朝，但具体年代已无从考证。,"Legend has it that this ancient temple was built during the Tang Dynasty, but its exact date cannot be verified."
传统,chuán tǒng,tradition; traditional; convention; conventional,我们家族有一个传统，每逢春节全家人都会聚在一起包饺子。,Our family has a tradition of getting together to make dumplings during the Spring Festival.
船,chuán,variant of 船,明天我们要坐船去对岸的古镇参观，记得提前买好票。,"Tomorrow we need to take a boat to visit the ancient town on the opposite shore, so remember to buy tickets in advance."
床,chuáng,bed; couch; classifier for beds,我昨晚在这张床上睡得很好，因为新换的床垫特别舒服。,I slept very well on this bed last night because the newly changed mattress is especially comfortable.
创,chuàng,variant of 创,为了追求个人发展，他毅然辞职创业，成功打造了一家专注于人工智能的科技公司。,"To pursue his personal development, he resigned to start his own business and successfully founded a tech company focused on artificial intelligence."
创意,chuàng yì,creative; creativity,这个项目的成功离不开团队出色的创意和高效的执行力。,The success of this project relies on the team's outstanding creativity and efficient execution.
创造,chuàng zào,to create; to bring about; to produce; to set (a record),这项新技术不仅提高了工作效率，还为当地创造了大量就业机会。,This new technology not only improved work efficiency but also created numerous job opportunities for the local area.
创作,chuàng zuò,to create; to produce; to write; creative work; creation,她花了三年时间创作了一部长篇小说，并最终在文学杂志上发表。,She spent three years creating a long novel and eventually published it in a literary magazine.
吹,chuī,to blow; to play a wind instrument; to blast; to puff; to boast; to brag; to end in failure; to fall through,今天风很大，吹得桌上的文件四处散落。,to blow (wind/air)
纯,chún,pure; simple; unmixed; genuine,这件衬衫是纯棉的，透气又舒适。,This shirt is made of pure cotton; it's breathable and comfortable to wear.
词,cí,old variant of 词,学习汉语时，掌握每个词的准确含义和搭配用法非常重要。,"When learning Chinese, it is very important to grasp the precise meaning and collocation usage of each word."
慈善,cí shàn,benevolent; charitable,这家慈善机构多年来一直为贫困地区的儿童提供免费的医疗和教育援助。,This charitable organization has provided free medical and educational aid to children in impoverished areas for many years.
辞职,cí zhí,to resign,他因为工作压力太大，决定向公司提出辞职。,He decided to resign from his job due to excessive work pressure.
此,cǐ,this; these,此报告详细分析了当前市场趋势，可供团队参考。,This report provides a detailed analysis of current market trends and can serve as a reference for the team.
此时,cǐ shí,now; this moment,此时我正好在图书馆，需要我帮你查资料吗？,I happen to be in the library right now; would you like me to help you look up some information?
此外,cǐ wài,besides; in addition; moreover; furthermore,我打算周末去图书馆复习功课，此外，还要顺便去超市买点日用品。,"I plan to go to the library to review my lessons this weekend; in addition, I also need to stop by the supermarket to buy some daily necessities."
次,cì,"next in sequence; second; the second (day, time etc); secondary; vice-; sub-; infra-; inferior quality; substandard; order; sequence; hypo- (chemistry); classifier for enumerated events: time",这是我第三次来北京出差，每次都能学到新东西。,This is my third business trip to Beijing; I learn something new every time.
刺,cī,(onom.) whoosh,一阵冷风从门缝里“刺”地灌进来，吹得窗帘直飘。,(onom.) whoosh
刺激,cì jī,to provoke; to irritate; to upset; to stimulate; to excite; irritant,为了刺激消费，商场推出了各种优惠活动。,"To stimulate consumer spending, the mall launched various promotional activities."
聪明,cōng ming,intelligent; clever; bright; smart; acute (of sight and hearing),她是个很聪明的学生，总能很快掌握新知识。,She is a very smart student who always grasps new material quickly.
从,cóng,variant of 从,我从图书馆借了这本中文教材。,I borrowed this Chinese textbook from the library.
从此,cóng cǐ,from now on; since then; henceforth,那次生病让他彻底改变了生活方式，从此他开始注重健康饮食和规律作息。,"That illness made him completely change his lifestyle; from then on, he began focusing on healthy eating and a regular daily routine."
从来,cóng lái,always; at all times; never (if used in negative sentence),我从来都不吃辣。,I never eat spicy food.
从事,cóng shì,to go for; to engage in; to undertake; to deal with; to handle; to do,她大学毕业后一直从事医学研究工作，目前专注于心血管疾病的治疗。,"She has been engaged in medical research since graduating from university, and currently focuses on the treatment of cardiovascular diseases."
从未,cóng wèi,never,我从未去过日本，但一直想去看看。,"I have never been to Japan, but I've always wanted to visit."
村,cūn,village,我们村每年秋天都会举办丰收节。,Our village holds a harvest festival every autumn.
存,cún,to exist; to deposit; to store; to keep; to survive,我每个月都会把一部分工资存进银行，以备不时之需。,deposit
存在,cún zài,to exist; to be; existence,尽管现在外卖很方便，但自己做饭的需求依然存在。,"Although food delivery is very convenient now, the demand for cooking at home still exists."
措施,cuò shī,measure; step,为了改善空气质量，市政府采取了一系列环保措施。,"To improve air quality, the city government has implemented a series of environmental measures."
错,Cuò,surname Cuo,错先生是我们公司新聘请的财务顾问，他的专业能力备受团队认可。,"Mr. Cuo is the new financial advisor hired by our company, and his professional expertise has been highly regarded by the team."
错过,cuò guò,"to miss (train, opportunity etc)",我因为闹钟没响，错过了早班地铁。,I missed the morning subway because my alarm didn't go off.
错误,cuò wù,mistaken; false; wrong; error; mistake,我在核对数据时发现了一个错误，已经及时修正了。,I found an error while checking the data and corrected it promptly.
搭,dā,"to put up; to build (scaffolding); to hang (clothes on a pole); to connect; to join; to arrange in pairs; to match; to add; to throw in (resources); to take (boat, train); variant of 褡",为了赶时间，他决定搭出租车去机场。,to take (a vehicle) / to catch a ride
达成,dá chéng,to reach (an agreement); to accomplish,经过三轮谈判，双方终于就合作细节达成了协议。,"After three rounds of negotiations, both parties finally reached an agreement on the cooperation details."
达到,dá dào,to reach; to achieve; to attain,经过半年的刻苦练习，他的汉语水平终于达到了日常交流的标准。,"After six months of intensive practice, his Chinese level finally reached the standard for daily conversation."
答,dā,"bound form having the same meaning as the free word 答, used in 答应, 理 etc",他犹豫了很久，最后终于答应帮我搬家了。,"He hesitated for a long time, but finally agreed to help me move."
答案,dá àn,answer; solution,老师把这道题的正确答案写在黑板上了。,The teacher wrote the correct answer to this problem on the blackboard.
答应,dā ying,to answer; to respond; to answer positively; to agree; to accept; to promise,他答应下周帮我修改简历，我真的很感谢。,"He promised to help me revise my resume next week, and I'm really grateful."
打,dá,dozen (loanword),我去超市买了一打鸡蛋。,I went to the supermarket and bought a dozen eggs.
打电话,dǎ diàn huà,to make a telephone call,我明天早上八点给你打电话确认会议时间。,I will call you at 8 AM tomorrow to confirm the meeting time.
打击,dǎ jī,to hit; to strike; to attack; to crack down on sth; blow; (psychological) shock; percussion (music),这次考试的失利对他来说是一个沉重的打击。,(psychological) shock / blow
打开,dǎ kāi,to open; to show (a ticket); to turn on; to switch on,晚上回家太累了，我连灯都忘了打开。,I was so tired when I got home tonight that I even forgot to turn on the light.
打破,dǎ pò,to break; to smash,我不小心把花瓶打破了。,I accidentally broke the vase.
打算,dǎ suàn,to plan; to intend; to calculate; plan; intention; calculation,我打算下个月去上海出差，所以需要提前预订机票和酒店。,"I plan to go to Shanghai for a business trip next month, so I need to book my flight and hotel in advance."
大,dà,big; large; great; older (than another person); eldest (as in 姐); greatly; freely; fully; (dialect) father; (dialect) uncle (father's brother),我们刚租了一套很大的公寓，离公司只有十分钟的路程。,big/large (primary definition used in context)
大部分,dà bù fen,in large part; the greater part; the majority,这次调查的大部分参与者都支持这项新政策。,The majority of participants in this survey support the new policy.
大大,dà dà,greatly; enormously; (dialect) dad; uncle,这项新技术大大改善了我们的工作效率。,This new technology has greatly improved our work efficiency.
大道,dà dào,main street; avenue,沿着人民大道一直往前走，就能看到市中心的广场。,"Walking straight along Renmin Avenue, you'll see the square in the city center."
大多数,dà duō shù,(great) majority,大多数人都认为健康比财富更重要。,The majority of people believe that health is more important than wealth.
大概,dà gài,roughly; probably; rough; approximate; about; general idea,从你家到公司大概需要二十分钟。,roughly/approximately
大哥,dà gē,eldest brother; big brother (polite address for a man of about the same age as oneself); gang leader; boss,大哥，请问去最近的地铁站怎么走？,"Brother, could you tell me how to get to the nearest subway station?"
大会,dà huì,general assembly; general meeting; convention,公司每年都要召开一次全体员工大会，总结年度工作并规划新一年的发展目标。,The company holds an annual general meeting for all employees to summarize yearly work and plan development goals for the new year.
大家,dà jiā,everyone; influential family; great expert,谢谢大家今天的帮助！,Thank you all for your help today!
大街,dà jiē,street; main street,周末的时候，我们喜欢去市中心的大街上散步和购物。,"On weekends, we like to take a walk and do some shopping on the main street in the city center."
大量,dà liàng,great amount; large quantity; bulk; numerous; generous; magnanimous,为了应对市场需求，工厂每天生产大量电子产品。,"To meet market demand, the factory produces a large quantity of electronic products daily."
大楼,dà lóu,"building (a relatively large, multistory one)",我们公司搬进了市中心那座新建的大楼，一共有四十五层。,"Our company moved into the newly built large building in the city center, which has forty-five floors."
大陆,Dà lù,mainland China (reference to the PRC),许多台湾年轻人毕业后都选择到大陆工作发展。,Many young people from Taiwan choose to go to the mainland for work and career development after graduation.
大门,Dà mén,"the Doors, US rock band",请在大门处出示您的通行证，工作人员会为您登记。,"Please show your access pass at the main gate, and the staff will register you."
大脑,dà nǎo,brain; cerebrum,每天保证充足的睡眠对维持大脑健康非常重要。,Getting enough sleep every day is very important for maintaining brain health.
大人,dà ren,adult; grownup; title of respect toward superiors,孩子们可以去公园玩，但过马路时必须有大人在旁边陪同。,"The children can go play in the park, but they must have an adult accompanying them when crossing the street."
大赛,dà sài,grand contest,这个国际设计大赛吸引了来自世界各地的参赛者。,This grand design contest attracted participants from around the world.
大声,dà shēng,loud voice; in a loud voice; loudly,因为教室后面太吵了，他不得不大声说话才能被听见。,"Because the back of the classroom was too noisy, he had to speak loudly in order to be heard."
大师,dà shī,great master; master,这位书法大师的作品以其精湛的技艺和独特的风格闻名于世。,The works of this calligraphy master are famous worldwide for their exquisite skill and unique style.
大事,dà shì,major event; major political event (war or change of regime); major social event (wedding or funeral); (do sth) in a big way,结婚是人生中的一件大事，需要双方家庭共同商量和精心准备。,Marriage is a major life event that requires both families to discuss and prepare carefully together.
大厅,dà tīng,hall; lounge,我们在酒店大厅等朋友，顺便喝了杯咖啡。,"We're waiting for friends in the hotel lobby, and had a cup of coffee while we waited."
大小,dà xiǎo,dimension; magnitude; size; measurement; large and small; at any rate; adults and children; consideration of seniority,买鞋子时，一定要先试穿一下，确保大小合适再付款。,size/dimension (physical measurement or fit)
大型,dà xíng,large; large-scale,这座城市即将举办一场大型国际音乐节，预计将吸引数十万游客。,"The city is about to host a large international music festival, which is expected to attract hundreds of thousands of visitors."
大学,Dà xué,"the Great Learning, one of the Four Books 四书 in Confucianism",在国学选修课上，我们重点研读了《大学》，探讨其中“修身齐家治国平天下”的儒家理想。,"In our Chinese classics elective course, we focused on studying *The Great Learning*, exploring its Confucian ideal of 'cultivating oneself, regulating the family, governing the state, and bringing peace to the world.'"
大约,dà yuē,approximately; probably,从火车站到酒店大约需要二十分钟的车程。,approximately
大众,Dà zhòng,Volkswagen (automobile manufacturer),我最近买了一辆大众，日常通勤非常省油，而且空间也很宽敞。,I recently bought a Volkswagen; it's very fuel-efficient for daily commuting and has plenty of space.
呆,dāi,foolish; stupid; expressionless; blank; to stay,听到这个突如其来的消息，他呆呆地站在原地，半天说不出话来。,"Hearing the sudden news, he stood there blankly, unable to say a word for a long time."
逮捕,dài bǔ,to arrest; to apprehend; an arrest,警方昨天成功逮捕了一名涉嫌盗窃的嫌疑人。,"Yesterday, the police successfully arrested a suspect suspected of theft."
代,dài,to substitute; to act on behalf of others; to replace; generation; dynasty; age; period; (historical) era; (geological) eon,如果你今天不能来，我可以代你参加会议。,"If you can't make it today, I can attend the meeting on your behalf."
代表,dài biǎo,representative; delegate; to represent; to stand for; on behalf of; in the name of,我谨代表公司，向所有支持我们的客户表示感谢。,"On behalf of the company, I would like to express our gratitude to all customers who have supported us."
代价,dài jià,price; cost; consideration (in share dealing),忽视健康最终会让你付出沉重的代价。,Ignoring your health will eventually make you pay a heavy price.
代理,dài lǐ,to act on behalf of sb in a responsible position; to act as an agent or proxy; surrogate; (computing) proxy,由于总经理出差，李经理暂时代理公司日常管理工作。,"Since the general manager is on a business trip, Manager Li is temporarily acting as the company's daily operations manager."
带,dài,band; belt; girdle; ribbon; tire; area; zone; region; to wear; to carry; to take along; to bear (i.e. to have); to lead; to bring; to look after; to raise,出门的时候记得带上你的护照和钱包。,Remember to bring your passport and wallet when you head out.
带来,dài lái,to bring; (fig.) to bring about; to produce,这项新技术的普及给我们的生活带来了极大的便利。,The widespread adoption of this new technology has brought great convenience to our lives.
待,dāi,to stay,我打算明天在上海待两天，顺便看看朋友。,I plan to stay in Shanghai for two days tomorrow and drop by to see a friend.
贷款,dài kuǎn,a loan; to provide a loan (e.g. bank); to raise a loan (from e.g. a bank),为了购买新房，我们向银行申请了一笔贷款。,"To buy a new house, we applied for a loan from the bank."
袋,dài,pouch; bag; sack; pocket,超市结账时，店员问我要不要一个塑料袋。,"When checking out at the supermarket, the clerk asked if I wanted a plastic bag."
戴,Dài,surname Dai,戴先生是我们班的新班主任。,Mr. Dai is our new homeroom teacher.
单,Shàn,surname Shan,单老师是我们班新来的汉语教师。,Teacher Shan is our new Chinese teacher.
单独,dān dú,alone; by oneself; on one's own,周末的时候，我喜欢单独去附近的咖啡馆看书。,"On weekends, I like to go to a nearby café alone to read."
单身,dān shēn,unmarried; single,他今年三十五岁了，但至今仍然单身。,"He is thirty-five years old, but he is still single."
单位,dān wèi,"unit (of measure); unit (group of people as a whole); work unit (place of employment, esp. in the PRC prior to economic reform)",我现在的单位在市中心，每天通勤只要二十分钟。,"(Illustrates the ""work unit/place of employment"" definition, which is the most common modern usage.)"
担心,dān xīn,anxious; worried; uneasy; to worry; to be anxious,妈妈总是担心我在外面吃不好，经常给我寄家乡菜。,"Mom always worries that I won't eat well on my own, so she often sends me homemade food from home."
但,dàn,but; yet; however; still; merely; only; just,我很喜欢这份工作，但薪水不太理想。,"I really like this job, but the salary isn't very ideal."
但是,dàn shì,but; however,我想去爬山，但是今天下雨了。,"I wanted to go hiking, but it's raining today."
弹,dàn,crossball; bullet; shot; shell; ball,士兵迅速装填了最后一颗子弹。,The soldier quickly loaded the last bullet.
蛋,Dàn,variant of 蜑,每天早晨喝一杯牛奶配一个水煮蛋，是许多中国人健康的早餐习惯。,Drinking milk with a boiled egg every morning is a healthy breakfast habit for many Chinese people.
蛋糕,dàn gāo,cake,我昨天在超市买了一个草莓蛋糕，全家人都很喜欢。,"I bought a strawberry cake at the supermarket yesterday, and my whole family really liked it."
当,dāng,(onom.) dong; ding dong (bell),当你听到上课铃声时，请立刻回到教室。,"When you hear the class bell, please return to the classroom immediately."
当成,dàng chéng,to consider as; to take to be,他总把朋友的建议当成批评，所以很少采纳别人的意见。,"He always takes his friends' advice as criticism, so he rarely accepts others' opinions."
当初,dāng chū,at that time; originally,当初决定来中国留学的时候，我以为生活一定会很轻松。,"Originally, when I decided to study abroad in China, I thought life would definitely be very easy."
当地,dāng dì,local,我们打算在当地租一间公寓，这样生活起来会更方便。,We plan to rent an apartment locally so that daily life will be more convenient.
当年,dāng nián,in those days; then; in those years; during that time,当年我们住在这里的时候，周围全是农田，现在却变成了高楼大厦。,"Back when we lived here, the surroundings were all farmland, but now they've turned into high-rise buildings."
当然,dāng rán,only natural; as it should be; certainly; of course; without doubt,作为你的好朋友，我当然会支持你的决定。,"As your good friend, of course I will support your decision."
当时,dāng shí,then; at that time; while,当时下雨了，我们只好在咖啡馆里等雨停。,"It was raining at that time, so we had to wait in the café until it stopped."
当事人,dāng shì rén,persons involved or implicated; party (to an affair),作为纠纷的当事人，双方都同意通过调解来解决争议。,"As the parties directly involved in the dispute, both sides agreed to resolve the conflict through mediation."
当天,dāng tiān,on that day,我昨天订的机票，我们当天就出发了。,"I booked the flight yesterday, and we departed on that day."
当中,dāng zhōng,among; in the middle; in the center,在拥挤的地铁站里，他一眼就认出了站在人群当中的朋友。,"In the crowded subway station, he immediately recognized his friend standing in the middle of the crowd."
当作,dàng zuò,to treat as; to regard as,我把这次失败当作一次宝贵的学习机会。,I treat this failure as a valuable learning opportunity.
挡,dǎng,to resist; to obstruct; to hinder; to keep off; to block (a blow); to get in the way of; cover; gear (e.g. in a car's transmission),那辆违停的汽车挡住了消防通道，必须马上移走。,That illegally parked car is blocking the fire lane and must be moved immediately.
党,Dǎng,surname Dang,我的新邻居姓党，他是一位非常友善的医生。,"My new neighbor's surname is Dang, and he is a very friendly doctor."
档,dǎng,"(Tw) variant of 挡, gear",这辆车的五档非常省油，适合长途驾驶。,The fifth gear of this car is very fuel-efficient and suitable for long-distance driving.
档案,dàng àn,file; record; archive,公司会妥善保管每位员工的个人档案，包括合同、考勤和绩效记录。,"The company securely keeps each employee's personnel file, including contracts, attendance records, and performance evaluations."
刀,Dāo,surname Dao,刀先生是我们学校新聘的书法老师。,Mr. Dao is the newly hired calligraphy teacher at our school.
导弹,dǎo dàn,(guided) missile,这枚新型导弹在今天的试射中成功击中了数百公里外的目标。,This new type of missile successfully hit a target hundreds of kilometers away during today's test launch.
导演,dǎo yǎn,to direct; director (film etc),这位导演凭借这部新电影获得了国际大奖。,This director won an international award for this new film.
导致,dǎo zhì,to lead to; to create; to cause; to bring about,缺乏有效沟通往往会导致团队内部产生误解。,Lack of effective communication often leads to misunderstandings within the team.
岛,dǎo,variant of 岛,这座岛离大陆很远，必须坐船才能到达。,This island is far from the mainland and can only be reached by boat.
到,dào,to reach; to arrive; to leave for; to go to; to (a place); until (a time); up to (a point); (verb complement indicating arriving at a place or reaching a point); considerate; thoughtful; thorough,我明天下午三点到机场接你。,I will arrive at the airport at 3 PM tomorrow to pick you up.
到处,dào chù,everywhere,他刚搬来这座城市，到处都在打听租房的信息。,He just moved to this city and has been asking around everywhere for information on renting an apartment.
到达,dào dá,to reach; to arrive,我们的列车将在下午两点准时到达上海站。,Our train will arrive at Shanghai Station on time at 2 p.m.
到底,dào dǐ,finally; in the end; when all is said and done; after all; to the end; to the last,我们试了好几种方法，**到底**还是找到了解决问题的办法。,"We tried several different methods, but **in the end**, we found a solution to the problem."
到来,dào lái,to arrive; arrival; advent,随着旅游旺季的到来，这家酒店的预订量已经翻了一番。,"With the arrival of the peak tourist season, this hotel's booking volume has doubled."
倒,dǎo,to fall; to collapse; to lie horizontally; to fail; to go bankrupt; to overthrow; to change (trains or buses); to move around; to resell at a profit,那家小公司因为资金链断裂，最终倒了。,go bankrupt / collapse (dǎo)
道,dào,"road; path; principle; truth; morality; reason; skill; method; Dao (of Daoism); to say; to speak; to talk; classifier for long thin things (rivers, cracks etc), barriers (walls, doors etc), questions (in an exam etc), commands, courses in a meal, steps in a process; (old) circuit (administrative division)",沿着这条道一直走，在第二个路口左转就能看到地铁站。,road/path (道路)
道德,dào dé,virtue; morality; ethics,在现代社会中，遵守基本的道德规范是每个人应尽的责任。,"In modern society, adhering to basic moral standards is a responsibility everyone should fulfill."
道理,dào li,reason; argument; sense; principle; basis; justification,老师耐心地给我们讲解了这道题背后的道理，大家终于都明白了。,"The teacher patiently explained the reasoning behind this problem to us, and everyone finally understood."
道路,dào lù,road; path; way,这条新修建的道路大大缩短了市区到机场的通行时间。,The newly built road has greatly shortened the travel time between the city center and the airport.
道歉,dào qiàn,to apologize,他因为不小心弄坏了同学的电脑，立刻向他诚恳地道歉。,He immediately apologized to his classmate for accidentally breaking his computer.
德,Dé,Germany; German; abbr. for 德国,他刚从德回国，带回了大量精密仪器。,"He just returned from Germany, bringing back a large amount of precision instruments."
地,de,"-ly; structural particle: used before a verb or adjective, linking it to preceding modifying adverbial adjunct",他认真地完成了老师布置的任务。,He carefully completed the task assigned by the teacher.
地板,dì bǎn,floor,请小心，地板刚拖过，非常滑。,"Please be careful, the floor was just mopped and is very slippery."
地点,dì diǎn,place; site; location; venue,请提前确认一下活动的具体地点，以免到时候走错。,Please confirm the specific location of the event in advance so you don't end up going to the wrong place.
地方,dì fāng,region; regional (away from the central administration); local,地方政府可以根据本地的实际情况制定相关政策。,The local government can formulate relevant policies based on actual local conditions.
地面,dì miàn,floor; ground; surface,雨下得太大，人行道上的地面已经积水了。,It rained so heavily that the ground on the sidewalk is already covered with water.
地球,dì qiú,the earth,保护地球是每个公民的责任。,Protecting the Earth is everyone's responsibility.
地区,dì qū,"local; regional; district (not necessarily formal administrative unit); region; area; as suffix to city name, means prefecture or county (area administered by a prefecture-level city or, county-level city)",近年来，这个地区经济发展迅速，基础设施也日益完善。,"In recent years, the economy of this region has grown rapidly, and its infrastructure has been continuously improving."
地上,dì shang,on the ground; on the floor,我不小心把钥匙掉在地上了。,I accidentally dropped my keys on the floor.
地铁,dì tiě,underground railway; subway; subway train,为了避开早高峰的拥堵，我每天早晨都坐地铁去公司。,"To avoid rush hour traffic, I take the subway to the office every morning."
地图,dì tú,map,请帮我看看这张地图，找出从酒店到火车站的最佳路线。,Please help me look at this map and find the best route from the hotel to the train station.
地位,dì wèi,position; status; place,他凭借多年的专业经验，在团队中赢得了重要的地位。,"Thanks to years of professional experience, he has earned an important position within the team."
地下,dì xià,underground; subterranean; covert,这家商场的地下停车场很大，周末去停车非常方便。,"The shopping mall's underground parking lot is quite large, making it very convenient to park there on weekends."
地震,dì zhèn,earthquake,昨天下午这里发生了一次轻微的地震，但幸运的是没有人受伤。,"A minor earthquake occurred here yesterday afternoon, but fortunately no one was injured."
地址,dì zhǐ,address,我在网上注册账号时，系统要求我填写详细的居住地址。,"When registering an account online, the system required me to fill in my detailed residential address."
的,de,of; ~'s (possessive particle); (used after an attribute); (used to form a nominal expression); (used at the end of a declarative sentence for emphasis); also pr. [dì] or [di] in poetry and songs,她是我最好的朋友。,She is my best friend.
的话,de huà,if (coming after a conditional clause),你明天有空的话，我们一起去喝咖啡吧。,"If you're free tomorrow, let's go get coffee together."
的确,dí què,really; indeed,这家餐厅的菜味道的确很好。,The food at this restaurant is really good.
得,dé,to obtain; to get; to gain; to catch (a disease); proper; suitable; proud; contented; to allow; to permit; ready; finished,经过不懈的努力，他终于得到了梦寐以求的工作机会。,"Through relentless effort, he finally obtained the job opportunity he had long dreamed of."
得到,dé dào,to get; to obtain; to receive,经过反复练习，她终于得到了客户的认可。,"After repeated practice, she finally received the client's approval."
得分,dé fēn,to score,在昨天的篮球比赛中，他通过一次精准的三分球成功得分。,"In yesterday's basketball game, he successfully scored with a precise three-pointer."
得了,dé le,all right!; that's enough!,行了，得了，你别再解释了，我明白你的意思了。,"All right, that's enough! I understand what you mean."
得知,dé zhī,to find out; to learn of,我得知明天航班取消后，立即联系了航空公司改签。,"After I found out that tomorrow's flight was canceled, I immediately contacted the airline to rebook it."
灯,dēng,lamp; light; lantern,晚上学习时，请把书桌上的灯打开。,"When studying at night, please turn on the lamp on your desk."
登,dēng,to scale (a height); to ascend; to mount; to publish or record; to enter (e.g. in a register); to press down with the foot; to step or tread on; to put on (shoes or trousers) (dialect); to be gathered and taken to the threshing ground (old),经过五个小时的攀爬，我们终于登上了山顶。,"After five hours of climbing, we finally reached the summit."
登记,dēng jì,to register (one's name),入住酒店时，请在前台登记您的姓名。,"When checking into the hotel, please register your name at the front desk."
等,děng,class; rank; grade; equal to; same as; to wait for; to await; et cetera; and so on; et al. (and other authors); after; as soon as; once,等我们吃完晚饭，就一起去看电影吧。,"as soon as / after (conjunction usage)
English translation: As soon as we finish dinner, let's go watch a movie together."
等待,děng dài,to wait; to wait for,我们在咖啡馆里耐心等待朋友的到来。,We are patiently waiting at the café for our friend to arrive.
等于,děng yú,to equal; to be tantamount to,在竞争激烈的职场中，停止学习就等于落后于人。,"In a highly competitive workplace, stopping learning is tantamount to falling behind others."
低,dī,low; beneath; to lower (one's head); to let droop; to hang down; to incline,听到老师的批评后，他羞愧地低下了头。,to lower (one's head)
滴,dī,a drop; to drip,水龙头没关紧，水正不停地往下滴。,"The faucet isn't closed tightly, and water keeps dripping down."
敌人,dí rén,enemy,懒惰是我们成功路上最大的敌人。,Laziness is the biggest enemy on the path to success.
底,de,(equivalent to 的 as possessive particle),他底的梦想是成为一名建筑师。,His dream is to become an architect.
弟弟,dì di,younger brother,我弟弟今年八岁，他最喜欢在周末去公园骑自行车。,My younger brother is eight years old; he loves riding his bike at the park on weekends.
第,dì,"(prefix indicating ordinal number, as in 六 ""sixth""); (literary) grades in which successful candidates in the imperial examinations were placed; (old) residence of a high official; (literary) but; however; (literary) only; just",他在这次比赛中获得了第三名，非常开心。,He won third place in this competition and was very happy.
第二,dì èr,second; number two; next; secondary,虽然这次比赛我只得了第二名，但我还是很满意自己的表现。,"Even though I only got second place in this competition, I'm still very satisfied with my performance."
第一,dì yī,first; number one; primary,在这次比赛中，他获得了第一名。,He won first place in this competition.
典型,diǎn xíng,model; typical case; archetype; typical; representative,这种“边工作边学习”的模式在当代职场中非常典型，许多人都选择这种方式来提升自己的竞争力。,"This ""work while studying"" model is very typical in today's workplace, and many people choose this approach to enhance their competitiveness."
点,diǎn,point; dot; drop; speck; o'clock; point (in space or time); to draw a dot; to check on a list; to choose; to order (food in a restaurant); to touch briefly; to hint; to light; to ignite; to pour a liquid drop by drop; (old) one fifth of a two-hour watch 更; dot stroke in Chinese characters; classifier for items,我们去餐厅吃饭吧，你想点什么？,to order (food in a restaurant)
电,diàn,lightning; electricity; electric (bound form); to get (or give) an electric shock; phone call or telegram etc; to send via telephone or telegram etc,为了节约用电，离开房间时请记得随手关灯。,"To save electricity, please remember to turn off the lights whenever you leave a room."
电池,diàn chí,battery,这个遥控器的电池没电了，你能帮我买两节新的吗？,The battery in this remote control is dead; can you help me buy two new ones?
电话,diàn huà,telephone; phone call; phone number,请问，我能用一下你的电话吗？,"Excuse me, can I use your telephone?"
电力,diàn lì,electrical power; electricity,这家工厂每天需要消耗大量的电力来维持生产线运转。,This factory consumes a large amount of electrical power daily to keep its production line running.
电脑,diàn nǎo,computer,我每天用电脑写作业和查资料。,I use my computer every day to do homework and look up information.
电视,diàn shì,television; TV,我每天晚上回家后都会看一会儿电视放松一下。,I watch TV for a while every evening to relax after coming home.
电视台,diàn shì tái,television station,她大学毕业后，顺利进入了一家知名的电视台工作。,"After graduating from university, she successfully started working at a well-known television station."
电梯,diàn tī,elevator; escalator,我们每天坐电梯到十二楼上班。,We take the elevator to the twelfth floor every day for work.
电影,diàn yǐng,movie; film,我们周末去看电影吧。,Let's go watch a movie this weekend.
电子,diàn zǐ,electronic; electron (particle physics),为了保护视力，建议每天使用电子设备的时间不要超过两小时。,"To protect your eyesight, it is recommended to limit daily electronic device usage to no more than two hours."
店,diàn,inn; old-style hotel; (bound form) shop; store,这家店位于学校附近，商品种类齐全，价格也很实惠。,"This shop is located near the school, offers a wide range of products, and has very reasonable prices."
调,diào,to transfer; to move (troops or cadres); to investigate; to enquire into; accent; view; argument; key (in music); mode (music); tune; tone; melody,公司决定把我调到上海分公司工作。,to transfer; to move (troops or cadres)
调查,diào chá,investigation; inquiry; to investigate; to survey; survey; (opinion) poll,为了改进服务质量，我们最近对顾客进行了一项满意度调查。,"To improve our service quality, we recently conducted a customer satisfaction survey."
调整,tiáo zhěng,to adjust; adjustment; revision,由于会议时间提前，我们需要及时调整工作计划。,"Since the meeting time has been moved up, we need to adjust our work plan accordingly."
掉,diào,"to fall; to drop; to lag behind; to lose; to go missing; to reduce; fall (in prices); to lose (value, weight etc); to wag; to swing; to turn; to change; to exchange; to swap; to show off; to shed (hair); (used after certain verbs to express completion, fulfillment, removal etc)",我昨天把那些不穿的旧衣服都扔掉了。,(used after a verb to express removal/completion) 掉 indicates that the action is carried out completely or results in something being removed/disposed of.
丁,Dīng,surname Ding,丁先生明天会来我们办公室开会。,Mr. Ding will come to our office for a meeting tomorrow.
盯,dīng,to watch attentively; to fix one's attention on; to stare at; to gaze at,她盯着黑板上的公式，试图理解老师的讲解。,"She stared at the formula on the blackboard, trying to understand the teacher's explanation."
顶,dǐng,"apex; crown of the head; top; roof; most; to carry on the head; to push to the top; to go against; to replace; to substitute; to be subjected to (an aerial bombing, hailstorm etc); (slang) to ""bump"" a forum thread to raise its profile; classifier for headwear, hats, veils etc",她头顶着一篮刚洗好的衣服，稳稳地走上了楼梯。,to carry on the head
订,dìng,to agree; to conclude; to draw up; to subscribe to (a newspaper etc); to order,我打算下个月去北京出差，需要提前订两张高铁票。,to order / to book
定,dìng,to set; to fix; to determine; to decide; to order,我们的项目截止日期定在下周五，请大家合理安排时间。,"Our project deadline is set for next Friday, so please plan your schedule accordingly."
定位,dìng wèi,to orientate; to position; to categorize (as); to characterize (as); positioning; position; niche,作为一名刚毕业的大学生，他花了很多时间思考自己的职业定位，最终决定投身于人工智能领域。,"As a recent college graduate, he spent a lot of time clarifying his career positioning, and ultimately decided to pursue a path in the field of artificial intelligence."
丢,diū,to lose; to put aside; to throw,我不小心把护照丢在酒店前台了。,I accidentally lost my passport at the hotel front desk.
东,Dōng,surname Dong,东先生是一位非常和蔼的邻居。,Mr. Dong is a very kind neighbor.
东西,dōng xī,east and west,他的工作范围覆盖全国的东西两端，经常需要长途出差。,"His work covers both the eastern and western ends of the country, requiring frequent long-distance business trips."
冬天,dōng tiān,winter,冬天很冷，出门前记得穿上厚外套保暖。,"It's cold in winter, so remember to wear a thick coat before going out to stay warm."
董事会,dǒng shì huì,board of directors,董事会昨天正式批准了公司的年度预算。,The board of directors officially approved the company's annual budget yesterday.
懂,dǒng,to understand; to comprehend,我不太懂这个规则，能再解释一遍吗？,I don't quite understand this rule; could you explain it again?
懂得,dǒng de,to understand; to know; to comprehend,我完全懂得你的顾虑，但我们必须尽快做出决定。,"I completely understand your concerns, but we must make a decision as soon as possible."
动,dòng,"(of sth) to move; to set in movement; to displace; to touch; to make use of; to stir (emotions); to alter; abbr. for 动词, verb",别动，让我帮你拍张照。,(of sth) to move; to set in movement
动力,dòng lì,motive power; force; (fig.) motivation; impetus,家人的支持是我不断前进的最大动力。,Family support is my greatest motivation to keep moving forward.
动手,dòng shǒu,to set about (a task); to hit; to punch; to touch,看到桌子这么乱，他二话不说就动手收拾起来。,to set about (a task)
动物,dòng wù,animal,我喜欢去动物园，因为那里有很多有趣的动物。,I like going to the zoo because there are many interesting animals there.
动作,dòng zuò,movement; motion; action; to act; to move,舞蹈老师要求我们每一个动作都要做到位，不能马虎。,The dance teacher requires us to execute every movement correctly; we can't be careless.
冻,dòng,to freeze; to feel very cold; aspic or jelly,昨晚气温骤降，我没关窗户，早上起来连水杯里的水都冻住了。,"The temperature dropped suddenly last night, and when I woke up this morning, even the water in my cup had frozen solid."
栋,dòng,classifier for houses or buildings; ridgepole (old),学校旁边新建了一栋图书馆。,A new library building has been built next to the school.
洞,dòng,cave; hole; zero (unambiguous spoken form when spelling out numbers),他的旧外套袖口磨出了一个小洞，得赶紧拿去补一下。,hole (worn-through fabric/ground/etc.)
都,Dū,surname Du,都先生是我们公司的新顾问，负责指导我们的海外市场拓展工作。,"Mr. Du is our company's new consultant, responsible for guiding our overseas market expansion efforts."
斗,Dǒu,abbr. for the Big Dipper constellation 星,晴朗的夜晚，抬头仰望星空，你能清晰地看到斗在北方夜空中闪烁。,"On a clear night, looking up at the starry sky, you can clearly see the Big Dipper shining in the northern sky."
斗争,dòu zhēng,a struggle; fight; battle,他与癌症进行了长达五年的斗争，最终战胜了病魔。,He fought a five-year battle against cancer and finally overcame the illness.
毒,dú,poison; to poison; poisonous; malicious; cruel; fierce; narcotics,这种蛇的毒非常强，我们在野外活动时务必保持距离。,"The venom of this snake is highly potent, so we must keep our distance from it when outdoors."
毒品,dú pǐn,drugs; narcotics; poison,吸食毒品不僅會嚴重損害身心健康，還會破壞整個家庭，因此我們必須堅決遠離。,"Using drugs not only severely damages physical and mental health but also destroys families, so we must firmly stay away from them."
独,dú,alone; independent; single; sole; only,周末的时候，他喜欢独自去公园散步，享受安静的时光。,"On weekends, he likes to go for a walk in the park alone to enjoy some quiet time."
独立,dú lì,independent; independence; to stand alone,她通过自己的努力实现了经济独立，不再依赖父母。,She achieved financial independence through her own efforts and no longer relies on her parents.
独特,dú tè,unique; distinctive,这家咖啡馆的装潢设计非常独特，营造出一种温馨而放松的氛围。,"The interior design of this café is very unique, creating a warm and relaxing atmosphere."
独自,dú zì,alone,周末的时候，我喜欢独自去图书馆看书。,"On weekends, I like to go to the library alone to read."
读,dòu,comma; phrase marked by pause,朗读这篇古文时，请特别注意其中的句读，它们相当于现代汉语中的逗号，提示我们在此处作短暂停顿。,"When reciting this classical text, please pay special attention to its 句读 (pauses), which function like commas in modern Chinese and indicate where you should make a brief break."
读书,dú shū,to read a book; to study; to attend school,为了考上理想的大学，他每天都在图书馆里读书。,to study / to attend school
堵,dǔ,"to block up (a road, pipe etc); to stop up (a hole); (fig.) (of a person) choked up with anxiety or stress; wall (literary); (classifier for walls)",前面发生交通事故，整条马路都被堵住了。,A traffic accident ahead has blocked up the entire road.
赌,dǔ,to bet; to gamble,他决定不再赌钱，而是找一份稳定工作重新开始。,He decided to stop gambling and find a stable job to start over.
肚子,dù zi,belly; abdomen; stomach,我昨晚吃得太饱了，现在肚子还有点胀。,"I ate too much last night, so my stomach is still feeling bloated."
度,dù,"to pass; to spend (time); measure; limit; extent; degree of intensity; degree (angles, temperature etc); kilowatt-hour; classifier for events and occurrences",今天的气温高达四十度，大家出门记得多喝水防暑。,degree (temperature)
度过,dù guò,to pass; to spend (time); to survive; to get through,去年暑假，我们全家在海南度过了一个轻松愉快的假期。,"Last summer vacation, our whole family spent a relaxing and pleasant holiday in Hainan."
端,duān,end; extremity; item; port; to hold sth level with both hands; to carry; regular,他双手端着一碗热汤，小心翼翼地走进厨房。,to hold something level with both hands / to carry
短,duǎn,short; brief; to lack; weak point; fault,这次会议的时间太短了，很多重要问题还没来得及充分讨论。,The meeting was too short; we didn't have enough time to fully discuss many important issues.
段,Duàn,surname Duan,我的新同事姓段，他负责公司的市场部门。,"My new colleague's surname is Duan, and he is in charge of the company's marketing department."
断,duàn,to break; to snap; to cut off; to give up or abstain from sth; to judge; (usu. used in the negative) absolutely; definitely; decidedly,这根钓鱼线太细了，稍微用力一拉就断了。,This fishing line is too thin; it snapped with just a slight pull.
锻炼,duàn liàn,to toughen; to temper; to engage in physical exercise; to work out; (fig.) to develop one's skills; to train oneself,为了保持身体健康，她每周会去健身房锻炼三次。,"To maintain her physical health, she goes to the gym to work out three times a week."
堆,duī,to pile up; to heap up; a mass; pile; heap; stack; large amount,周末整理房间时，我把旧杂志和杂物都堆在书桌旁，准备下周分类处理。,"During the weekend room cleanup, I piled the old magazines and miscellaneous items next to the desk to sort them out next week."
队,duì,squadron; team; group,我们队下周要去外地参加学术会议。,Our team is going out of town next week to attend an academic conference.
队伍,duì wǔ,ranks; troops; queue; line; procession,为了抢购新款手机，大家一大早就在商场门口排起了长长的队伍。,Everyone formed a long line outside the mall early in the morning to buy the latest smartphone.
队员,duì yuán,team member,这次比赛能取得好成绩，离不开每一位队员的共同努力。,The success in this competition was made possible by the joint efforts of every team member.
队长,duì zhǎng,captain; team leader,作为篮球队的队长，他每天负责带队训练并制定比赛战术。,"As the captain of the basketball team, he is responsible for leading daily training sessions and devising game tactics."
对,duì,right; correct; towards; at; for; concerning; regarding; to treat (sb a certain way); to face; (bound form) opposite; facing; matching; to match together; to adjust; to fit; to suit; to answer; to reply; to add; to pour in (a fluid); to check; to compare; classifier: couple; pair,我对这个问题很感兴趣，能详细解释一下吗？,I'm very interested in this issue; could you explain it in detail?
对不起,duì bu qǐ,I'm sorry; excuse me; I beg your pardon; to let (sb) down; to disappoint,对不起，我刚才不小心把你的水杯碰倒了，我马上帮你擦干净。,"I'm sorry, I accidentally knocked over your water cup just now; I'll clean it up right away."
对待,duì dài,to treat; treatment,他对待工作非常认真，从不敷衍了事。,He treats his work very seriously and never cuts corners.
对方,duì fāng,the other person; the other side; the other party,在沟通时，试着站在对方的角度思考问题，能减少很多不必要的误会。,"When communicating, try to think from the other person's perspective; it can help reduce a lot of unnecessary misunderstandings."
对付,duì fu,to handle; to deal with; to tackle; to get by with; to make do; (dialect) (usu. used in the negative) to get along with (sb),钱不够买新电脑，只能先对付着用了。,"There isn't enough money to buy a new computer, so we'll just have to make do with this one for now."
对话,duì huà,to talk (with sb); dialogue; conversation,为了消除误会，我们坐下来进行了一次坦诚的对话。,"To clear up the misunderstanding, we sat down and had an honest conversation."
对面,duì miàn,(sitting) opposite; across (the street); directly in front; to be face to face,图书馆就在学校对面，步行只要五分钟。,The library is directly across from the school and is only a five-minute walk away.
对手,duì shǒu,opponent; rival; competitor; (well-matched) adversary; match,在比赛中遇到一个实力相当的对手，往往能激发出你更好的表现。,Facing an opponent of equal strength in a competition often inspires you to perform at your best.
对象,duì xiàng,target; object; partner; boyfriend; girlfriend,他最近决定把交往两年的对象正式介绍给父母认识。,He recently decided to formally introduce his partner of two years to his parents.
对于,duì yú,regarding; as far as (sth) is concerned; with regard to,对于这个新方案，我们需要收集更多反馈才能做出决定。,"Regarding this new proposal, we need to gather more feedback before making a decision."
蹲,dūn,to crouch; to squat; to stay (somewhere),他蹲在地上仔细检查轮胎有没有漏气。,He squatted on the ground to carefully check if the tire was leaking air.
顿,dùn,"to stop; to pause; to arrange; to lay out; to kowtow; to stamp (one's foot); at once; classifier for meals, beatings, scoldings etc: time, bout, spell, meal",因为没按时完成作业，我被妈妈狠狠地骂了一顿。,classifier for scoldings/actions (one bout of scolding)
多,duō,many; much; too many; in excess; (after a numeral) ... odd; how (to what extent) (Taiwan pr. [duó]); (bound form) multi-; poly-,他每天喝太多咖啡，晚上总是睡不着。,"He drinks too much coffee every day, so he can't sleep at night."
多久,duō jiǔ,(of time) how long?; (not) a long time,你在这里等了多久？,How long have you been waiting here?
多么,duō me,how (wonderful etc); what (a great idea etc); however (difficult it may be etc); (in interrogative sentences) how (much etc); to what extent,这里的风景多么美丽啊！,How beautiful the scenery here is!
多少,duō shǎo,number; amount; somewhat,你每天需要喝多少水才健康？,How much water do you need to drink daily to stay healthy?
夺,duó,to seize; to take away forcibly; to wrest control of; to compete or strive for; to force one's way through; to leave out; to lose,经过数月的刻苦准备，她终于在演讲比赛中夺得了第一名。,"After months of hard preparation, she finally won first place in the speech competition."
躲,duǒ,to hide; to dodge; to avoid,下雨了，我们快躲到屋檐下吧，不然衣服都会湿透的。,to avoid/take shelter from (rain/weather)
恶,ě,used in 恶心,,
恶心,ě xīn,variant of 恶心,,
饿,è,to be hungry; hungry; to starve (sb),,
儿童,ér tóng,child,,
儿子,ér zi,son,,
而,ér,and; as well as; and so; but (not); yet (not); (indicates causal relation); (indicates change of state); (indicates contrast),,
而且,ér qiě,(not only ...) but also; moreover; in addition; furthermore,,
而是,ér shì,rather,,
而已,ér yǐ,that's all; nothing more,,
耳朵,ěr duo,ear; handle (on a cup),,
二,èr,two; 2; (Beijing dialect) stupid,,
发,fā,to send out; to show (one's feeling); to issue; to develop; to make a bundle of money; classifier for gunshots (rounds),,
发表,fā biǎo,to issue; to publish,,
发布,fā bù,to release; to issue; to announce; to distribute; also written 发布,,
发出,fā chū,"to issue (an order, decree etc); to send out; to dispatch; to produce (a sound); to let out (a laugh)",,
发动,fā dòng,to start; to launch; to unleash; to mobilize; to arouse,,
发挥,fā huī,to display; to exhibit; to bring out implicit or innate qualities; to express (a thought or moral); to develop (an idea); to elaborate (on a theme),,
发明,fā míng,to invent; an invention,,
发射,fā shè,to shoot (a projectile); to fire (a rocket); to launch; to emit (a particle); to discharge; emanation; emission,,
发生,fā shēng,to happen; to occur; to take place; to break out,,
发现,fā xiàn,to notice; to become aware of; to discover; to find; to detect; a discovery,,
发行,fā xíng,"to publish; to issue (stocks, currency etc); to release; to distribute (a film)",,
发型,fà xíng,hairstyle; coiffure; hairdo,,
发展,fā zhǎn,development; growth; to develop; to grow; to expand,,
罚,fá,to punish; to penalize,,
法,fǎ,variant of 法,,
法官,fǎ guān,judge (in court),,
法律,fǎ lǜ,law,,
法庭,fǎ tíng,court of law,,
法院,fǎ yuàn,court of law; court,,
翻,fān,to turn over; to flip over; to overturn; to rummage through; to translate; to decode; to double; to climb over or into; to cross,,
烦,fán,to feel vexed; to bother; to trouble; superfluous and confusing; edgy,,
反,fǎn,contrary; in reverse; inside out or upside down; to reverse; to return; to oppose; opposite; against; anti-; to rebel; to use analogy; instead; abbr. for 切 phonetic system,,
反对,fǎn duì,to oppose; to be against; to object to,,
反而,fǎn ér,on the contrary; instead,,
反应,fǎn yìng,to react; to respond; reaction; response; reply; chemical reaction,,
反映,fǎn yìng,to mirror; to reflect; mirror image; reflection; (fig.) to report; to make known; to render,,
反正,fǎn zhèng,anyway; in any case; to come over from the enemy's side,,
返回,fǎn huí,to return to; to come (or go) back,,
犯,fàn,to violate; to offend; to assault; criminal; crime; to make a mistake; recurrence (of mistake or sth bad),,
犯罪,fàn zuì,to commit a crime; crime; offense,,
饭,fàn,cooked rice; meal; (loanword) fan; devotee,,
饭店,fàn diàn,restaurant; hotel,,
范围,fàn wéi,range; scope; limit; extent,,
方,Fāng,surname Fang,,
方案,fāng àn,plan; program (for action etc); proposal; proposed bill,,
方便,fāng biàn,convenient; suitable; to facilitate; to make things easy; having money to spare; (euphemism) to relieve oneself,,
方法,fāng fǎ,method; way; means,,
方面,fāng miàn,respect; aspect; field; side,,
方式,fāng shì,way; manner; style; mode; pattern,,
方向,fāng xiàng,direction; orientation,,
防,fáng,to protect; to defend; to guard against; to prevent,,
防守,fáng shǒu,to defend; to protect (against),,
防止,fáng zhǐ,to prevent; to guard against; to take precautions,,
房地产,fáng dì chǎn,real estate,,
房间,fáng jiān,room,,
房屋,fáng wū,house; building,,
房子,fáng zi,house; building (single- or two-story); apartment; room,,
访问,fǎng wèn,to visit; to call on; to interview,,
放,fàng,to put; to place; to release; to free; to let go; to let out; to set off (fireworks),,
放到,fàng dào,Put in,,
放弃,fàng qì,to renounce; to abandon; to give up,,
放松,fàng sōng,to relax; to slacken; to loosen,,
放下,fàng xià,to lay down; to put down; to let go of; to relinquish; to set aside; to lower (the blinds etc),,
放心,fàng xīn,to feel relieved; to feel reassured; to be at ease,,
飞,fēi,to fly,,
飞机,fēi jī,airplane,,
飞行,fēi xíng,(of planes etc) to fly; flying; flight; aviation,,
非,Fēi,"abbr. for 洲, Africa",,
非常,fēi cháng,very; really; unusual; extraordinary,,
非法,fēi fǎ,illegal,,
肥,féi,fat; fertile; loose-fitting or large; to fertilize; to become rich by illegal means; fertilizer; manure,,
肺,fèi,lung,,
费,Fèi,surname Fei,,
费用,fèi yòng,cost; expenditure; expense,,
分,fēn,to divide; to separate; to distribute; to allocate; to distinguish (good and bad); (bound form) branch of (an organization); sub- (as in 局); fraction; one tenth (of certain units); unit of length equivalent to 0.33 cm; minute (unit of time); minute (angular measurement unit); a point (in sports or games); 0.01 yuan (unit of money),,
分别,fēn bié,to part; to leave each other; to distinguish; to tell apart; difference; distinction; in different ways; differently; separately; individually,,
分开,fēn kāi,to separate; to part,,
分离,fēn lí,to separate,,
分配,fēn pèi,to distribute; to assign; to allocate; to partition (a hard drive),,
分手,fēn shǒu,to part company; to split up; to break up,,
分析,fēn xī,to analyze; analysis,,
分享,fēn xiǎng,to share (let others have some of sth good),,
分钟,fēn zhōng,minute,,
粉,fěn,powder; cosmetic face powder; food prepared from starch; noodles or pasta made from any kind of flour; to turn to powder; (dialect) to whitewash; white; pink; (suffix) fan (abbr. for 粉丝); to be a fan of,,
粉丝,fěn sī,bean vermicelli; mung bean starch noodles; Chinese vermicelli; cellophane noodles; fan (loanword); enthusiast for sb or sth,,
份,fèn,"classifier for gifts, newspaper, magazine, papers, reports, contracts etc; variant of 分",,
愤怒,fèn nù,angry; indignant; wrath; ire,,
丰富,fēng fù,to enrich; rich; plentiful; abundant,,
风,fēng,wind; news; style; custom; manner,,
风格,fēng gé,style,,
风险,fēng xiǎn,risk; hazard,,
封,Fēng,surname Feng,,
疯,fēng,insane; mad; wild,,
疯狂,fēng kuáng,crazy; frenzied; wild,,
否认,fǒu rèn,to declare to be untrue; to deny,,
否则,fǒu zé,otherwise; if not; or (else),,
佛,Fó,Buddha; Buddhism (abbr. for 陀),,
服,fú,"clothes; dress; garment; to serve (in the military, a prison sentence etc); to obey; to be convinced (by an argument); to convince; to admire; to acclimatize; to take (medicine); mourning clothes; to wear mourning clothes",,
服务,fú wù,to serve; service,,
服装,fú zhuāng,dress; clothing; costume; clothes,,
符合,fú hé,in keeping with; in accordance with; tallying with; in line with; to agree with; to accord with; to conform to; to correspond with; to manage; to handle,,
幅,fú,width; roll; classifier for textiles or pictures,,
福,Fú,surname Fu; abbr. for Fujian province 省,,
父母,fù mǔ,father and mother; parents,,
父亲,fù qīn,father; also pr. [fù qin],,
付,Fù,surname Fu,,
付出,fù chū,to pay; to expend; to invest (energy or time),,
妇女,fù nǚ,woman,,
负,fù,to bear; to carry (on one's back); to turn one's back on; to be defeated; negative (math. etc),,
负担,fù dān,"to bear (an expense, a responsibility etc); burden",,
负责,fù zé,to be in charge of; to take responsibility for; to be to blame; conscientious,,
负责人,fù zé rén,person in charge,,
附近,fù jìn,nearby; neighboring; (in the) vicinity (of); neighborhood,,
复杂,fù zá,complicated; complex,,
副,fù,"secondary; auxiliary; deputy; assistant; vice-; abbr. for 副词 adverb; classifier for pairs, sets of things & facial expressions",,
富,Fù,surname Fu,,
富有,fù yǒu,rich; wealthy; affluent; to be rich in; to be replete with,,
夫妇,fū fù,a (married) couple; husband and wife,,
夫妻,fū qī,husband and wife; married couple,,
夫人,fū ren,lady; madam; Mrs.,,
该,gāi,should; ought to; probably; must be; to deserve; to owe; to be sb's turn to do sth; that; the above-mentioned,,
改,gǎi,to change; to alter; to transform; to correct,,
改变,gǎi biàn,to change; to alter; to transform,,
改革开放,gǎi gé kāi fàng,to reform and open to the outside world; refers to Deng Xiaoping's policies from around 1980,,
改善,gǎi shàn,to make better; to improve,,
改造,gǎi zào,to transform; to reform; to remodel; to remold,,
盖,Gě,surname Ge,,
概念,gài niàn,concept; idea,,
杆,gān,pole,,
尴尬,gān gà,awkward; embarrassed,,
赶,gǎn,to overtake; to catch up with; to hurry; to rush; to try to catch (the bus etc); to drive (cattle etc) forward; to drive (sb) away; to avail oneself of (an opportunity); until; by (a certain time),,
赶到,gǎn dào,to hurry (to some place),,
赶紧,gǎn jǐn,hurriedly; without delay,,
赶快,gǎn kuài,quickly; at once,,
敢,gǎn,to dare; daring; (polite) may I venture,,
感,gǎn,to feel; to move; to touch; to affect; feeling; emotion; (suffix) sense of ~,,
感到,gǎn dào,to feel; to sense; to perceive,,
感动,gǎn dòng,to move (sb); to touch (sb emotionally); moving,,
感激,gǎn jī,to be grateful; to appreciate; thankful,,
感觉,gǎn jué,feeling; impression; sensation; to feel; to perceive,,
感冒,gǎn mào,to catch cold; (common) cold; (coll.) to be interested in (often used in the negative); (Tw) to detest; can't stand,,
感情,gǎn qíng,emotion; sentiment; affection; feelings between two persons,,
感染,gǎn rǎn,to infect; infection; (fig.) to influence,,
感受,gǎn shòu,to sense; perception; to feel (through the senses); to experience; a feeling; an impression; an experience,,
感谢,gǎn xiè,(express) thanks; gratitude; grateful; thankful; thanks,,
干,gān,old variant of 干,,
干净,gān jìng,clean; neat,,
干什么,gàn shén me,what are you doing?; what's he up to?,,
刚,gāng,hard; firm; strong; just; barely; exactly,,
刚才,gāng cái,just now; a moment ago,,
刚刚,gāng gang,just recently; just a moment ago,,
港,Gǎng,Hong Kong (abbr. for 港); surname Gang,,
高,Gāo,surname Gao,,
高度,gāo dù,height; altitude; elevation; high degree; highly,,
高级,gāo jí,high level; high grade; advanced; high-ranking,,
高手,gāo shǒu,expert; past master; dab hand,,
高速,gāo sù,high speed; expressway (abbr. for 路),,
高兴,gāo xìng,happy; glad; willing (to do sth); in a cheerful mood,,
高中,gāo zhōng,senior high school; abbr. for 高级中学,,
搞,gǎo,to do; to make; to go in for; to set up; to get hold of; to take care of,,
告,gào,to say; to tell; to announce; to report; to denounce; to file a lawsuit; to sue,,
告诉,gào sù,to press charges; to file a complaint,,
哥,gē,elder brother,,
哥哥,gē ge,older brother,,
歌,gē,song; to sing,,
歌曲,gē qǔ,song,,
歌手,gē shǒu,singer,,
革命,gé mìng,to withdraw the mandate of heaven (and transition to a new dynasty) (original meaning); revolution; revolutionary; to revolt (against sb or sth); to revolutionize (sth); (separable verb sometimes used in the pattern 革noun的命),,
格,gé,square; frame; rule; (legal) case; style; character; standard; pattern; (grammar) case; (classical) to obstruct; to hinder; (classical) to arrive; to come; (classical) to investigate; to study exhaustively,,
隔,gé,to separate; to partition; to stand or lie between; at a distance from; after or at an interval of,,
个,gě,used in 自个儿,,
个人,gè rén,individual; personal; oneself,,
个性,gè xìng,individuality; personality,,
各,gè,each; every,,
各地,gè dì,in all parts of (a country); various regions,,
各个,gè gè,"every; various; separately, one by one",,
各位,gè wèi,"everybody; all (guests, colleagues etc); all of you",,
各种,gè zhǒng,every kind of; all kinds of; various,,
各自,gè zì,each; respective; apiece,,
给,gěi,to; for; for the benefit of; to give; to allow; to do sth (for sb); (grammatical equivalent of 被); (grammatical equivalent of 把); (sentence intensifier),,
给予,jǐ yǔ,(literary) to give; to accord; to render,,
根,gēn,"root; basis; classifier for long slender objects, e.g. cigarettes, guitar strings; radical (chemistry)",,
根本,gēn běn,fundamental; basic; root; simply; absolutely (not); (not) at all,,
根据,gēn jù,according to; based on; basis; foundation,,
跟,gēn,heel; to follow closely; to go with; (of a woman) to marry sb; with; compared with; to; towards; and (joining two nouns),,
跟踪,gēn zōng,to follow sb's tracks; to tail; to shadow; tracking,,
更,gēng,to change or replace; to experience; one of the five two-hour periods into which the night was formerly divided; watch (e.g. of a sentry or guard),,
更加,gèng jiā,more (than sth else); even more,,
工厂,gōng chǎng,factory,,
工程,gōng chéng,engineering; an engineering project; project; undertaking,,
工具,gōng jù,tool; instrument; utensil; means (to achieve a goal etc),,
工人,gōng rén,worker,,
工业,gōng yè,industry,,
工资,gōng zī,wages; pay,,
工作,gōng zuò,to work; (of a machine) to operate; job; work; task,,
公,gōng,"public; collectively owned; common; international (e.g. high seas, metric system, calendar); make public; fair; just; Duke, highest of five orders of nobility 位; honorable (gentlemen); father-in-law; male (animal)",,
公布,gōng bù,to announce; to make public; to publish,,
公共,gōng gòng,public; common; communal,,
公开,gōng kāi,open; overt; public; to make public; to release,,
公里,gōng lǐ,kilometer,,
公路,gōng lù,highway; road,,
公民,gōng mín,citizen,,
公平,gōng píng,fair; impartial,,
公司,gōng sī,company; firm; corporation,,
公寓,gōng yù,apartment building; block of flats,,
公园,gōng yuán,park (for public recreation),,
公正,gōng zhèng,just; fair; equitable,,
公众,gōng zhòng,public,,
公主,gōng zhǔ,princess,,
功夫,gōng fu,skill; art; kung fu; labor; effort,,
功能,gōng néng,function; capability,,
攻击,gōng jī,to attack; to accuse; to charge; an attack (terrorist or military),,
供,gōng,to provide; to supply,,
供应,gōng yìng,to supply; to provide; to offer,,
宫,Gōng,surname Gong,,
恭喜,gōng xǐ,to congratulate; (interj.) congratulations!,,
共,gòng,"common; general; to share; together; total; altogether; abbr. for 共产党, Communist party",,
共同,gòng tóng,common; joint; jointly; together; collaborative,,
贡献,gòng xiàn,to contribute; to dedicate; to devote; contribution,,
沟通,gōu tōng,to join; to connect; to link up; to communicate,,
狗,gǒu,dog,,
购买,gòu mǎi,to purchase; to buy,,
购物,gòu wù,shopping,,
够,gòu,enough (sufficient); enough (too much); (coll.) (before adj.) really; (coll.) to reach by stretching out,,
估计,gū jì,to estimate; to reckon; (coll.) to suppose,,
姑娘,gū niang,girl; young woman; young lady; daughter; paternal aunt (old),,
孤单,gū dān,lone; lonely; loneliness,,
孤独,gū dú,lonely; solitary,,
古,Gǔ,surname Gu,,
股,gǔ,"thigh; part of a whole; portion of a sum; (stock) share; strand of a thread; low-level administrative unit, translated as ""section"" or ""department"" etc, ranked below 科; classifier for long winding things like ropes, rivers etc; classifier for smoke, smells etc: thread, puff, whiff; classifier for bands of people, gangs etc; classifier for sudden forceful actions",,
股票,gǔ piào,share certificate; stock (finance),,
鼓励,gǔ lì,to encourage,,
固定,gù dìng,to fix; to fasten; to set rigidly in place; fixed; set; regular,,
故事,gù shì,old practice,,
故意,gù yì,deliberately; on purpose,,
顾客,gù kè,customer; client,,
顾问,gù wèn,adviser; consultant,,
刮,guā,to scrape; to blow; to shave; to plunder; to extort,,
挂,guà,to hang or suspend (from a hook etc); to hang up (the phone); (of a line) to be dead; to be worried or concerned; to make a phone call (dialect); to register or record; classifier for sets or clusters of objects; (slang) to kill; to die; to be finished; to fail (an exam),,
乖,guāi,"(of a child) obedient, well-behaved; clever; shrewd; alert; perverse; contrary to reason; irregular; abnormal",,
怪,guài,bewildering; odd; strange; uncanny; devil; monster; to wonder at; to blame; quite; rather,,
关,Guān,surname Guan,,
关闭,guān bì,"to close; to shut (a window etc); (of a shop, school etc) to shut down",,
关键,guān jiàn,crucial point; crux; key; crucial; pivotal,,
关系,guān xi,relation; relationship; to concern; to affect; to have to do with; guanxi,,
关心,guān xīn,to be concerned about; to care about,,
关于,guān yú,pertaining to; concerning; with regard to; about; a matter of,,
关注,guān zhù,to pay attention to; to follow sth closely; to follow (on social media); concern; interest; attention,,
观察,guān chá,to observe; to watch; to survey,,
观点,guān diǎn,point of view; viewpoint; standpoint,,
观看,guān kàn,to watch; to view,,
观众,guān zhòng,spectators; audience; visitors (to an exhibition etc),,
官,Guān,surname Guan,,
官方,guān fāng,government; official (approved or issued by an authority),,
官员,guān yuán,official (in an organization or government); administrator,,
冠军,guàn jūn,champion,,
管,guǎn,variant of 管,,
管理,guǎn lǐ,to supervise; to manage; to administer; management; administration,,
光,guāng,light; ray; bright; shiny; only; merely; used up; finished; to leave (a part of the body) uncovered,,
广播,guǎng bō,broadcast; broadcasting; to broadcast; (formal) to propagate; to publicize,,
广场,guǎng chǎng,public square; plaza,,
广告,guǎng gào,to advertise; a commercial; advertisement,,
归,Guī,surname Gui,,
规定,guī dìng,to stipulate; to specify; to prescribe; to fix (a price); to set (a quota); regulations; rules; provisions; stipulations,,
规划,guī huà,to draw up a plan; to map out a program; a plan; a program,,
规则,guī zé,rule; regulation; rules and regulations,,
鬼,guǐ,disembodied spirit; ghost; devil; (suffix) person with a certain vice or addiction etc; sly; crafty; resourceful (variant of 诡); one of the 28 constellations of ancient Chinese astronomy,,
贵,guì,expensive; noble; precious; (honorific) your,,
滚,gǔn,to boil; to roll; to take a hike; Get lost!,,
锅,guō,pot; pan; wok; cauldron; pot-shaped thing,,
国,Guó,surname Guo,,
国际,guó jì,international,,
国家,guó jiā,country; nation; state,,
国内,guó nèi,domestic; internal (to a country); civil,,
国外,guó wài,abroad; external (affairs); overseas; foreign,,
国王,guó wáng,king,,
果然,guǒ rán,really; sure enough; as expected; if indeed,,
过,Guō,surname Guo,,
过程,guò chéng,course of events; process,,
过度,guò dù,excessive; over-; excess; going too far; extravagant; intemperate; overdue,,
过分,guò fèn,excessive; undue; overly,,
过来,guò lái,to come over; to manage; to handle; to be able to take care of,,
过去,guò qù,(in the) past; former; previous; to go over; to pass by,,
哈,Hā,"abbr. for 哈萨克斯坦, Kazakhstan; abbr. for 哈尔滨, Harbin",,
哈哈,hā hā,(onom.) laughing out loud,,
嗨,hāi,oh alas; hey!; hi! (loanword); a high (natural or drug-induced) (loanword),,
还,Huán,surname Huan,,
还是,hái shi,still (as before); had better; unexpectedly; or,,
还有,hái yǒu,furthermore; in addition; still; also,,
孩子,hái zi,child,,
海,Hǎi,surname Hai,,
海军,hǎi jūn,navy,,
害,hài,to do harm to; to cause trouble to; harm; evil; calamity,,
害怕,hài pà,to be afraid; to be scared,,
含,hán,to keep in the mouth; to contain,,
喊,hǎn,to yell; to shout; to call out for (a person),,
航班,háng bān,(scheduled) flight; (scheduled) sailing,,
航空,háng kōng,aviation,,
毫无,háo wú,not in the least; to completely lack,,
豪华,háo huá,luxurious,,
好,hǎo,good; appropriate; proper; all right!; (before a verb) easy to; (before a verb) good to; (before an adjective for exclamatory effect) so; (verb complement indicating completion); (of two people) close; on intimate terms; (after a personal pronoun) hello,,
好吃,hǎo chī,tasty; delicious,,
好处,hǎo chǔ,easy to get along with,,
好多,hǎo duō,many; quite a lot; much better,,
好好,hǎo hǎo,well; carefully; nicely; properly,,
好久,hǎo jiǔ,quite a while,,
好看,hǎo kàn,"good-looking; nice-looking; good (of a movie, book, TV show etc); embarrassed; humiliated",,
好奇,hào qí,inquisitive; curious; inquisitiveness; curiosity,,
好人,hǎo rén,"good person; healthy person; person who tries not to offend anyone, even at the expense of principle",,
好事,hǎo shì,"good action, deed, thing or work (also sarcastic, ""a fine thing indeed""); charity; happy occasion; Daoist or Buddhist ceremony for the souls of the dead",,
好像,hǎo xiàng,as if; to seem like,,
好运,hǎo yùn,good luck,,
号,háo,roar; cry,,
号码,hào mǎ,number,,
喝,hē,to drink; variant of 嗬,,
合,gě,"100 ml; one-tenth of a peck; measure for dry grain equal to one-tenth of sheng 升 or liter, or one-hundredth dou 斗",,
合法,hé fǎ,lawful; legitimate; legal,,
合理,hé lǐ,rational; reasonable; sensible; fair,,
合适,hé shì,suitable; fitting; appropriate,,
合同,hé tong,(business) contract,,
合约,hé yuē,treaty; contract,,
合作,hé zuò,to cooperate; to collaborate; to work together; cooperation,,
和,hé,old variant of 和,,
和平,Hé píng,"Heping District of Shenyang city 沈阳市, Liaoning; Heping or Hoping Township in Taichung County 台中县, Taiwan",,
和谐,hé xié,harmonious; harmony; (euphemism) to censor,,
河,hé,river,,
核,hé,pit; stone; nucleus; nuclear; to examine; to check; to verify,,
核心,hé xīn,core; nucleus,,
盒,hé,small box; case,,
黑,Hēi,abbr. for Heilongjiang province 黑龙江,,
黑暗,hēi àn,dark; darkly; darkness,,
黑色,hēi sè,black,,
嘿,hēi,hey,,
很,hěn,(adverb of degree); quite; very; awfully,,
狠,hěn,ruthless; fierce; ferocious; determined; to harden (one's heart); old variant of 很,,
恨,hèn,to hate; to regret,,
哼,hēng,to groan; to snort; to hum; to croon; humph!,,
红,Hóng,surname Hong,,
红色,hóng sè,red (color); revolutionary,,
吼,hǒu,to roar; to howl; to shriek; roar or howl of an animal; bellow of rage,,
后,Hòu,surname Hou,,
后果,hòu guǒ,consequences; aftermath,,
后悔,hòu huǐ,to regret; to feel remorse,,
后来,hòu lái,afterwards; later; newly arrived,,
后面,hòu mian,the back; the rear; the last bit; behind; near the end; at the back; later; afterwards,,
厚,hòu,thick; deep or profound; kind; generous; rich or strong in flavor; to favor; to stress,,
呼吸,hū xī,to breathe,,
湖,hú,lake,,
虎,hǔ,tiger,,
互相,hù xiāng,each other; mutually; mutual,,
户,hù,a household; door; family,,
护,hù,to protect,,
护士,hù shi,nurse,,
花,Huā,surname Hua,,
花园,huā yuán,garden,,
滑,Huá,surname Hua,,
化,huā,variant of 花,,
化学,huà xué,chemistry; chemical,,
划,huá,to row; to paddle; profitable; worth (the effort); it pays (to do sth),,
画,huà,to draw; to paint; picture; painting; to draw (a line) (variant of 划); stroke of a Chinese character (variant of 划); (calligraphy) horizontal stroke (variant of 划),,
画面,huà miàn,scene; tableau; picture; image; screen (displayed by a computer); (motion picture) frame; field of view,,
话,huà,dialect; language; spoken words; speech; talk; words; conversation; what sb said,,
话题,huà tí,subject (of a talk or conversation); topic,,
怀念,huái niàn,to cherish the memory of; to think of; to reminisce,,
怀疑,huái yí,to doubt (sth); to be skeptical of; to have one's doubts; to harbor suspicions; to suspect that,,
怀孕,huái yùn,pregnant; to have conceived; gestation; pregnancy,,
坏,huài,bad; spoiled; broken; to break down; (suffix) to the utmost,,
环,Huán,surname Huan,,
环节,huán jié,"(zoology) segment (of the body of a worm, centipede etc); (fig.) a part of an integrated whole: aspect (of a project), element (of a policy), sector (of the economy), stage (of a process) etc",,
环境,huán jìng,environment; circumstances; surroundings; ambient,,
幻想,huàn xiǎng,delusion; fantasy,,
换,huàn,to exchange; to change (clothes etc); to substitute; to switch; to convert (currency),,
患,huàn,to suffer (from illness); to contract (a disease); misfortune; trouble; danger; worry,,
患者,huàn zhě,patient; sufferer,,
欢乐,huān lè,gaiety; gladness; glee; merriment; pleasure; happy; joyous; gay,,
欢迎,huān yíng,to welcome; welcome,,
黄,Huáng,surname Huang or Hwang,,
黄金,huáng jīn,gold; golden (opportunity); prime (time),,
灰,huī,ash; dust; lime; gray; discouraged; dejected,,
恢复,huī fù,to reinstate; to resume; to restore; to recover; to regain; to rehabilitate,,
挥,huī,to wave; to brandish; to command; to conduct; to scatter; to disperse,,
回,huí,to circle; to go back; to turn around; to answer; to return; to revolve; Hui ethnic group (Chinese Muslims); time; classifier for acts of a play; section or chapter (of a classic book),,
回报,huí bào,(in) return; reciprocation; payback; retaliation; to report back; to reciprocate,,
回答,huí dá,to reply; to answer; reply; answer,,
回到,huí dào,to return to,,
回复,huí fù,to reply; to recover; to return (to a previous condition); Re: in reply to (email),,
回归,huí guī,to return to; to retreat; regression (statistics),,
回家,huí jiā,to return home,,
回来,huí lai,to return; to come back,,
回去,huí qu,to return; to go back,,
回头,huí tóu,to turn round; to turn one's head; later; by and by,,
回忆,huí yì,to recall; memories,,
毁,huǐ,to destroy; to ruin; to defame; to slander,,
会,huì,can; to have the skill; to know how to; to be likely to; to be sure to; to meet; to get together; meeting; gathering; (suffix) union; group; association; (bound form) a moment (Taiwan pr. [huǐ]),,
会见,huì jiàn,to meet with (sb who is paying a visit),,
会议,huì yì,meeting; conference,,
婚礼,hūn lǐ,wedding ceremony; wedding,,
婚姻,hūn yīn,matrimony; wedding; marriage,,
混,hún,confused; dirty; to mix; muddy; variant of 浑,,
混合,hùn hé,to mix; to blend; hybrid; composite,,
混乱,hùn luàn,confusion; chaos; disorder,,
活,huó,to live; alive; living; work; workmanship,,
活动,huó dòng,to exercise; to move about; to operate; to use connections (personal influence); loose; shaky; active; movable; activity; campaign; maneuver; behavior,,
活力,huó lì,energy; vitality; vigor; vital force,,
火,Huǒ,surname Huo,,
火车,huǒ chē,train,,
火箭,huǒ jiàn,rocket,,
伙伴,huǒ bàn,partner; companion; comrade,,
或,huò,maybe; perhaps; might; possibly; or,,
或是,huò shì,or; either one or the other,,
或许,huò xǔ,perhaps; maybe,,
或者,huò zhě,or; possibly; maybe; perhaps,,
货,huò,goods; money; commodity,,
获,huò,(literary) to catch; to capture; (literary) to get; to obtain; to win,,
获得,huò dé,to obtain; to receive; to get,,
获胜,huò shèng,victorious; to win; to triumph,,
机场,jī chǎng,airport; airfield; (slang) service provider for Shadowsocks or similar software for circumventing Internet censorship,,
机构,jī gòu,mechanism; structure; organization; agency; institution,,
机关,jī guān,mechanism; gear; machine-operated; office; agency; organ; organization; establishment; institution; body; stratagem; scheme; intrigue; plot; trick,,
机会,jī huì,opportunity; chance; occasion,,
机器,jī qì,machine,,
机械,jī xiè,machine; machinery; mechanical; (old) cunning; scheming,,
肌肉,jī ròu,muscle; flesh,,
鸡,jī,fowl; chicken; (slang) prostitute,,
鸡蛋,jī dàn,(chicken) egg; hen's egg,,
积极,jī jí,active; energetic; vigorous; positive (outlook); proactive,,
基本,jī běn,basic; fundamental; main; elementary,,
基本上,jī běn shang,basically; on the whole,,
基础,jī chǔ,base; foundation; basis; basic; fundamental,,
基地,jī dì,base (of operations); industrial or military base; al-Qaeda,,
基金,jī jīn,fund,,
基因,jī yīn,gene (loanword),,
基于,jī yú,because of; on the basis of; in view of; on account of,,
激动,jī dòng,to move emotionally; to stir up (emotions); to excite,,
激烈,jī liè,(of competition or fighting) intense; fierce; (of pain) acute; (of an expression of opinion) impassioned; vehement; (of a course of action) drastic; extreme,,
激情,jī qíng,passion; fervor; enthusiasm; strong emotion,,
及,jí,and; to reach; up to; in time for,,
及时,jí shí,timely; at the right time; promptly; without delay,,
级,jí,"level; grade; rank; step (of stairs); classifier: step, level",,
即,jí,namely; that is; i.e.; prompt; at once; at present; even if; prompted (by the occasion); to approach; to come into contact; to assume (office); to draw near,,
即便,jí biàn,even if; even though; right away; immediately,,
即将,jí jiāng,on the eve of; to be about to; to be on the verge of,,
即使,jí shǐ,even if; even though,,
极,jí,"extremely; pole (geography, physics); utmost; top",,
极了,jí le,extremely; exceedingly,,
急,jí,urgent; pressing; rapid; hurried; worried; to make (sb) anxious,,
疾病,jí bìng,disease; sickness; ailment,,
集,jí,to gather; to collect; collected works; classifier for sections of a TV series etc: episode,,
集体,jí tǐ,collective (decision); joint (effort); a group; a team; en masse; as a group,,
集团,jí tuán,group; bloc; corporation; conglomerate,,
集中,jí zhōng,to concentrate; to centralize; to focus; centralized; concentrated; to put together,,
几,jī,small table,,
几乎,jī hū,almost; nearly; practically,,
挤,jǐ,to crowd in; to cram in; to force others aside; to press; to squeeze; to find (time in one's busy schedule),,
计,Jì,surname Ji,,
计划,jì huà,plan; project; program; to plan; to map out,,
计算,jì suàn,to count; to calculate; to compute,,
计算机,jì suàn jī,computer; (Tw) calculator,,
记,jì,"to record; to note; to memorize; to remember; mark; sign; classifier for blows, kicks, shots",,
记得,jì de,to remember,,
记录,jì lù,to record; record (written account); note-taker; record (in sports etc),,
记忆,jì yì,to remember; to recall; memory,,
记者,jì zhě,reporter; journalist,,
记住,jì zhu,to remember; to bear in mind; to learn by heart,,
纪录,jì lù,"variant of 记录 (but in Taiwan, not for the verb sense ""to record"")",,
纪念,jì niàn,to commemorate; to honor the memory of; memento; keepsake; souvenir,,
技巧,jì qiǎo,skill; technique,,
技术,jì shù,technology; technique; skill,,
剂,jì,dose (medicine),,
季,Jì,surname Ji,,
既,jì,already; since; both... (and...),,
既然,jì rán,since; as; this being the case,,
继续,jì xù,to continue; to proceed with; to go on with,,
寂寞,jì mò,lonely; lonesome; (of a place) quiet; silent,,
寄,jì,to send; to mail; to entrust; to depend on; to attach oneself to; to live (in a house); to lodge; foster (son etc),,
加,Jiā,Canada (abbr. for 大); surname Jia,,
加快,jiā kuài,to accelerate; to speed up,,
加强,jiā qiáng,to reinforce; to strengthen; to enhance,,
加入,jiā rù,to become a member; to join; to mix into; to participate in; to add in,,
加上,jiā shàng,plus; to put in; to add; to add on; to add into; in addition; on top of that,,
加速,jiā sù,to speed up; to expedite,,
加油,jiā yóu,to add oil; to top up with gas; to refuel; to accelerate; to step on the gas; (fig.) to make an extra effort; to cheer sb on,,
夹,jiā,to press from either side; to place in between; to sandwich; to carry sth under armpit; wedged between; between; to intersperse; to mix; to mingle; clip; folder; Taiwan pr. [jiá],,
家,jiā,used in 家伙 and 家俱,,
家伙,jiā huo,variant of 伙,,
家里,jiā lǐ,home,,
家人,jiā rén,family member; (old) servant,,
家庭,jiā tíng,family; household,,
家长,jiā zhǎng,head of a household; family head; patriarch; parent or guardian of a child,,
家族,jiā zú,family; clan,,
甲,jiǎ,"first of the ten Heavenly Stems 干; (used for an unspecified person or thing); first (in a list, as a party to a contract etc); letter ""A"" or roman ""I"" in list ""A, B, C"", or ""I, II, III"" etc; armor plating; shell or carapace; (of the fingers or toes) nail; bladed leather or metal armor (old); ranking system used in the Imperial examinations (old); civil administration unit in the baojia 甲 system (old); ancient Chinese compass point: 75°",,
假,gēi,used in 掰,,
假如,jiǎ rú,if,,
价,jià,price; value; (chemistry) valence,,
价格,jià gé,price,,
价值,jià zhí,"value; worth; fig. values (ethical, cultural etc)",,
驾驶,jià shǐ,"to pilot (ship, airplane etc); to drive",,
架,jià,"to support; frame; rack; framework; classifier for planes, large vehicles, radios etc",,
嫁,jià,(of a woman) to marry; to marry off a daughter; to shift (blame etc),,
坚持,jiān chí,to persevere with; to persist in; to insist on,,
坚强,jiān qiáng,staunch; strong,,
间,jiān,between; among; within a definite time or space; room; section of a room or lateral space between two pairs of pillars; classifier for rooms,,
艰难,jiān nán,difficult; hard; challenging,,
监督,jiān dū,to control; to supervise; to inspect,,
监控,jiān kòng,to monitor,,
监狱,jiān yù,prison,,
减,jiǎn,to lower; to decrease; to reduce; to subtract; to diminish,,
减肥,jiǎn féi,to lose weight,,
减少,jiǎn shǎo,to lessen; to decrease; to reduce; to lower,,
剪,Jiǎn,surname Jian,,
检测,jiǎn cè,to detect; to test; detection; sensing,,
检查,jiǎn chá,inspection; to examine; to inspect,,
检验,jiǎn yàn,to inspect; to examine; to test,,
简单,jiǎn dān,simple; not complicated,,
简直,jiǎn zhí,simply; really,,
见,jiàn,to see; to meet; to appear (to be sth); to interview; opinion; view,,
见到,jiàn dào,to see,,
见面,jiàn miàn,to meet; to see each other,,
件,jiàn,"item; component; classifier for events, things, clothes etc",,
建,jiàn,to establish; to found; to set up; to build; to construct,,
建立,jiàn lì,to establish; to set up; to found,,
建议,jiàn yì,to propose; to suggest; to recommend; proposal; suggestion; recommendation,,
建造,jiàn zào,to construct; to build,,
建筑,jiàn zhù,to construct; building,,
剑,jiàn,double-edged sword; classifier for blows of a sword,,
健康,jiàn kāng,health; healthy,,
将,jiāng,"will; shall; to use; to take; to checkmate; just a short while ago; (introduces object of main verb, used in the same way as 把)",,
将军,Jiāng jūn,(common place name),,
将来,jiāng lái,in the future; future; the future,,
讲,jiǎng,to speak; to explain; to negotiate; to emphasize; to be particular about; as far as sth is concerned; speech; lecture,,
讲话,jiǎng huà,a speech; to speak; to talk; to address,,
奖,jiǎng,prize; award; encouragement,,
奖金,jiǎng jīn,premium; award money; bonus,,
奖励,jiǎng lì,to reward; reward (as encouragement),,
降,jiàng,to drop; to fall; to come down; to descend,,
降低,jiàng dī,to reduce; to lower; to bring down,,
交,jiāo,to hand over; to deliver; to pay (money); to turn over; to make friends; to intersect (lines); variant of 跤,,
交给,jiāo gěi,to give; to deliver; to hand over,,
交换,jiāo huàn,to exchange; to swap; to switch (telecom); commutative (math); to commute,,
交流,jiāo liú,to exchange; exchange; communication; interaction; to have social contact (with sb),,
交通,jiāo tōng,to be connected; traffic; transportation; communications; liaison,,
交往,jiāo wǎng,to associate (with); to have contact (with); to hang out (with); to date; (interpersonal) relationship; association; contact,,
交易,jiāo yì,to deal; to trade; to transact; transaction; deal,,
骄傲,jiāo ào,pride; arrogance; conceited; proud of sth,,
角,Jué,surname Jue,,
角度,jiǎo dù,angle; point of view,,
角色,jué sè,role; character in a novel; persona; also pr. [jiǎo sè],,
脚,jiǎo,foot; leg (of an animal or an object); base (of an object); classifier for kicks,,
叫,jiào,to shout; to call; to order; to ask; to be called; by (indicates agent in the passive mood),,
轿车,jiào chē,enclosed carriage for carrying passengers; motor carriage; car or bus; limousine,,
较,jiào,to compare; to dispute; compared to; (before adj.) relatively; comparatively; rather; also pr. [jiǎo],,
教,Jiào,surname Jiao,,
教练,jiào liàn,instructor; sports coach; trainer,,
教师,jiào shī,teacher,,
教授,jiào shòu,professor; to instruct; to lecture on,,
教训,jiào xun,to provide guidance; to lecture sb; to upbraid; a talking-to; a bitter lesson,,
教育,jiào yù,to educate; to teach; education,,
阶段,jiē duàn,stage; section; phase; period,,
皆,jiē,all; each and every; in all cases,,
接,jiē,to receive; to answer (the phone); to meet or welcome sb; to connect; to catch; to join; to extend; to take one's turn on duty; to take over for sb,,
接触,jiē chù,to touch; to contact; access; in touch with,,
接到,jiē dào,to receive (letter etc),,
接近,jiē jìn,to approach; to get close to,,
接受,jiē shòu,to accept; to receive,,
接下来,jiē xià lái,to accept; to take; next; following,,
接着,jiē zhe,to catch and hold on; to continue; to go on to do sth; to follow; to carry on; then; after that; subsequently; to proceed; to ensue; in turn; in one's turn,,
街,jiē,street,,
街道,jiē dào,street; subdistrict; residential district,,
节,jiē,see 节骨眼,,
节目,jié mù,program; item (on a program),,
节日,jié rì,holiday; festival,,
结,jiē,(of a plant) to produce (fruit or seeds); Taiwan pr. [jié],,
结构,jié gòu,structure; composition; makeup; architecture,,
结果,jiē guǒ,to bear fruit,,
结合,jié hé,to combine; to link; to integrate; binding,,
结婚,jié hūn,to marry; to get married,,
结局,jié jú,conclusion; ending,,
结论,jié lùn,conclusion; verdict; to conclude; to reach a verdict,,
结束,jié shù,termination; to finish; to end; to conclude; to close,,
解,Xiè,surname Xie,,
解放,jiě fàng,to liberate; to emancipate; liberation; refers to the Communists' victory over the Nationalists in 1949,,
解决,jiě jué,"to solve; to resolve; to settle (a problem); to eliminate; to wipe out (an enemy, bandits etc)",,
解释,jiě shì,explanation; to explain; to interpret; to resolve,,
介绍,jiè shào,to introduce (sb to sb); to give a presentation; to present (sb for a job etc); introduction,,
戒,jiè,to guard against; to exhort; to admonish or warn; to give up or stop doing sth; Buddhist monastic discipline; ring (for a finger),,
届,jiè,"to arrive at (place or time); period; to become due; classifier for events, meetings, elections, sporting fixtures, years (of graduation)",,
界,jiè,(bound form) boundary; border; (bound form) realm,,
借,jiè,to lend; to borrow; by means of; to take (an opportunity),,
姐,jiě,older sister,,
姐姐,jiě jie,older sister,,
姐妹,jiě mèi,"sisters; siblings; sister (school, city etc)",,
今后,jīn hòu,hereafter; henceforth; in the future; from now on,,
今年,jīn nián,this year,,
今日,jīn rì,today,,
今天,jīn tiān,today; at the present; now,,
金,Jīn,surname Jin; surname Kim (Korean); Jurchen Jin dynasty (1115-1234),,
金属,jīn shǔ,metal,,
仅,jǐn,barely; only; merely,,
仅仅,jǐn jǐn,barely; only; merely; only (this and nothing more),,
尽,jǐn,to the greatest extent; (when used before a noun of location) furthest or extreme; to be within the limits of; to give priority to,,
尽管,jǐn guǎn,"despite; although; even though; in spite of; unhesitatingly; do not hesitate (to ask, complain etc); (go ahead and do it) without hesitating",,
尽快,jǐn kuài,as quickly as possible; as soon as possible,,
尽量,jǐn liàng,as much as possible; to the greatest extent,,
紧,jǐn,tight; strict; close at hand; near; urgent; tense; hard up; short of money; to tighten,,
紧急,jǐn jí,urgent; emergency,,
紧张,jǐn zhāng,nervous; keyed up; intense; tense; strained; in short supply; scarce,,
近,jìn,near; close to; approximately,,
进,jìn,to go forward; to advance; to go in; to enter; to put in; to submit; to take in; to admit; (math.) base of a number system; classifier for sections in a building or residential compound,,
进步,jìn bù,progress; improvement; to improve; to progress,,
进攻,jìn gōng,to attack; to assault; to go on the offensive; attack; assault; offense (sports),,
进来,jìn lái,to come in,,
进去,jìn qù,to go in,,
进入,jìn rù,to enter; to join; to go into,,
进行,jìn xíng,to advance; to conduct; underway; in progress; to do; to carry out; to carry on; to execute,,
进一步,jìn yī bù,"to go a step further; (develop, understand, improve etc) more; further",,
进展,jìn zhǎn,to make headway; to make progress,,
禁止,jìn zhǐ,to prohibit; to forbid; to ban,,
经,Jīng,surname Jing,,
经常,jīng cháng,frequently; constantly; regularly; often; day-to-day; everyday; daily,,
经典,jīng diǎn,"the classics; scriptures; classical; classic (example, case etc); typical",,
经过,jīng guò,to pass; to go through; process; course,,
经济,jīng jì,economy; economic,,
经理,jīng lǐ,manager; director,,
经历,jīng lì,experience; to experience; to go through,,
经验,jīng yàn,experience; to experience,,
经营,jīng yíng,to engage in (business etc); to run; to operate,,
惊,jīng,to startle; to be frightened; to be scared; alarm,,
惊喜,jīng xǐ,nice surprise; to be pleasantly surprised,,
惊讶,jīng yà,amazed; astonished; to surprise; amazing; astonishment; awe,,
精,jīng,essence; extract; vitality; energy; semen; sperm; mythical goblin spirit; highly perfected; elite; the pick of sth; proficient (refined ability); extremely (fine); selected rice (archaic),,
精彩,jīng cǎi,wonderful; marvelous; brilliant,,
精力,jīng lì,energy,,
精神,jīng shén,spirit; mind; consciousness; thought; mental; psychological; essence; gist,,
井,Jǐng,"Jing, one of the 28 constellations of Chinese astronomy; surname Jing",,
警察,jǐng chá,police; police officer,,
警告,jǐng gào,to warn; to admonish,,
竞争,jìng zhēng,to compete; competition,,
竟,jìng,unexpectedly; actually; to go so far as to; indeed,,
竟然,jìng rán,unexpectedly; to one's surprise; in spite of everything; in that crazy way; actually; to go as far as to,,
静,jìng,still; calm; quiet; not moving,,
镜头,jìng tóu,camera lens; camera shot (in a movie etc); scene,,
究竟,jiū jìng,to go to the bottom of a matter; after all; when all is said and done; (in an interrogative sentence) finally; outcome; result,,
九,jiǔ,nine; 9,,
久,jiǔ,(long) time; (long) duration of time,,
酒,jiǔ,wine (esp. rice wine); liquor; spirits; alcoholic beverage,,
酒吧,jiǔ bā,bar; pub; saloon,,
酒店,jiǔ diàn,wine shop; pub (public house); hotel; restaurant; (Tw) hostess club,,
旧,jiù,old; opposite: new 新; former; worn (with age),,
救,jiù,variant of 救,,
就,jiù,(after a suppositional clause) in that case; then; (after a clause of action) as soon as; immediately after; (same as 是) merely; nothing else but; simply; just; precisely; exactly; only; as little as; as much as; as many as; to approach; to move towards; to undertake; to engage in; (often followed by 着) taking advantage of; (of food) to go with; with regard to; concerning; (pattern: 就 ... 也 ...) even if ... still ...; (pattern: 不 ... 就 ...) if not ... then must be ...,,
就是,jiù shì,exactly; precisely; only; simply; just; (used correlatively with 也) even; even if,,
就算,jiù suàn,(coll.) even if,,
就要,jiù yào,will; shall; to be going to,,
居民,jū mín,resident; inhabitant,,
居然,jū rán,unexpectedly; to one's surprise; go so far as to,,
局,jú,narrow,,
局面,jú miàn,aspect; phase; situation,,
局长,jú zhǎng,bureau chief,,
举,jǔ,variant of 举,,
举办,jǔ bàn,to conduct; to hold,,
举行,jǔ xíng,"to hold (a meeting, ceremony etc)",,
巨大,jù dà,huge; immense; very large; tremendous; gigantic; enormous,,
句,gōu,variant of 勾,,
拒绝,jù jué,to refuse; to decline; to reject,,
具体,jù tǐ,concrete; definite; specific,,
具有,jù yǒu,to have; to possess,,
俱乐部,jù lè bù,club (the organisation or its premises) (loanword),,
剧,jù,"theatrical work (play, opera, TV series etc); dramatic (change, increase etc); acute; severe",,
据,jù,variant of 据,,
据说,jù shuō,it is said that; reportedly,,
距离,jù lí,distance; to be apart from,,
聚,jù,to congregate; to assemble; to mass; to gather together; to amass; to polymerize,,
聚会,jù huì,party; gathering; to meet; to get together,,
卷,juǎn,"to roll up; roll; classifier for small rolled things (wad of paper money, movie reel etc)",,
决定,jué dìng,to decide (to do something); to resolve; decision; certainly,,
决赛,jué sài,finals (of a competition),,
绝,jué,to cut short; extinct; to disappear; to vanish; absolutely; by no means,,
绝对,jué duì,absolute; unconditional,,
觉,jiào,a nap; a sleep,,
觉得,jué de,to think that ...; to feel that ...; to feel (uncomfortable etc),,
军队,jūn duì,armed forces; troops,,
军事,jūn shì,military affairs; (attributive) military,,
咖啡,kā fēi,coffee (loanword),,
卡,kǎ,"to stop; to block; (computing) (coll.) slow; (loanword) card; truck (from ""car""); calorie (abbr. for 里); cassette",,
开,kāi,"to open (transitive or intransitive); (of ships, vehicles, troops etc) to start; to turn on; to put in operation; to operate; to run; to boil; to write out (a prescription, check, invoice etc); (directional complement) away; off; carat (gold); abbr. for Kelvin, 开尔文; abbr. for 开本, book format",,
开车,kāi chē,to drive a car,,
开发,kāi fā,to exploit (a resource); to open up (for development); to develop,,
开放,kāi fàng,to bloom; to open; to be open (to the public); to open up (to the outside); to be open-minded; unrestrained by convention; unconstrained in one's sexuality,,
开口,kāi kǒu,to open one's mouth; to start to talk,,
开始,kāi shǐ,to begin; beginning; to start; initial,,
开玩笑,kāi wán xiào,to play a joke; to make fun of; to joke,,
开心,kāi xīn,to feel happy; to rejoice; to have a great time; to make fun of sb,,
砍,kǎn,to chop; to cut down; to throw sth at sb,,
看,kān,to look after; to take care of; to watch; to guard,,
看出,kàn chū,to make out; to see,,
看到,kàn dào,to see,,
看法,kàn fǎ,way of looking at a thing; view; opinion,,
看见,kàn jiàn,to see; to catch sight of,,
看来,kàn lai,apparently; it seems that,,
看起来,kàn qǐ lai,seemingly; apparently; looks as if; appear to be; gives the impression that; seems on the face of it to be,,
看上去,kàn shang qu,it would appear; it seems (that),,
考,kǎo,to beat; to hit; variant of 考; to inspect; to test; to take an exam,,
考虑,kǎo lǜ,to think over; to consider; consideration,,
考试,kǎo shì,to take an exam; exam,,
考验,kǎo yàn,to test; to put to the test; trial; ordeal,,
烤,kǎo,to roast; to bake; to broil,,
靠,kào,to lean against or on; to stand by the side of; to come near to; to depend on; to trust; to fuck (vulgar); traditional military costume drama where the performers wear armor (old),,
靠近,kào jìn,to be close to; to approach; to draw near,,
科,kē,branch of study; administrative section; division; field; branch; stage directions; family (taxonomy); rules; laws; to mete out (punishment); to levy (taxes etc); to fine sb,,
科技,kē jì,science and technology,,
科学,kē xué,science; scientific knowledge; scientific; rational,,
科学家,kē xué jiā,scientist,,
颗,kē,"classifier for small spheres, pearls, corn grains, teeth, hearts, satellites etc",,
可,kě,(prefix) can; may; able to; -able; to approve; to permit; to suit; (particle used for emphasis) certainly; very,,
可爱,kě ài,adorable; cute; lovely,,
可怜,kě lián,pitiful; pathetic; to have pity on,,
可能,kě néng,might (happen); possible; probable; possibility; probability; maybe; perhaps,,
可怕,kě pà,awful; dreadful; fearful; formidable; frightful; scary; hideous; horrible; terrible; terribly,,
可是,kě shì,but; however; (used for emphasis) indeed,,
可惜,kě xī,it is a pity; what a pity; unfortunately,,
可以,kě yǐ,can; may; possible; able to; not bad; pretty good,,
渴望,kě wàng,to thirst for; to long for,,
克,Kè,"abbr. for 克罗地亚, Croatia; (Tw) abbr. for 克罗埃西亚, Croatia",,
刻,kè,quarter (hour); moment; to carve; to engrave; to cut; oppressive; classifier for short time intervals,,
客户,kè hù,client; customer,,
客人,kè rén,visitor; guest; customer; client,,
课,kè,subject; course; class; lesson; to levy; tax; form of divination,,
课程,kè chéng,course; academic program,,
肯,kěn,old variant of 肯,,
肯定,kěn dìng,to be certain; to be positive; assuredly; definitely; to give recognition; to affirm; affirmative (answer),,
坑,kēng,pit; depression; hollow; tunnel; hole in the ground; (archaic) to bury alive; to hoodwink; to cheat (sb),,
空,kōng,empty; air; sky; in vain,,
空间,kōng jiān,"space; room; (fig.) scope; leeway; (astronomy) outer space; (physics, math.) space",,
空气,kōng qì,air; atmosphere,,
空中,kōng zhōng,in the sky; in the air,,
恐怖,kǒng bù,terrible; frightful; frightening; terror; terrorist,,
恐惧,kǒng jù,to be frightened; fear; dread,,
恐怕,kǒng pà,fear; to dread; I'm afraid that...; perhaps; maybe,,
控制,kòng zhì,to control,,
口,kǒu,"mouth; classifier for things with mouths (people, domestic animals, cannons, wells etc); classifier for bites or mouthfuls",,
扣,kòu,"to fasten; to button; button; buckle; knot; to arrest; to confiscate; to deduct (money); discount; to knock; to smash, spike or dunk (a ball); to cover (with a bowl etc); (fig.) to tag a label on sb; (Tw) (loanword) code",,
哭,kū,to cry; to weep,,
苦,kǔ,bitter; hardship; pain; to suffer; to bring suffering to; painstakingly,,
库,kù,warehouse; storehouse; (file) library,,
裤子,kù zi,"variant of 裤子, trousers; pants",,
酷,kù,ruthless; strong (e.g. of wine); (loanword) cool; hip,,
块,kuài,"lump; chunk; piece; classifier for pieces of cloth, cake, soap etc; (coll.) classifier for money and currency units",,
快,kuài,rapid; quick; speed; rate; soon; almost; to make haste; clever; sharp (of knives or wits); forthright; plainspoken; gratified; pleased; pleasant,,
快乐,kuài lè,happy; joyful,,
快速,kuài sù,fast; high-speed; rapid,,
宽,Kuān,surname Kuan,,
狂,kuáng,mad; wild; violent,,
困,kùn,to trap; to surround; hard-pressed; stranded; destitute,,
困难,kùn nan,difficult; challenging; straitened circumstances; difficult situation,,
扩大,kuò dà,to expand; to enlarge; to broaden one's scope,,
垃圾,lā jī,trash; refuse; garbage; (coll.) of poor quality; Taiwan pr. [lè sè],,
拉,lā,to pull; to play (a bowed instrument); to drag; to draw; to chat; (coll.) to empty one's bowels,,
辣,là,old variant of 辣,,
啦,lā,"(onom.) sound of singing, cheering etc; (phonetic); (dialect) to chat",,
啦啦队,lā lā duì,cheerleading squad,,
来,lái,"to come; (used as a substitute for a more specific verb); hither (directional complement for motion toward the speaker, as in 回来); ever since (as in 自古以来); for the past (amount of time); (prefix) the coming ...; the next ... (as in 来世); (between two verbs) in order to; (after a round number) approximately; (used after 得 to indicate possibility, as in 谈得来, or after 不 to indicate impossibility, as in 吃不来)",,
来到,lái dào,to arrive; to come,,
来源,lái yuán,source (of information etc); origin,,
来自,lái zì,to come from (a place); From: (in email header),,
蓝,Lán,surname Lan,,
蓝色,lán sè,blue (color),,
篮球,lán qiú,basketball,,
烂,làn,soft; mushy; well-cooked and soft; to rot; to decompose; rotten; worn out; chaotic; messy; utterly; thoroughly; crappy; bad,,
狼,láng,wolf,,
浪费,làng fèi,to waste; to squander,,
浪漫,làng màn,romantic,,
老,lǎo,prefix used before the surname of a person or a numeral indicating the order of birth of the children in a family or to indicate affection or familiarity; old (of people); venerable (person); experienced; of long standing; always; all the time; of the past; very; outdated; (of meat etc) tough,,
老板,lǎo bǎn,variant of 老板,,
老大,lǎo dà,old age; very; eldest child in a family; leader of a group; boss; captain of a boat; leader of a criminal gang,,
老公,lǎo gōng,(coll.) husband,,
老婆,lǎo pó,(coll.) wife,,
老人,lǎo rén,old man or woman; the elderly; one's aged parents or grandparents,,
老师,lǎo shī,teacher,,
乐,Lè,surname Le,,
乐队,yuè duì,band; pop group,,
了,le,"(completed action marker); (modal particle indicating change of state, situation now); (modal particle intensifying preceding clause)",,
了解,liǎo jiě,to understand; to realize; to find out,,
勒,lè,"to rein in; to compel; to force; to carve; to engrave; (literary) to command; to lead; bridle; (physics) abbr. for 斯, lux",,
雷,Léi,surname Lei,,
类,lèi,kind; type; class; category; similar; like; to resemble,,
类似,lèi sì,similar; analogous,,
类型,lèi xíng,type; kind; category; (computer programming) type,,
累,lěi,to accumulate; to involve or implicate (Taiwan pr. [lèi]); continuous; repeated,,
冷,Lěng,surname Leng,,
冷静,lěng jìng,calm; cool-headed; dispassionate; (of a place) deserted; quiet,,
离,chī,mythical beast (archaic),,
离婚,lí hūn,to divorce,,
离开,lí kāi,to depart; to leave,,
礼,Lǐ,"surname Li; abbr. for 礼记, Classic of Rites",,
礼物,lǐ wù,gift; present,,
里,lǐ,variant of 里,,
里面,lǐ miàn,inside; interior; also pr. [lǐ mian],,
理,lǐ,texture; grain (of wood); inner essence; intrinsic order; reason; logic; truth; science; natural science (esp. physics); to manage; to pay attention to; to run (affairs); to handle; to put in order; to tidy up,,
理解,lǐ jiě,to comprehend; to understand,,
理论,lǐ lùn,theory; to argue; to take notice of,,
理想,lǐ xiǎng,an ideal; a dream; ideal; perfect,,
理由,lǐ yóu,reason; grounds; justification,,
力,Lì,surname Li,,
力量,lì liang,power; force; strength,,
历史,lì shǐ,history,,
厉害,lì hai,"(used to describe sb or sth that makes a very strong impression, whether favorable or unfavorable) terrible; intense; severe; devastating; amazing; awesome; outstanding; (of a person) stern; strict; harsh; shrewd; tough; (of an animal) fierce; (of a resemblance) striking; (of liquor or chili pepper) strong; (of bacteria) virulent",,
立,Lì,surname Li,,
立即,lì jí,immediately,,
立刻,lì kè,forthwith; immediate; prompt; promptly; straightway; thereupon; at once,,
利,Lì,surname Li,,
利润,lì rùn,profits,,
利益,lì yì,benefit; (in sb's) interest,,
利用,lì yòng,to exploit; to make use of; to use; to take advantage of; to utilize,,
例如,lì rú,for example; for instance; such as,,
俩,liǎ,two (colloquial equivalent of 两个); both; some,,
连,Lián,surname Lian,,
连接,lián jiē,to link; to join; to connect,,
连续,lián xù,continuous; in a row; serial; consecutive,,
联邦,lián bāng,federal; federation; commonwealth; federal union; federal state; union,,
联合,lián hé,to combine; to join; unite; alliance,,
联盟,lián méng,alliance; union; coalition,,
联系,lián xì,variant of 联系,,
脸,liǎn,face,,
练,liàn,to practice; to train; to drill; to perfect (one's skill); exercise; (literary) white silk; to boil and scour raw silk,,
练习,liàn xí,to practice; exercise; drill; practice,,
恋爱,liàn ài,(romantic) love; in love; to have an affair,,
良好,liáng hǎo,good; favorable; well; fine,,
两,liǎng,"two; both; some; a few; tael, unit of weight equal to 50 grams (modern) or 1⁄16 of a catty 斤 (old)",,
亮,liàng,bright; clear; resonant; to shine; to show; to reveal,,
辆,liàng,classifier for vehicles,,
量,liáng,to measure,,
聊,liáo,to chat; to depend upon (literary); temporarily; just; slightly,,
聊天,liáo tiān,to chat; to gossip,,
料,liào,material; stuff; grain; feed; to expect; to anticipate; to guess,,
列,liè,to arrange; to line up; file; series; (in data tables) column; (Tw) row,,
邻居,lín jū,neighbor; next door,,
临时,lín shí,as the time draws near; at the last moment; temporary; interim; ad hoc,,
灵,líng,quick; alert; efficacious; effective; to come true; spirit; departed soul; coffin,,
灵魂,líng hún,soul; spirit,,
凌晨,líng chén,very early in the morning; in the wee hours,,
零,líng,zero; nought; zero sign; fractional; fragmentary; odd (of numbers); (placed between two numbers to indicate a smaller quantity followed by a larger one); fraction; (in mathematics) remainder (after division); extra; to wither and fall; to wither,,
领,lǐng,"neck; collar; to lead; to receive; classifier for clothes, mats, screens etc",,
领导,lǐng dǎo,lead; leading; to lead; leadership; leader,,
领先,lǐng xiān,to lead; to be in front,,
领袖,lǐng xiù,leader,,
领域,lǐng yù,domain; sphere; field; territory; area,,
令,líng,used in 令; used in 狐 (Taiwan pr. [lìng]),,
另,lìng,other; another; separate; separately,,
另外,lìng wài,additional; in addition; besides; separate; other; moreover; furthermore,,
流,liú,"to flow; to disseminate; to circulate or spread; to move or drift; to degenerate; to banish or send into exile; stream of water or sth resembling one; class, rate or grade",,
流行,liú xíng,"(of a contagious disease etc) to spread; to propagate; (of a style of clothing, song etc) popular; fashionable",,
留,liú,old variant of 留,,
留下,liú xià,to leave behind; to stay behind; to remain; to keep; not to let (sb) go,,
六,liù,six; 6,,
龙,Lóng,surname Long,,
楼,Lóu,surname Lou,,
录,lù,to carve wood,,
录像,lù xiàng,to videotape; to videorecord; video recording,,
路,Lù,surname Lu,,
路上,lù shang,on the road; on a journey; road surface,,
路线,lù xiàn,itinerary; route; political line (e.g. right revisionist road),,
露,Lù,surname Lu,,
旅行,lǚ xíng,to travel; journey; trip,,
旅游,lǚ yóu,trip; journey; tourism; travel; tour; to travel,,
律师,lǜ shī,lawyer,,
率,lǜ,rate; frequency,,
绿,lǜ,green; (slang) (derived from 绿帽子) to cheat on (one's spouse or boyfriend or girlfriend),,
绿色,lǜ sè,green,,
乱,luàn,in confusion or disorder; in a confused state of mind; disorder; upheaval; riot; illicit sexual relations; to throw into disorder; to mix up; indiscriminate; random; arbitrary,,
轮,lún,"wheel; disk; ring; steamship; to take turns; to rotate; classifier for big round objects: disk, or recurring events: round, turn",,
罗,Luó,surname Luo,,
落,là,to leave out; to be missing; to leave behind or forget to bring; to lag or fall behind,,
落后,luò hòu,to fall behind; to lag (in technology etc); backward; to retrogress,,
妈,mā,ma; mom; mother,,
妈妈,mā ma,mama; mommy; mother,,
麻烦,má fan,trouble; inconvenience; inconvenient; troublesome; annoying; to bother sb; to put sb to trouble,,
马,Mǎ,surname Ma; abbr. for Malaysia 马来西亚,,
马上,mǎ shàng,at once; right away; immediately; on horseback (i.e. by military force),,
码,mǎ,"weight; number; code; to pile; to stack; classifier for length or distance (yard), happenings etc",,
骂,mà,to scold; to abuse; to curse,,
吗,má,(coll.) what?,,
嘛,má,used in 吽; (Tw) (coll.) what?,,
埋,mái,to bury,,
买,mǎi,to buy; to purchase,,
买卖,mǎi mài,buying and selling; business; business transactions,,
卖,mài,to sell; to betray; to spare no effort; to show off or flaunt,,
蛮,mán,barbarian; bullying; very; quite; rough; reckless,,
满,Mǎn,Manchu ethnic group,,
满意,mǎn yì,satisfied; pleased; to one's satisfaction,,
满足,mǎn zú,to satisfy; to meet (the needs of); satisfied; content,,
慢,màn,slow,,
慢慢,màn màn,slowly,,
忙,máng,busy; hurriedly; to hurry; to rush,,
猫,māo,cat; (dialect) to hide oneself; (coll.) modem,,
毛,Máo,surname Mao,,
矛盾,máo dùn,contradiction; conflicting views; contradictory,,
冒,mào,old variant of 冒,,
冒险,mào xiǎn,to take risks; to take chances; foray; adventure,,
帽子,mào zi,hat; cap; (fig.) label; bad name,,
没,méi,(negative prefix for verbs) have not; not,,
没关系,méi guān xi,it doesn't matter,,
没什么,méi shén me,nothing; it doesn't matter; it's nothing; never mind,,
没有,méi yǒu,haven't; hasn't; doesn't exist; to not have; to not be,,
枚,Méi,surname Mei,,
玫瑰,méi guī,rugosa rose (shrub) (Rosa rugosa); rose flower,,
媒体,méi tǐ,"media, esp. news media",,
每,měi,each; every,,
美,Měi,(bound form) the Americas (abbr. for 洲); (bound form) USA (abbr. for 美国),,
美好,měi hǎo,beautiful; fine,,
美丽,měi lì,beautiful,,
美女,měi nǚ,beautiful woman,,
美元,Měi yuán,American dollar; US dollar,,
妹,mèi,younger sister,,
妹妹,mèi mei,younger sister; young woman,,
魅力,mèi lì,charm; fascination; glamor; charisma,,
门,Mén,surname Men,,
门口,mén kǒu,doorway; gate,,
们,men,"plural marker for pronouns, and nouns referring to individuals",,
蒙,méng,drizzle; mist,,
猛,měng,ferocious; fierce; violent; brave; suddenly; abrupt; (slang) awesome,,
梦,mèng,dream; (bound form) to dream,,
梦想,mèng xiǎng,(fig.) to dream of; dream,,
迷,mí,to bewilder; crazy about; fan; enthusiast; lost; confused,,
米,Mǐ,surname Mi,,
秘密,mì mì,secret; private; confidential; clandestine; a secret,,
密,Mì,surname Mi; name of an ancient state,,
密码,mì mǎ,cipher; secret code; password; PIN,,
免,miǎn,to excuse sb; to exempt; to remove or dismiss from office; to avoid; to avert; to escape; to be prohibited,,
免费,miǎn fèi,free (of charge),,
面,miàn,"face; side; surface; aspect; top; classifier for objects with flat surfaces such as drums, mirrors, flags etc",,
面对,miàn duì,to face; to confront,,
面临,miàn lín,to face sth; to be confronted with,,
面前,miàn qián,in front of; facing; (in the) presence (of),,
描述,miáo shù,to describe; description,,
秒,miǎo,second (unit of time); arc second (angular measurement unit); (coll.) instantly,,
民主,mín zhǔ,democracy,,
民族,mín zú,nationality; ethnic group,,
敏感,mǐn gǎn,sensitive; susceptible,,
名,míng,name; noun (part of speech); place (e.g. among winners); famous; classifier for people,,
名单,míng dān,list of names,,
名人,míng rén,personage; celebrity,,
名字,míng zi,name (of a person or thing),,
明白,míng bai,clear; obvious; unequivocal; to understand; to realize,,
明明,míng míng,obviously; plainly; undoubtedly; definitely,,
明年,míng nián,next year,,
明确,míng què,clear-cut; definite; explicit; to clarify; to specify; to make definite,,
明天,míng tiān,tomorrow,,
明显,míng xiǎn,clear; distinct; obvious,,
明星,míng xīng,star; celebrity,,
命,mìng,"life; fate; order or command; to assign a name, title etc",,
命令,mìng lìng,order; command,,
命运,mìng yùn,fate; destiny,,
摸,mō,to feel with the hand; to touch; to stroke; to grope; to steal; to abstract,,
模式,mó shì,mode; method; pattern,,
模型,mó xíng,model; mold; matrix; pattern,,
末,mò,tip; end; final stage; latter part; inessential detail; powder; dust; opera role of old man,,
某,mǒu,some; a certain; sb or sth indefinite; such-and-such,,
母,mǔ,mother; elderly female relative; origin; source; (of animals) female,,
母亲,mǔ qīn,mother; also pr. [mǔ qin],,
目标,mù biāo,target; goal; objective,,
目的,mù dì,purpose; aim; goal; target; objective,,
目前,mù qián,at the present time; currently,,
幕,mù,curtain or screen; canopy or tent; headquarters of a general; act (of a play),,
嗯,ēn,(a groaning sound),,
拿,ná,old variant of 拿,,
哪,nǎ,how; which,,
哪儿,nǎ r,where?; wherever; anywhere; somewhere; (used in rhetorical questions) how can ...?; how could ...?,,
哪里,nǎ lǐ,where?; somewhere; anywhere; wherever; nowhere (negative answer to question); humble expression denying compliment; also written 哪里,,
哪些,nǎ xiē,which ones?; who?; what?,,
那,Nā,surname Na,,
那边,nà bian,over there; yonder,,
那儿,nà r,there,,
那里,nà li,there; that place,,
那么,nà me,like that; in that way; or so; so; so very much; about; in that case,,
那时,nà shí,then; at that time; in those days,,
那些,nà xiē,those,,
那样,nà yàng,that kind; that sort,,
奶,nǎi,breast; milk; to breastfeed,,
奶奶,nǎi nai,(informal) grandma (paternal grandmother); (respectful) mistress of the house; (coll.) boobies; breasts,,
耐心,nài xīn,to be patient; patience,,
男,nán,"male; Baron, lowest of five orders of nobility 位",,
男朋友,nán péng you,boyfriend,,
男人,nán rén,a man; a male; men,,
男生,nán shēng,schoolboy; male student; boy; guy (young adult male),,
男性,nán xìng,the male sex; a male,,
男子,nán zǐ,a man; a male,,
南,Nán,surname Nan,,
南方,nán fāng,south; the southern part of the country; the South,,
难,nán,difficult (to...); problem; difficulty; difficult; not good,,
难道,nán dào,don't tell me ...; could it be that...?,,
难过,nán guò,to feel sad; to feel unwell; (of life) to be difficult,,
难受,nán shòu,to feel unwell; to suffer pain; to be difficult to bear,,
难以,nán yǐ,"hard to (predict, imagine etc)",,
脑袋,nǎo dai,head; skull; brains; mental capability,,
脑子,nǎo zi,brains; mind,,
闹,nào,variant of 闹,,
呢,ne,"particle indicating that a previously asked question is to be applied to the preceding word (""What about ...?"", ""And ...?""); particle for inquiring about location (""Where is ...?""); particle signaling a pause, to emphasize the preceding words and allow the listener time to take them on board (""ok?"", ""are you with me?""); (at the end of a declarative sentence) particle indicating continuation of a state or action; particle indicating strong affirmation",,
内,nèi,inside; inner; internal; within; interior,,
内部,nèi bù,"interior; inside (part, section); internal",,
内容,nèi róng,content; substance; details,,
内心,nèi xīn,heart; innermost being; (math.) incenter,,
能,Néng,surname Neng,,
能不能,néng bùnéng,Can you,,
能否,néng fǒu,whether or not; can it or can't it; is it possible?,,
能够,néng gòu,to be capable of; to be able to; can,,
能力,néng lì,capability; ability,,
能量,néng liàng,energy; capabilities,,
能源,néng yuán,energy; power source,,
你,nǐ,"you (informal, as opposed to courteous 您)",,
你们,nǐ men,you (plural),,
年,Nián,surname Nian,,
年代,nián dài,a decade of a century (e.g. the Sixties); age; era; period,,
年度,nián dù,"year (e.g. school year, fiscal year); annual",,
年纪,nián jì,age,,
年龄,nián líng,(a person's) age,,
年轻,nián qīng,young,,
念,niàn,"variant of 念, to read aloud",,
娘,niáng,mother; young lady; (coll.) effeminate,,
鸟,diǎo,variant of 屌; penis,,
尿,niào,to urinate; urine,,
您,nín,"you (courteous, as opposed to informal 你)",,
牛,Niú,surname Niu,,
牛奶,niú nǎi,cow's milk,,
农民,nóng mín,peasant; farmer,,
弄,lòng,lane; alley,,
努力,nǔ lì,to make an effort; to try hard; to strive; hard-working; conscientious,,
女,nǚ,female; woman; daughter,,
女儿,nǚ ér,daughter,,
女朋友,nǚ péng you,girlfriend,,
女人,nǚ rén,woman,,
女生,nǚ shēng,schoolgirl; female student; girl,,
女士,nǚ shì,lady; madam; Miss; Ms,,
女性,nǚ xìng,woman; the female sex,,
女子,nǚ zǐ,woman; female,,
暖,nuǎn,old variant of 暖,,
哦,é,to chant,,
欧洲,Oū zhōu,Europe (abbr. for 欧罗巴洲),,
偶尔,ǒu ěr,occasionally; once in a while; sometimes,,
偶像,ǒu xiàng,idol,,
爬,pá,to crawl; to climb; to get up or sit up,,
怕,Pà,surname Pa,,
拍,pāi,to pat; to clap; to slap; to swat; to take (a photo); to shoot (a film); racket (sports); beat (music),,
拍摄,pāi shè,to take (a picture); to shoot (a film),,
拍照,pāi zhào,to take a picture,,
排,pái,"a row; a line; to set in order; to arrange; to line up; to eliminate; to drain; to push open; platoon; raft; classifier for lines, rows etc",,
排除,pái chú,to eliminate; to remove; to exclude; to rule out,,
牌,pái,mahjong tile; playing card; game pieces; signboard; plate; tablet; medal,,
派,pài,clique; school; group; faction; to dispatch; to send; to assign; to appoint; pi (Greek letter Ππ); the circular ratio pi = 3.1415926; (loanword) pie,,
盘,pán,"plate; dish; tray; board; hard drive (computing); to build; to coil; to check; to examine; to transfer (property); to make over; classifier for food: dish, helping; to coil; classifier for coils of wire; classifier for games of chess",,
判,pàn,to judge; to sentence; to discriminate; to discern; clearly distinguishable,,
判断,pàn duàn,to judge; to determine; judgment,,
判决,pàn jué,judgment (by a court of law); to pass judgment on; to sentence,,
旁,páng,"one side; other; different; lateral component of a Chinese character (such as 刂, 亻 etc)",,
旁边,páng biān,side; adjacent place,,
胖,pán,healthy; at ease,,
抛,pāo,to throw; to toss; to fling; to cast; to abandon,,
跑,páo,(of an animal) to paw (the ground),,
泡,pāo,puffed; swollen; spongy; small lake (esp. in place names); classifier for urine or feces,,
陪,péi,to accompany; to keep sb company; to assist; old variant of 赔,,
培训,péi xùn,to cultivate; to train; to groom; training,,
培养,péi yǎng,to cultivate; to breed; to foster; to nurture; to educate; to groom (for a position); education; fostering; culture (biology),,
赔偿,péi cháng,to compensate,,
配,pèi,to join; to fit; to mate; to mix; to match; to deserve; to make up (a prescription); to allocate,,
配合,pèi hé,matching; fitting in with; compatible with; to correspond; to fit; to conform to; rapport; to coordinate with; to act in concert with; to cooperate; to become man and wife; to combine parts of machine,,
喷,pēn,to puff; to spout; to spray; to spurt,,
朋友,péng you,friend,,
碰,pèng,variant of 碰,,
碰到,pèng dào,to come across; to run into; to meet; to hit,,
批,pī,"to ascertain; to act on; to criticize; to pass on; classifier for batches, lots, military flights; tier (for the ranking of universities and colleges)",,
批评,pī píng,to criticize; criticism,,
批准,pī zhǔn,to approve; to ratify,,
皮,Pí,surname Pi,,
皮肤,pí fū,skin,,
啤酒,pí jiǔ,beer (loanword),,
匹,pī,mate; one of a pair,,
屁股,pì gu,buttocks; bottom; butt; back part,,
偏,piān,to lean; to slant; oblique; prejudiced; to deviate from average; to stray from the intended line; stubbornly; contrary to expectations,,
篇,piān,"sheet; piece of writing; bound set of bamboo slips used for record keeping (old); classifier for written items: chapter, article",,
片,piān,disk; sheet,,
骗,piàn,to cheat; to swindle; to deceive; to get on (a horse etc) by swinging one leg over,,
票,piào,"ticket; ballot; banknote; person held for ransom; amateur performance of Chinese opera; classifier for groups, batches, business transactions",,
漂亮,piào liang,pretty; beautiful,,
拼,pīn,to piece together; to join together; to stake all; adventurous; at the risk of one's life; to spell,,
频道,pín dào,frequency; (television) channel,,
品,pǐn,(bound form) article; commodity; product; goods; (bound form) grade; rank; kind; type; variety; character; disposition; nature; temperament; to taste sth; to sample; to criticize; to comment; to judge; to size up; fret (on a guitar or lute),,
品牌,pǐn pái,brand name; trademark,,
平,Píng,surname Ping,,
平安,píng ān,safe and sound; well; without mishap; quiet and safe; at peace,,
平衡,píng héng,balance; equilibrium,,
平静,píng jìng,tranquil; undisturbed; serene,,
平均,píng jūn,average; on average; evenly; in equal proportions,,
平时,píng shí,ordinarily; in normal times; in peacetime,,
评估,píng gū,to evaluate; to assess; assessment; evaluation,,
评价,píng jià,to evaluate; to assess,,
评论,píng lùn,to comment on; to discuss; comment; commentary,,
评委,píng wěi,evaluation committee; judging panel; judging panel member; adjudicator (abbr. for 评选委员会委员),,
凭,píng,variant of 凭,,
苹果,píng guǒ,apple,,
屏幕,píng mù,"screen (TV, computer or movie)",,
瓶,píng,bottle; vase; pitcher; classifier for wine and liquids,,
破,pò,"broken; damaged; worn out; lousy; rotten; to break, split or cleave; to get rid of; to destroy; to break with; to defeat; to capture (a city etc); to expose the truth of",,
破坏,pò huài,destruction; damage; to wreck; to break; to destroy,,
普通,pǔ tōng,common; ordinary; general; average,,
七,qī,seven; 7,,
妻子,qī zǐ,wife and children,,
期,qī,variant of 期; period; cycle,,
期待,qī dài,to look forward to; to await; expectation,,
期间,qī jiān,period of time; time; time period; period,,
期望,qī wàng,to have expectations; to earnestly hope; expectation; hope,,
齐,Qí,(name of states and dynasties at several different periods); surname Qi,,
其,qí,his; her; its; their; that; such; it (refers to sth preceding it),,
其次,qí cì,next; secondly,,
其实,qí shí,actually; in fact; really,,
其他,qí tā,other; (sth or sb) else; the rest,,
其中,qí zhōng,among; in; included among these,,
奇怪,qí guài,strange; odd; to marvel; to be baffled,,
奇迹,qí jì,miracle; miraculous; wonder; marvel,,
骑,jì,(Tw) saddle horse; mounted soldier,,
企业,qǐ yè,company; firm; enterprise; corporation,,
启动,qǐ dòng,to start (a machine); (fig.) to set in motion; to launch (an operation); to activate (a plan),,
起,qǐ,"to rise; to raise; to get up; to set out; to start; to appear; to launch; to initiate (action); to draft; to establish; to get (from a depot or counter); verb suffix, to start; starting from (a time, place, price etc); classifier for occurrences or unpredictable events: case, instance; classifier for groups: batch, group",,
起床,qǐ chuáng,to get out of bed; to get up,,
起来,qǐ lai,to stand up; to get up; also pr. [qǐ lái],,
起诉,qǐ sù,to sue; to bring a lawsuit against; to prosecute,,
气,qì,gas; air; smell; weather; to make angry; to annoy; to get angry; vital energy; qi,,
气氛,qì fēn,atmosphere; mood,,
汽车,qì chē,car; automobile; bus,,
千,qiān,thousand,,
千万,qiān wàn,ten million; countless; many; one must by all means,,
牵,qiān,to lead along; to pull (an animal on a tether); (bound form) to involve; to draw in,,
签,qiān,to sign one's name; to write brief comments on a document; inscribed bamboo stick (variant of 签); visa,,
签名,qiān míng,to sign (one's name with a pen etc); to autograph; signature,,
前,qián,front; forward; ahead; first; top (followed by a number); future; ago; before; BC (e.g. 前293年); former; formerly,,
前进,qián jìn,to go forward; to forge ahead; to advance; onward,,
前面,qián miàn,ahead; in front; preceding; above; also pr. [qián mian],,
前往,qián wǎng,to leave for; to proceed towards; to go to,,
钱,Qián,surname Qian,,
潜力,qián lì,potential; capacity,,
欠,qiàn,to owe; to lack; (literary) to be deficient in; (bound form) yawn; to raise slightly (a part of one's body),,
枪,Qiāng,surname Qiang,,
强,Qiáng,surname Qiang,,
强大,qiáng dà,large; formidable; powerful; strong,,
强调,qiáng diào,to emphasize (a statement); to stress,,
强烈,qiáng liè,strong; intense,,
墙,qiáng,"variant of 墙, wall",,
抢,qiāng,(literary) to knock against (esp. to knock one's head on the ground in grief or rage); opposite in direction; contrary,,
抢劫,qiǎng jié,to rob; looting,,
桥,qiáo,bridge,,
瞧,qiáo,to look at; to see; to see (a doctor); to visit,,
巧克力,qiǎo kè lì,chocolate (loanword),,
且,qiě,and; moreover; yet; for the time being; to be about to; both (... and...),,
切,qiē,to cut; to slice; to carve; (math) tangential,,
亲,qīn,parent; one's own (flesh and blood); relative; related; marriage; bride; close; intimate; in person; first-hand; in favor of; pro-; to kiss; (Internet slang) dear,,
亲爱,qīn ài,dear; beloved; darling,,
亲自,qīn zì,personally; in person; oneself,,
青,Qīng,"abbr. for 海, Qinghai Province",,
青年,qīng nián,youth; youthful years; young person; the young,,
轻,qīng,light; easy; gentle; soft; reckless; unimportant; frivolous; small in number; unstressed; neutral; to disparage,,
轻松,qīng sōng,light; gentle; relaxed; effortless; uncomplicated; to relax; to take things less seriously,,
轻易,qīng yì,easily; lightly; rashly,,
倾向,qīng xiàng,trend; tendency; orientation,,
清,Qīng,Qing (Wade-Giles: Ch'ing) dynasty of imperial China (1644-1911); surname Qing,,
清楚,qīng chu,clear; distinct; to understand thoroughly; to be clear about,,
清理,qīng lǐ,to clear up; to tidy up; to dispose of,,
清醒,qīng xǐng,clear-headed; sober; awake,,
情,qíng,feeling; emotion; passion; situation,,
情报,qíng bào,information; intelligence,,
情感,qíng gǎn,feeling; emotion; to move (emotionally),,
情况,qíng kuàng,circumstances; state of affairs; situation,,
情绪,qíng xù,mood; state of mind; moodiness,,
请,qǐng,to ask; to invite; please (do sth); to treat (to a meal etc); to request,,
请求,qǐng qiú,to request; to ask; request,,
请问,qǐng wèn,"Excuse me, may I ask...?",,
庆祝,qìng zhù,to celebrate,,
求,qiú,to seek; to look for; to request; to demand; to beseech,,
球,qiú,ball; sphere; globe; ball game; match,,
球队,qiú duì,"sports team (basketball, soccer, football etc)",,
球员,qiú yuán,(ball sports) player; team member,,
区,Oū,surname Ou,,
区别,qū bié,difference; to distinguish; to discriminate; to make a distinction,,
区域,qū yù,area; region; district,,
曲,Qū,surname Qu,,
取,qǔ,to take; to get; to choose; to fetch,,
取得,qǔ dé,to acquire; to get; to obtain,,
取消,qǔ xiāo,to cancel; cancellation,,
娶,qǔ,to take a wife; to marry (a woman),,
去,qù,to go; to go to (a place); (of a time etc) last; just passed; to send; to remove; to get rid of; to reduce; to be apart from in space or time; to die (euphemism); to play (a part); (when used either before or after a verb) to go in order to do sth; (after a verb of motion indicates movement away from the speaker); (used after certain verbs to indicate detachment or separation),,
去年,qù nián,last year,,
去世,qù shì,to pass away; to die,,
圈,juān,to confine; to lock up; to pen in,,
全,Quán,surname Quan,,
全部,quán bù,whole; all,,
全都,quán dōu,all; without exception,,
全国,quán guó,whole nation; nationwide; countrywide; national,,
全力,quán lì,with all one's strength; full strength; all-out (effort); fully (support),,
全面,quán miàn,all-around; comprehensive; total; overall,,
全球,quán qiú,entire; total; global; the (whole) world; worldwide,,
全身,quán shēn,the whole body; (typography) em,,
全世界,quán shì jiè,worldwide; entire world,,
全体,quán tǐ,all; entire,,
全新,quán xīn,all new; completely new,,
权,Quán,surname Quan,,
权力,quán lì,power; authority,,
权利,quán lì,right (i.e. an entitlement to sth); (classical) power and wealth,,
拳,quán,fist; boxing,,
劝,quàn,to advise; to urge; to try to persuade; to exhort; to console; to soothe,,
缺,quē,deficiency; lack; scarce; vacant post; to run short of,,
缺乏,quē fá,to lack; to be short of,,
却,què,old variant of 却,,
确保,què bǎo,to ensure; to guarantee,,
确定,què dìng,definite; certain; fixed; to fix (on sth); to determine; to be sure; to ensure; to make certain; to ascertain; to clinch; to recognize; to confirm; OK (on computer dialog box),,
确认,què rèn,to confirm; to verify; confirmation,,
确实,què shí,indeed; really; reliable; real; true,,
群,qún,variant of 群,,
群众,qún zhòng,mass; multitude; the masses,,
然而,rán ér,however; yet; but,,
然后,rán hòu,then; after that; afterwards,,
让,ràng,"to yield; to permit; to let sb do sth; to have sb do sth; to make sb (feel sad etc); by (indicates the agent in a passive clause, like 被)",,
绕,rào,to wind; to coil (thread); to rotate around; to spiral; to move around; to go round (an obstacle); to by-pass; to make a detour; to confuse; to perplex,,
惹,rě,to provoke; to irritate; to vex; to stir up; to anger; to attract (troubles); to cause (problems),,
热,rè,to warm up; to heat up; hot (of weather); heat; fervent,,
热情,rè qíng,cordial; enthusiastic; passion; passionate; passionately,,
人,rén,person; people,,
人才,rén cái,talent; talented person; looks; attractive looks,,
人家,rén jiā,household; dwelling; family; sb else's house; household business; house of woman's husband-to-be,,
人口,rén kǒu,population; people,,
人类,rén lèi,humanity; human race; mankind,,
人们,rén men,people,,
人民,rén mín,the people,,
人群,rén qún,crowd,,
人生,rén shēng,life (one's time on earth),,
人士,rén shì,person; figure; public figure,,
人数,rén shù,number of people,,
人体,rén tǐ,human body,,
人物,rén wù,"person; personage; figure (esp. sb of importance); character (in a play, novel etc); figure painting (as a genre of traditional Chinese painting)",,
人员,rén yuán,staff; crew; personnel,,
忍,rěn,to bear; to endure; to tolerate; to restrain oneself,,
认,rèn,to recognize; to know; to admit,,
认识,rèn shi,to know; to recognize; to be familiar with; to get acquainted with sb; knowledge; understanding; awareness; cognition,,
认为,rèn wéi,to believe; to think; to consider; to feel,,
认真,rèn zhēn,conscientious; earnest; serious; to take seriously; to take to heart,,
任,Rén,surname Ren; Ren County 任县 in Hebei,,
任何,rèn hé,any; whatever; whichever; whatsoever,,
任务,rèn wu,mission; assignment; task; duty; role,,
扔,rēng,to throw; to throw away,,
仍,réng,still; yet; to remain; (literary) frequently; often,,
仍然,réng rán,still; as before; yet,,
日,Rì,"abbr. for 本, Japan",,
日期,rì qī,date,,
日子,rì zi,day; a (calendar) date; days of one's life,,
荣誉,róng yù,honor; credit; glory; (honorable) reputation; honorary,,
容易,róng yì,easy; straightforward; likely; liable to; apt to,,
肉,ròu,meat; flesh; pulp (of a fruit); (coll.) (of a fruit) squashy; (of a person) flabby; irresolute; Kangxi radical 130,,
如,rú,as; as if; such as,,
如此,rú cǐ,like this; so; such,,
如果,rú guǒ,if; in case; in the event that,,
如何,rú hé,how; what way; what,,
如今,rú jīn,nowadays; now,,
如同,rú tóng,like; as,,
入,rù,to enter; to go into; to join; to become a member of; to confirm or agree with; abbr. for 入声,,
软,ruǎn,soft; flexible,,
软件,ruǎn jiàn,(computer) software,,
若,ruò,to seem; like; as; if,,
弱,ruò,weak; feeble; young; inferior; not as good as; (following a decimal or fraction) slightly less than,,
撒,sā,to let go; to cast; to let loose; to discharge; to give expression to; (coll.) to pee,,
塞,Sāi,Serbia; Serbian; abbr. for 塞尔维亚,,
赛,sài,to compete; competition; match; to surpass; better than; superior to; to excel,,
三,Sān,surname San,,
散,sàn,variant of 散,,
色,sè,color; look; appearance; sex,,
森林,sēn lín,forest,,
杀,shā,to kill; to murder; to attack; to weaken or reduce; to smart (dialect); (used after a verb) extremely,,
杀手,shā shǒu,killer; murderer; hit man; (sports) formidable player,,
沙发,shā fā,sofa (loanword); (Internet slang) the first reply or replier to a forum post,,
傻,shǎ,foolish,,
啥,shá,dialectal equivalent of 什么; also pr. [shà],,
晒,shài,variant of 晒,,
山,Shān,surname Shan,,
闪,Shǎn,surname Shan,,
扇,shān,to fan; to slap sb on the face,,
善,shàn,good (virtuous); benevolent; well-disposed; good at sth; to improve or perfect,,
伤,shāng,to injure; injury; wound,,
伤害,shāng hài,to injure; to harm,,
伤口,shāng kǒu,wound; cut,,
伤心,shāng xīn,to grieve; to be broken-hearted; to feel deeply hurt,,
商店,shāng diàn,store; shop,,
商品,shāng pǐn,commodity; goods; merchandise,,
商业,shāng yè,business; trade; commerce,,
上,shǎng,used in 上声,,
上班,shàng bān,to go to work; to be on duty; to start work; to go to the office,,
上次,shàng cì,last time,,
上帝,Shàng dì,God,,
上课,shàng kè,to go to class; to attend class; to go to teach a class,,
上来,shàng lái,to come up; to approach; (verb complement indicating success),,
上面,shàng miàn,on top of; above-mentioned; also pr. [shàng mian],,
上去,shàng qù,to go up,,
上升,shàng shēng,to rise; to go up; to ascend,,
上午,shàng wǔ,morning,,
上学,shàng xué,to go to school; to attend school,,
上周,shàng zhōu,last week,,
尚,Shàng,surname Shang,,
烧,shāo,"to burn; to cook; to stew; to bake; to roast; to heat; to boil (tea, water etc); fever; to run a temperature; (coll.) to let things go to one's head",,
稍,shāo,somewhat; a little,,
少,shǎo,few; less; to lack; to be missing; to stop (doing sth); seldom,,
少年,shào nián,early youth; youngster; (literary) youth; young man,,
少女,shào nǚ,girl; young lady,,
蛇,shé,variant of 蛇,,
设,shè,to set up; to put in place; (math.) given; suppose; if,,
设备,shè bèi,equipment; facilities; installations,,
设计,shè jì,to design; to plan; design; plan,,
设计师,shè jì shī,designer; architect,,
设施,shè shī,facilities; installation,,
设置,shè zhì,to set up; to install,,
社,shè,(bound form) society; organization; agency; (old) god of the land,,
社会,shè huì,society,,
社区,shè qū,community; neighborhood,,
射,shè,old variant of 射,,
涉及,shè jí,to involve; to touch upon (a topic),,
摄影,shè yǐng,to take a photograph; photography; to shoot (a movie),,
申请,shēn qǐng,to apply for sth; application form,,
身边,shēn biān,at one's side; on hand,,
身材,shēn cái,stature; build (height and weight); figure,,
身份,shēn fèn,"identity; aspect of one's identity (i.e. sth that one is – mayor, father, permanent resident etc); role; capacity (as in ""in his capacity as a ..."" 以…份); status (social, legal etc); position; rank",,
身上,shēn shang,on the body; at hand; among,,
身体,shēn tǐ,the body; one's health; in person,,
深,shēn,old variant of 深,,
深刻,shēn kè,profound; deep; deep-going,,
深入,shēn rù,to penetrate deeply; thorough,,
什么,shén me,what?; something; anything,,
什么样,shén me yàng,what kind?; what sort?,,
甚至,shèn zhì,even; so much so that,,
神,Shén,God; abbr. for 舟,,
神经,shén jīng,nerve; mental state; (coll.) unhinged; nutjob,,
神秘,shén mì,mysterious; mystery,,
神奇,shén qí,magical; mystical; miraculous,,
审判,shěn pàn,a trial; to try sb,,
升,shēng,to ascend; to rise to the rank of; to promote; to hoist; liter; measure for dry grain equal to one-tenth dou 斗,,
升级,shēng jí,to go up by one grade; to be promoted; to escalate (in intensity); (computing) to upgrade,,
生,shēng,to be born; to give birth; life; to grow; raw; uncooked; student,,
生产,shēng chǎn,to produce; to manufacture; to give birth to a child,,
生存,shēng cún,to exist; to survive,,
生活,shēng huó,to live; life; livelihood,,
生命,shēng mìng,life (as the characteristic of living beings); living being; creature,,
生气,shēng qì,to get angry; to take offense; angry; vitality; liveliness,,
生日,shēng rì,birthday,,
生物,shēng wù,organism; living creature; life form; biological,,
生意,shēng yì,life force; vitality,,
声,shēng,sound; voice; tone; noise; reputation; classifier for sounds,,
声明,shēng míng,to state; to declare; statement; declaration,,
声音,shēng yīn,voice; sound,,
省,shěng,to save; to economize; to be frugal; to omit; to delete; to leave out; province; provincial capital; a ministry (of the Japanese government),,
圣诞节,Shèng dàn jié,Christmas time; Christmas season; Christmas,,
胜,shèng,victory; success; to beat; to defeat; to surpass; victorious; superior to; to get the better of; better than; surpassing; superb (of vista); beautiful (scenery); wonderful (view); (Taiwan pr. [shēng]) able to bear; equal to (a task),,
胜利,shèng lì,victory,,
剩,shèng,to remain; to be left; to have as remainder,,
剩下,shèng xià,to remain; to be left over,,
尸体,shī tǐ,dead body; corpse; carcass,,
失败,shī bài,to be defeated; to lose; to fail (e.g. experiments); failure; defeat,,
失去,shī qù,to lose,,
失望,shī wàng,disappointed; to lose hope; to despair,,
失踪,shī zōng,to be missing; to disappear; unaccounted for,,
诗,Shī,"abbr. for Shijing 诗经, the Book of Songs",,
湿,shī,variant of 湿,,
十,shí,ten; 10,,
十分,shí fēn,very; completely; utterly; extremely; absolutely; hundred percent; to divide into ten equal parts,,
石头,shí tou,stone,,
石油,shí yóu,oil; petroleum,,
时,shí,old variant of 时,,
时代,Shí dài,"Time, US weekly news magazine",,
时光,shí guāng,time; era; period of time,,
时候,shí hou,time; length of time; moment; period,,
时机,shí jī,opportunity; opportune moment,,
时间,shí jiān,time; period,,
时刻,shí kè,time; juncture; moment; period of time; constantly; always,,
时期,shí qī,period; phase,,
时尚,shí shàng,fashion; fad; fashionable,,
实际,shí jì,reality; practice; practical; realistic; real; actual,,
实际上,shí jì shàng,in fact; in reality; as a matter of fact; in practice,,
实力,shí lì,strength,,
实施,shí shī,to implement; to carry out,,
实现,shí xiàn,to achieve; to implement; to realize; to bring about,,
实验,shí yàn,experiment; test; experimental; to experiment,,
实验室,shí yàn shì,laboratory,,
实在,shí zài,really; actually; indeed; true; real; honest; dependable; (philosophy) reality,,
食品,shí pǐn,foodstuff; food; provisions,,
食物,shí wù,food,,
使,shǐ,to make; to cause; to enable; to use; to employ; to send; to instruct sb to do sth; envoy; messenger,,
使得,shǐ de,usable; workable; feasible; doable; to make; to cause,,
使用,shǐ yòng,to use; to employ; to apply; to make use of,,
始终,shǐ zhōng,from beginning to end; all along,,
士兵,shì bīng,soldier,,
世纪,shì jì,century,,
世界,shì jiè,world,,
市,shì,market; city,,
市场,shì chǎng,marketplace; market (also in abstract),,
市民,shì mín,city resident,,
市长,shì zhǎng,mayor,,
似的,shì de,seems as if; rather like; Taiwan pr. [sì de],,
似乎,sì hū,it seems; seemingly; as if,,
式,shì,type; form; pattern; style,,
事,shì,matter; thing; item; work; affair,,
事故,shì gù,accident,,
事件,shì jiàn,event; happening; incident,,
事情,shì qing,affair; matter; thing; business,,
事实,shì shí,fact,,
事实上,shì shí shàng,in fact; in reality; actually; as a matter of fact; de facto; ipso facto,,
事物,shì wù,thing; object,,
事业,shì yè,"undertaking; project; activity; (charitable, political or revolutionary) cause; publicly funded institution, enterprise or foundation; career; occupation",,
视频,shì pín,video,,
试,shì,to test; to try; experiment; examination; test,,
试图,shì tú,to attempt; to try,,
试验,shì yàn,experiment; test; to experiment; experimental,,
室,Shì,surname Shi,,
是,shì,to be (followed by substantives only); correct; right; true; (respectful acknowledgement of a command) very well; (adverb for emphatic assertion),,
是不是,shì bù shì,is or isn't; yes or no; whether or not,,
是否,shì fǒu,whether (or not); if; is or isn't,,
适当,shì dàng,suitable; appropriate,,
适合,shì hé,to fit; to suit,,
适应,shì yìng,to adapt; to fit; to suit,,
释放,shì fàng,to release; to set free; to liberate (a prisoner); to discharge,,
收,shōu,to receive; to accept; to collect; to put away; to restrain; to stop; in care of (used on address line after name),,
收藏,shōu cáng,"to collect (works of art, dolls, antiques etc); to put away for safekeeping; (Internet) to bookmark; a collection",,
收到,shōu dào,to receive,,
收获,shōu huò,variant of 收获,,
收集,shōu jí,to gather; to collect,,
收入,shōu rù,to take in; income; revenue,,
收拾,shōu shi,to put in order; to tidy up; to pack; to repair; (coll.) to sort sb out; to fix sb,,
手,shǒu,hand; (formal) to hold; person engaged in certain types of work; person skilled in certain types of work; personal(ly); convenient; classifier for skill,,
手段,shǒu duàn,method; means (of doing sth); strategy; trick,,
手机,shǒu jī,cell phone; mobile phone,,
手里,shǒu lǐ,in hand; (a situation is) in sb's hands,,
手术,shǒu shù,(surgical) operation; surgery,,
手指,shǒu zhǐ,finger,,
守,shǒu,to guard; to defend; to keep watch; to abide by the law; to observe (rules or ritual); nearby; adjoining,,
首,shǒu,"head; chief; first (occasion, thing etc); classifier for poems, songs etc",,
首先,shǒu xiān,first (of all); in the first place,,
受,shòu,to receive; to accept; to suffer; subjected to; to bear; to stand; pleasant; (passive marker),,
受不了,shòu bù liǎo,unbearable; unable to endure; can't stand,,
受到,shòu dào,"to receive (praise, an education, punishment etc); to be ...ed (praised, educated, punished etc)",,
受伤,shòu shāng,to sustain injuries; wounded (in an accident etc); harmed,,
授权,shòu quán,to authorize,,
瘦,shòu,thin; to lose weight; (of clothing) tight; (of meat) lean; (of land) unproductive,,
书,Shū,abbr. for 书经,,
叔叔,shū shu,father's younger brother; uncle; Taiwan pr. [shú shu],,
舒服,shū fu,comfortable; feeling well,,
输,shū,to lose; to be beaten; (bound form) to transport; (literary) to donate; to contribute; (coll.) to enter (a password),,
熟,shú,ripe; mature; thoroughly cooked; done; familiar; acquainted; experienced; skilled; (of sleep etc) deep; profound; also pr. [shóu],,
熟悉,shú xī,to be familiar with; to know well,,
属,shǔ,category; genus (taxonomy); family members; dependents; to belong to; subordinate to; affiliated with; be born in the year of (one of the 12 animals); to be; to prove to be; to constitute,,
属于,shǔ yú,to be classified as; to belong to; to be part of,,
鼠,shǔ,(bound form) rat; mouse,,
树,shù,tree; to cultivate; to set up,,
数,shǔ,to count; to count as; to regard as; to enumerate; to list,,
数据,shù jù,data,,
数量,shù liàng,amount; quantity; quantitative,,
数学,shù xué,mathematics; mathematical,,
数字,shù zì,numeral; digit; number; figure; amount; digital (electronics etc),,
刷,shuā,to brush; to paint; to daub; to paste up; to skip class (of students); to fire from a job,,
耍,Shuǎ,surname Shua,,
摔,shuāi,to throw down; to fall; to drop and break,,
甩,shuǎi,to throw; to fling; to swing; to leave behind; to throw off; to dump (sb),,
帅,Shuài,surname Shuai,,
双,Shuāng,surname Shuang,,
双方,shuāng fāng,bilateral; both sides; both parties involved,,
双手,shuāng shǒu,both hands,,
爽,shuǎng,bright; clear; crisp; open; frank; straightforward; to feel well; fine; pleasurable; invigorating; to deviate,,
谁,shéi,who; also pr. [shuí],,
水,Shuǐ,surname Shui,,
水果,shuǐ guǒ,fruit,,
水平,shuǐ píng,level (of achievement etc); standard; horizontal,,
税,shuì,taxes; duties,,
睡,shuì,to sleep; to lie down,,
睡觉,shuì jiào,to go to bed; to sleep,,
睡着,shuì zháo,to fall asleep,,
顺,shùn,to obey; to follow; to arrange; to make reasonable; along; favorable,,
顺便,shùn biàn,conveniently; in passing; without much extra effort,,
顺利,shùn lì,smoothly; without a hitch,,
瞬间,shùn jiān,in an instant; in a flash,,
说,shuì,to persuade,,
说法,shuō fǎ,to expound Buddhist teachings,,
说话,shuō huà,to speak; to say; to talk; to gossip; to tell stories; talk; word,,
说明,shuō míng,to explain; to illustrate; to indicate; to show; to prove; explanation; directions; caption,,
说实话,shuō shí huà,to speak the truth; truth to tell; frankly,,
丝,sī,"silk; thread; trace; (cuisine) shreds or julienne strips; classifier: a thread (of cloud, smoke etc), a bit, an iota, a hint (of sth) etc",,
司法,sī fǎ,judicial; (administration of) justice,,
司机,sī jī,chauffeur; driver,,
私人,sī rén,private; personal; interpersonal; sb with whom one has a close personal relationship; a member of one's clique,,
思考,sī kǎo,to reflect on; to ponder over,,
思维,sī wéi,(line of) thought; thinking,,
思想,sī xiǎng,thought; thinking; idea; ideology,,
死,sǐ,to die; impassable; uncrossable; inflexible; rigid; extremely; damned,,
死亡,sǐ wáng,to die; death,,
四,sì,four; 4,,
松,Sōng,surname Song,,
送,sòng,to send; to deliver; to transmit; to give (as a present); to see (sb) off; to accompany; to go along with,,
送给,sòng gěi,to send; to give as a present,,
搜,sōu,to search,,
搜索,sōu suǒ,to search (a place); to search (a database); to search for (sth),,
艘,sōu,classifier for ships; Taiwan pr. [sāo],,
素,sù,"raw silk; white; plain, unadorned; vegetarian (food); essence; nature; element; constituent; usually; always; ever",,
速度,sù dù,speed; rate; velocity; (music) tempo,,
诉讼,sù sòng,lawsuit,,
酸,suān,sour; tart; sick at heart; grieved; sore; aching; pedantic; impractical; to make sarcastic remarks about sb; an acid,,
算,suàn,to regard as; to figure; to calculate; to compute,,
算了,suàn le,let it be; let it pass; forget about it,,
算是,suàn shì,considered to be; at last,,
虽然,suī rán,although; even though (often used correlatively with 是 or 是 etc),,
随,Suí,surname Sui,,
随便,suí biàn,as one wishes; as one pleases; at random; negligent; casual; wanton,,
随后,suí hòu,soon after,,
随时,suí shí,at any time; at all times; at the right time; whenever necessary,,
随意,suí yì,as one wishes; according to one's wishes; at will; voluntary; conscious,,
随着,suí zhe,along with; in the wake of; following,,
岁,suì,"variant of 岁, year; years old",,
碎,suì,(transitive or intransitive verb) to break into pieces; to shatter; to crumble; broken; fragmentary; scattered; garrulous,,
损伤,sǔn shāng,to harm; to damage; to injure; impairment; loss; disability,,
损失,sǔn shī,loss; damage; to lose; to suffer damage,,
所,suǒ,"actually; place; classifier for houses, small buildings, institutions etc; that which; particle introducing a relative clause or passive",,
所谓,suǒ wèi,so-called; what is called,,
所以,suǒ yǐ,therefore; as a result; so; the reason why,,
所有,suǒ yǒu,all; to have; to possess; to own,,
所在,suǒ zài,place; location; (after a noun) place where it is located,,
锁,suǒ,to lock; to lock up; a lock,,
他,tā,he; him (used for either sex when the sex is unknown or unimportant); (used before sb's name for emphasis); (used as a meaningless mock object); (literary) other,,
他们,tā men,they,,
他人,tā rén,another person; sb else; other people,,
它,tā,it,,
它们,tā men,they (for inanimate objects),,
她,tā,she,,
她们,tā men,they; them (for females),,
塔,tǎ,pagoda; tower; minaret; stupa (abbr. loanword from Sanskrit tapo),,
踏,tā,see 踏实,,
台,Tái,Taiwan (abbr.); surname Tai,,
抬,tái,to lift; to raise; (of two or more persons) to carry,,
太,tài,highest; greatest; too (much); very; extremely,,
太空,tài kōng,outer space,,
太太,tài tai,married woman; Mrs.; Madam; wife,,
太阳,tài yang,sun; abbr. for 太阳穴,,
态度,tài du,manner; bearing; attitude; approach,,
谈,Tán,surname Tan,,
谈话,tán huà,to talk (with sb); to have a conversation; talk; conversation,,
谈判,tán pàn,to negotiate; negotiation; talks; conference,,
探,tàn,to explore; to search out; to scout; to visit; to stretch forward,,
汤,Tāng,surname Tang,,
堂,táng,"(main) hall; large room for a specific purpose; relationship between cousins etc on the paternal side of a family; of the same clan; classifier for classes, lectures etc; classifier for sets of furniture",,
糖,táng,sugar; sweets; candy,,
躺,tǎng,to recline; to lie down,,
趟,tāng,old variant of 趟,,
逃,táo,to escape; to run away; to flee,,
淘汰,táo tài,to wash out; (fig.) to cull; to weed out; to eliminate; to die out; to phase out,,
讨论,tǎo lùn,to discuss; to talk over,,
讨厌,tǎo yàn,to dislike; to loathe; disagreeable; troublesome; annoying,,
套,tào,"to cover; to encase; cover; sheath; to overlap; to interleave; to model after; to copy; formula; harness; loop of rope; (fig.) to fish for; to obtain slyly; classifier for sets, collections; bend (of a river or mountain range, in place names); tau (Greek letter Ττ)",,
特,tè,"special; unique; distinguished; especially; unusual; very; abbr. for 斯, tex",,
特别,tè bié,unusual; special; very; especially; particularly; expressly; for a specific purpose; (often followed by 是) in particular,,
特殊,tè shū,special; particular; unusual; extraordinary,,
特征,tè zhēng,characteristic; diagnostic property; distinctive feature; trait,,
疼,téng,(it) hurts; sore; to love dearly,,
疼痛,téng tòng,pain; (of a body part) to be painful; to be sore; to hurt; (of a person) to be in pain,,
踢,tī,to kick; to play (e.g. soccer); (slang) butch (in a lesbian relationship),,
提,dī,used in 防 and 溜,,
提出,tí chū,to raise (an issue); to propose; to put forward; to suggest; to post (on a website); to withdraw (cash),,
提到,tí dào,to mention; to raise (a subject); to refer to,,
提高,tí gāo,to raise; to increase; to improve,,
提供,tí gōng,to offer; to supply; to provide; to furnish,,
提起,tí qǐ,"to mention; to speak of; to lift; to pick up; to arouse; to raise (a topic, a heavy weight, one's fist, one's spirits etc)",,
提前,tí qián,to shift to an earlier date; to do sth ahead of time; in advance,,
提升,tí shēng,to promote (to a higher-ranking position); to lift; to hoist; (fig.) to elevate; to raise; to improve,,
提示,tí shì,to point out; to remind (sb of sth); to suggest; suggestion; tip; reminder; notice,,
提醒,tí xǐng,to remind; to call attention to; to warn of,,
题,Tí,surname Ti,,
体会,tǐ huì,to know from experience; to learn through experience; to realize; understanding; experience,,
体验,tǐ yàn,to experience for oneself,,
体育,tǐ yù,sports; physical education,,
替,tì,to substitute for; to take the place of; to replace; for; on behalf of; to stand in for,,
天,tiān,day; sky; heaven,,
天空,tiān kōng,sky,,
天气,tiān qì,weather,,
天使,tiān shǐ,angel,,
天堂,tiān táng,paradise; heaven,,
天下,tiān xià,land under heaven; the whole world; the whole of China; realm; rule,,
田,Tián,surname Tian,,
甜,tián,sweet,,
挑,tiāo,to carry on a shoulder pole; to choose; to pick; to nitpick,,
挑战,tiǎo zhàn,to challenge; challenge,,
条,tiáo,"strip; item; article; clause (of law or treaty); classifier for long thin things (ribbon, river, road, trousers etc)",,
条件,tiáo jiàn,condition; circumstance; term; factor; requirement; prerequisite; qualification; situation; state; condition,,
跳,tiào,to jump; to hop; to skip over; to bounce; to palpitate,,
跳舞,tiào wǔ,to dance,,
贴,tiē,to stick; to paste; to post (e.g. on a blog); to keep close to; to fit snugly; to subsidize; allowance (e.g. money for food or housing); sticker; classifier for sticking plaster: strip,,
铁,Tiě,surname Tie,,
厅,tīng,(reception) hall; living room; office; provincial government department,,
听,yǐn,smile (archaic),,
听到,tīng dào,to hear,,
听见,tīng jiàn,to hear,,
听说,tīng shuō,to hear (sth said); one hears (that); hearsay; listening and speaking,,
停,tíng,to stop; to halt; to park (a car),,
停车,tíng chē,to pull up (stop one's vehicle); to park; (of a machine) to stop working; to stall,,
停下,tíng xià,to stop,,
停止,tíng zhǐ,to stop; to halt; to cease,,
挺,tǐng,straight; erect; to stick out (a part of the body); to (physically) straighten up; to support; to withstand; outstanding; (coll.) quite; very; classifier for machine guns,,
通,tōng,"to go through; to know well; (suffix) expert; to connect; to communicate; open; to clear; classifier for letters, telegrams, phone calls etc",,
通常,tōng cháng,regular; usual; normal; usually; normally,,
通道,Tōng dào,"Tongdao Dong autonomous county in Huaihua 怀化, Hunan",,
通过,tōng guò,to pass through; to get through; to adopt (a resolution); to pass (legislation); to pass (a test); by means of; through; via,,
通讯,tōng xùn,communications; news story; dispatch,,
通知,tōng zhī,to notify; to inform; notice; notification,,
同,tóng,like; same; similar; together; alike; with,,
同时,tóng shí,at the same time; simultaneously,,
同事,tóng shì,colleague; co-worker,,
同学,tóng xué,to study at the same school; fellow student; classmate,,
同样,tóng yàng,same; equal; equivalent,,
同意,tóng yì,to agree; to consent; to approve,,
同志,tóng zhì,comrade; (slang) homosexual,,
统计,tǒng jì,statistics; to count; to add up,,
统一,tǒng yī,to unify; to integrate; unified; integrated,,
桶,tǒng,bucket; (trash) can; barrel (of oil etc),,
痛,tòng,ache; pain; sorrow; deeply; thoroughly,,
痛苦,tòng kǔ,pain; suffering; painful,,
偷,tōu,to steal; to pilfer; to snatch; thief; stealthily,,
头,tóu,head; hair style; the top; end; beginning or end; a stub; remnant; chief; boss; side; aspect; first; leading; classifier for pigs or livestock,,
头部,tóu bù,head,,
头发,tóu fa,hair (on the head),,
投,tóu,to cast; to send; to throw oneself (into the river etc); to seek refuge; to place oneself into the hands of,,
投票,tóu piào,to vote; vote,,
投入,tóu rù,to throw into; to put into; to throw oneself into; to participate in; to invest in; absorbed; engrossed,,
投诉,tóu sù,complaint; to complain; to register a complaint (esp. as a customer),,
投资,tóu zī,investment; to invest,,
透,tòu,(bound form) to penetrate; to seep through; to tell secretly; to leak; thoroughly; through and through; to appear; to show,,
透露,tòu lù,to leak out; to divulge; to reveal,,
突出,tū chū,prominent; outstanding; to give prominence to; to protrude; to project,,
突破,tū pò,to break through; to make a breakthrough; to surmount (an obstacle); (sports) to break through the opponent's defense,,
突然,tū rán,sudden; abrupt; unexpected,,
图,tú,diagram; picture; drawing; chart; map; to plan; to scheme; to attempt; to pursue; to seek,,
图片,tú piàn,picture; photograph,,
图书馆,tú shū guǎn,library,,
土,Tǔ,Tu (ethnic group); surname Tu,,
土地,tǔ dì,land; soil; territory,,
吐,tǔ,"to spit; to send out (silk from a silkworm, bolls from cotton flowers etc); to say; to pour out (one's grievances)",,
涂,tú,to apply (paint etc); to smear; to daub; to blot out; to scribble; to scrawl; (literary) mud; street,,
团,tuán,"round; lump; ball; to roll into a ball; to gather; regiment; group; society; classifier for a lump or a soft mass: wad (of paper), ball (of wool), cloud (of smoke)",,
团队,tuán duì,team,,
团结,tuán jié,to unite; unity; solidarity; united,,
团体,tuán tǐ,group; organization; team,,
推,tuī,to push; to cut; to refuse; to reject; to decline; to shirk (responsibility); to put off; to delay; to push forward; to nominate; to elect; massage,,
推荐,tuī jiàn,to recommend; recommendation,,
推进,tuī jìn,to impel; to carry forward; to push on; to advance; to drive forward,,
腿,tuǐ,leg,,
退,tuì,to retreat; to withdraw; to reject; to return (sth); to decline,,
退出,tuì chū,to withdraw; to abort; to quit; to log out (computing),,
退休,tuì xiū,to retire (from the workforce); to go into retirement,,
托,tuō,prop; support (for weight); rest (e.g. arm rest); thanks to; to hold in one's hand; to support in one's palm; to give; to base; to commit; to set; torr (unit of pressure),,
拖,tuō,variant of 拖,,
脱,tuō,to shed; to take off; to escape; to get away from,,
挖,wā,to dig; to excavate; to scoop out,,
瓦,wǎ,roof tile; abbr. for 特,,
哇,wā,Wow!; sound of a child's crying; sound of vomiting,,
外,wài,outside; in addition; foreign; external,,
外面,wài miàn,outside (also pr. [wài mian] for this sense); surface; exterior; external appearance,,
外套,wài tào,coat; jacket,,
完,wán,to finish; to be over; whole; complete; entire,,
完毕,wán bì,to finish; to end; to complete,,
完成,wán chéng,to complete; to accomplish,,
完美,wán měi,perfect,,
完全,wán quán,complete; whole; totally; entirely,,
完整,wán zhěng,complete; intact,,
玩,wán,to play; to have fun; to trifle with; toy; sth used for amusement; curio or antique (Taiwan pr. [wàn]); to keep sth for entertainment,,
玩具,wán jù,plaything; toy,,
晚,wǎn,evening; night; late,,
晚安,wǎn ān,Good night!; Good evening!,,
晚餐,wǎn cān,evening meal; dinner,,
晚饭,wǎn fàn,evening meal; dinner; supper,,
晚会,wǎn huì,evening party,,
晚上,wǎn shang,evening; night; in the evening,,
碗,wǎn,variant of 碗,,
万,mò,used in 俟,,
万一,wàn yī,just in case; if by any chance; contingency,,
王,Wáng,surname Wang,,
王子,wáng zǐ,prince; son of a king,,
网,wǎng,net; network,,
网络,Wǎng luò,Internet,,
网上,wǎng shàng,online,,
网站,wǎng zhàn,website; network station; node,,
往,wǎng,to go (in a direction); to; towards; (of a train) bound for; past; previous,,
忘,wàng,to forget; to overlook; to neglect,,
忘记,wàng jì,to forget,,
望,wàng,full moon; to hope; to expect; to visit; to gaze (into the distance); to look towards; towards,,
危机,wēi jī,crisis,,
危险,wēi xiǎn,danger; dangerous,,
威胁,wēi xié,to threaten; to menace,,
微笑,wēi xiào,smile; to smile,,
围,Wéi,surname Wei,,
违法,wéi fǎ,illegal; to break the law,,
违反,wéi fǎn,to violate (a law),,
唯,wéi,"only; alone; -ism (in Chinese, a prefix, often combined with a suffix such as 主义 or 论, e.g. 唯理论, rationalism)",,
唯一,wéi yī,only; sole,,
维持,wéi chí,to keep; to maintain; to preserve,,
维护,wéi hù,to defend; to safeguard; to protect; to uphold; to maintain,,
伟大,wěi dà,huge; great; grand; worthy of the greatest admiration; important (contribution etc),,
委托,wěi tuō,to entrust; to trust; to commission,,
委员会,wěi yuán huì,committee,,
卫生,wèi shēng,health; hygiene; sanitation,,
卫星,wèi xīng,satellite; moon,,
为,wéi,as (in the capacity of); to take sth as; to act as; to serve as; to behave as; to become; to be; to do; by (in the passive voice),,
为此,wèi cǐ,for this reason; with regards to this; in this respect; in order to do this; to this end,,
为何,wèi hé,why,,
为了,wèi le,for; for the purpose of; in order to,,
为什么,wèi shén me,why?; for what reason?,,
为止,wéi zhǐ,until; (used in combination with words like 到 or 至 in constructs of the form 到...到...为止),,
未,wèi,"not yet; did not; have not; not; 8th earthly branch: 1-3 p.m., 6th solar month (7th July-6th August), year of the Sheep; ancient Chinese compass point: 210°",,
未来,wèi lái,future; tomorrow; approaching; coming; pending,,
位,wèi,position; location; place; seat; classifier for people (honorific); classifier for binary bits (e.g. 十六位 16-bit or 2 bytes); (physics) potential,,
位于,wèi yú,to be located at; to be situated at; to lie,,
位置,wèi zhi,position; place; seat,,
味道,wèi dao,flavor; taste; (fig.) feeling (of ...); sense (of ...); hint (of ...); (fig.) interest; delight; (dialect) smell; odor,,
胃,wèi,stomach,,
喂,wéi,hello (when answering the phone),,
温度,wēn dù,temperature,,
温暖,wēn nuǎn,warm,,
温柔,wēn róu,gentle and soft; tender; sweet (commonly used to describe a girl or woman),,
文,Wén,surname Wen,,
文化,wén huà,culture; civilization; cultural,,
文件,wén jiàn,document; file,,
文明,wén míng,civilized; civilization; culture,,
文章,wén zhāng,article; essay; literary works; writings; hidden meaning,,
闻,Wén,surname Wen,,
吻,wěn,kiss; to kiss; mouth,,
稳,wěn,settled; steady; stable,,
稳定,wěn dìng,steady; stable; stability; to stabilize; to pacify,,
问,wèn,to ask; to inquire,,
问题,wèn tí,question; problem; issue; topic,,
我,wǒ,I; me; my,,
我们,wǒ men,we; us; ourselves; our,,
污染,wū rǎn,to pollute; to contaminate (lit. and fig.),,
屋,wū,(bound form) house; (bound form) room,,
无,wú,not to have; no; none; not; to lack; un-; -less,,
无比,wú bǐ,incomparable; matchless,,
无法,wú fǎ,unable; incapable,,
无关,wú guān,unrelated; having nothing to do (with sth else),,
无聊,wú liáo,bored; boring; senseless,,
无论,wú lùn,no matter what or how; regardless of whether...,,
无数,wú shù,countless; numberless; innumerable,,
无疑,wú yí,undoubtedly; without doubt; for sure,,
五,wǔ,five; 5,,
武器,wǔ qì,weapon; arms,,
武装,wǔ zhuāng,arms; equipment; to arm; military; armed (forces),,
舞,wǔ,to dance; to wield; to brandish,,
舞蹈,wǔ dǎo,dance (performance art); dancing,,
舞台,wǔ tái,(lit. and fig.) stage; arena,,
物品,wù pǐn,articles; goods,,
物质,wù zhì,matter; substance; material; materialistic,,
吸,xī,to breathe; to suck in; to absorb; to inhale,,
吸引,xī yǐn,to attract; to appeal to; to fascinate,,
希望,xī wàng,to hope; a hope; a wish,,
牺牲,xī shēng,to sacrifice one's life; to sacrifice (sth valued); beast slaughtered as a sacrifice,,
习惯,xí guàn,habit; custom; usual practice; to be used to,,
袭击,xí jī,attack (esp. surprise attack); raid; to attack,,
洗,xǐ,to wash; to bathe; to develop (photographs); to shuffle (cards etc); to erase (a recording),,
洗澡,xǐ zǎo,to bathe; to take a shower,,
喜欢,xǐ huan,to like; to be fond of,,
戏,xì,variant of 戏,,
系,xì,to connect; to relate to; to tie up; to bind; to be (literary),,
系列,xì liè,series; set,,
系统,xì tǒng,system,,
细,xì,thin or slender; finely particulate; thin and soft; fine; delicate; trifling; (of a sound) quiet; frugal,,
细胞,xì bāo,cell (biology),,
细节,xì jié,details; particulars,,
西,Xī,the West; abbr. for Spain 牙; Spanish,,
西部,xī bù,western part,,
瞎,xiā,blind; groundlessly; foolishly; to no purpose,,
下,xià,"down; downwards; below; lower; later; next (week etc); second (of two parts); to decline; to go down; to arrive at (a decision, conclusion etc); measure word to show the frequency of an action",,
下班,xià bān,to finish work; to get off work,,
下次,xià cì,next time,,
下降,xià jiàng,to decline; to drop; to fall; to go down; to decrease,,
下来,xià lai,"to come down; (completed action marker); (after verb of motion, indicates motion down and towards us, also fig.); (indicates continuation from the past towards us); to be harvested (of crops); to be over (of a period of time); to go among the masses (said of leaders)",,
下面,xià miàn,below; under; next; the following; also pr. [xià mian],,
下去,xià qù,to go down; to descend; to go on; to continue; (of a servant) to withdraw,,
下午,xià wǔ,afternoon; p.m.,,
吓,hè,to scare; to intimidate; to threaten; (interjection showing disapproval) tut-tut; (interjection showing astonishment),,
夏,Xià,the Xia or Hsia dynasty c. 2000 BC; Xia of the Sixteen Kingdoms (407-432); surname Xia,,
夏天,xià tiān,summer,,
先,xiān,early; prior; former; in advance; first,,
先进,xiān jìn,advanced (technology); to advance,,
先生,xiān sheng,teacher; gentleman; sir; mister (Mr.); husband; (dialect) doctor,,
显,xiǎn,to make visible; to reveal; prominent; conspicuous; (prefix) phanero-,,
显得,xiǎn de,to seem; to look; to appear,,
显然,xiǎn rán,clearly; evidently; obviously,,
显示,xiǎn shì,to show; to illustrate; to display; to demonstrate,,
显著,xiǎn zhù,outstanding; notable; remarkable; statistically significant,,
险,xiǎn,danger; dangerous; rugged,,
县,xiàn,county,,
现场,xiàn chǎng,"the scene (of a crime, accident etc); (on) the spot; (at) the site",,
现代,Xiàn dài,"Hyundai, South Korean company",,
现金,xiàn jīn,cash,,
现实,xiàn shí,reality; actuality; real; actual; realistic; pragmatic; materialistic; self-interested,,
现象,xiàn xiàng,phenomenon; appearance,,
现在,xiàn zài,now; at present; at the moment; modern; current; nowadays,,
线,xiàn,variant of 线,,
线索,xiàn suǒ,trail; clues; thread (of a story),,
限制,xiàn zhì,to restrict; to limit; to confine; restriction; limit,,
陷入,xiàn rù,to sink into; to get caught up in; to land in (a predicament),,
相比,xiāng bǐ,to compare,,
相处,xiāng chǔ,"to be in contact (with sb); to associate; to interact; to get along (well, poorly)",,
相当,xiāng dāng,equivalent to; appropriate; considerably; to a certain extent; fairly; quite,,
相对,xiāng duì,relatively; opposite; to resist; to oppose; relative; vis-a-vis; counterpart,,
相反,xiāng fǎn,opposite; contrary,,
相关,xiāng guān,related; relevant; pertinent; to be interrelated; (statistics) correlation,,
相互,xiāng hù,each other; mutual,,
相机,xiàng jī,camera (abbr. for 照相机); at the opportune moment; as the circumstances allow,,
相同,xiāng tóng,identical; same,,
相信,xiāng xìn,to be convinced (that sth is true); to believe; to accept sth as true,,
香,xiāng,fragrant; sweet smelling; aromatic; savory or appetizing; (to eat) with relish; (of sleep) sound; perfume or spice; joss or incense stick,,
箱,xiāng,box; trunk; chest,,
详细,xiáng xì,detailed; in detail; minute,,
享受,xiǎng shòu,to enjoy; to live it up; pleasure,,
响,xiǎng,echo; sound; noise; to make a sound; to sound; to ring; loud; classifier for noises,,
想,xiǎng,to think (about); to think of; to devise; to think (that); to believe (that); to desire; to want (to); to miss (feel wistful about the absence of),,
想到,xiǎng dào,to think of; to call to mind; to anticipate,,
想法,xiǎng fǎ,way of thinking; opinion; notion; to think of a way (to do sth),,
想念,xiǎng niàn,to miss; to remember with longing; to long to see again,,
想起,xiǎng qǐ,to recall; to think of; to call to mind,,
想象,xiǎng xiàng,to imagine; to envision; imagination,,
向,Xiàng,surname Xiang,,
项,Xiàng,surname Xiang,,
项目,xiàng mù,item; project; (sports) event,,
像,xiàng,to resemble; to be like; to look as if; such as; appearance; image; portrait; image under a mapping (math.),,
消除,xiāo chú,to eliminate; to remove,,
消防,xiāo fáng,firefighting; fire control,,
消失,xiāo shī,to disappear; to fade away,,
消息,xiāo xi,news; information,,
销售,xiāo shòu,"to sell; to market; sales (representative, agreement etc)",,
小,xiǎo,small; tiny; few; young,,
小姐,xiǎo jie,young lady; miss; (slang) prostitute,,
小时,xiǎo shí,hour,,
小时候,xiǎo shí hou,in one's childhood,,
小说,xiǎo shuō,novel; fiction,,
小心,xiǎo xīn,to be careful; to take care,,
小学,xiǎo xué,elementary school; primary school,,
小组,xiǎo zǔ,group,,
效果,xiào guǒ,result; effect; efficacy; (theater) sound or visual effects,,
校长,xiào zhǎng,"(college, university) president; headmaster",,
笑,xiào,old variant of 笑,,
笑容,xiào róng,smile; smiling expression,,
些,xiē,"classifier indicating a small amount or small number greater than 1: some, a few, several",,
协会,xié huì,an association; a society,,
协议,xié yì,agreement; pact; protocol,,
协助,xié zhù,to provide assistance; to aid,,
鞋,xié,shoe,,
写,xiě,to write,,
谢谢,xiè xie,to thank; thanks; thank you,,
心,xīn,heart; mind; intention; center; core,,
心里,xīn li,chest; heart; mind,,
心理,xīn lǐ,psychology; mentality,,
心灵,xīn líng,bright; smart; quick-witted; heart; thoughts; spirit,,
心情,xīn qíng,mood; frame of mind,,
心脏,xīn zàng,heart,,
心中,xīn zhōng,central point; in one's thoughts; in one's heart,,
辛苦,xīn kǔ,exhausting; hard; tough; arduous; to work hard; to go to a lot of trouble; hardship(s),,
欣赏,xīn shǎng,to appreciate; to enjoy; to admire,,
新,Xīn,abbr. for Xinjiang 疆 or Singapore 坡; surname Xin,,
新年,xīn nián,New Year,,
新闻,xīn wén,news,,
新鲜,xīn xiān,"fresh (experience, food etc); freshness; novel; uncommon",,
信,xìn,letter; mail; to trust; to believe; to profess faith in; truthful; confidence; trust; at will; at random,,
信号,xìn hào,signal,,
信任,xìn rèn,to trust; to have confidence in,,
信息,xìn xī,information; news; message,,
信心,xìn xīn,confidence; faith (in sb or sth),,
信仰,xìn yǎng,to believe in (a religion); firm belief; conviction,,
信用卡,xìn yòng kǎ,credit card,,
星期,xīng qī,week; day of the week; Sunday,,
行,háng,"row; line; commercial firm; line of business; profession; to rank (first, second etc) among one's siblings (by age); (in data tables) row; (Tw) column",,
行动,xíng dòng,operation; action; to move about; mobile,,
行为,xíng wéi,action; conduct; behavior; activity,,
行业,háng yè,trade; profession; industry; business,,
行政,xíng zhèng,administration; (attributive) administrative; executive,,
形,xíng,to appear; to look; form; shape,,
形成,xíng chéng,to form; to take shape,,
形式,xíng shì,outer appearance; form; shape; formality,,
形势,xíng shì,circumstances; situation; terrain,,
形象,xíng xiàng,image; form; figure; visualization; vivid,,
型,xíng,mold; type; style; model,,
醒,xǐng,to wake up; to be awake; to become aware; to sober up; to come to,,
醒来,xǐng lái,to waken,,
兴奋,xīng fèn,excited; excitement; (physiology) excitation,,
兴趣,xìng qù,interest (desire to know about sth); interest (thing in which one is interested); hobby,,
姓,xìng,family name; surname; to be surnamed,,
幸福,xìng fú,happiness; happy; blessed,,
幸运,xìng yùn,fortunate; lucky; fortune; luck,,
性,xìng,"nature; character; property; quality; attribute; sexuality; sex; gender; suffix forming adjective from verb; suffix forming noun from adjective, corresponding to -ness or -ity; essence",,
性感,xìng gǎn,sex appeal; eroticism; sexuality; sexy,,
性格,xìng gé,nature; disposition; temperament; character,,
兄弟,xiōng dì,"brothers; younger brother; I, me (humble term used by men in public speech); brotherly; fraternal",,
胸,xiōng,variant of 胸,,
熊,Xióng,surname Xiong,,
休息,xiū xi,rest; to rest,,
修,Xiū,surname Xiu,,
修改,xiū gǎi,to amend; to alter; to modify,,
需,xū,to require; to need; to want; necessity; need,,
需求,xū qiú,requirement; to require; (economics) demand,,
需要,xū yào,to need; to want; to demand; to require; needs,,
许,Xǔ,surname Xu,,
许多,xǔ duō,many; a lot of; much,,
宣布,xuān bù,to declare; to announce; to proclaim,,
宣传,xuān chuán,to disseminate; to give publicity to; propaganda,,
选,xuǎn,to choose; to pick; to select; to elect,,
选举,xuǎn jǔ,to elect; election,,
选手,xuǎn shǒu,athlete; contestant,,
选择,xuǎn zé,to select; to pick; choice; option; alternative,,
学,xué,to learn; to study; to imitate; science; -ology,,
学会,xué huì,to learn; to master; institute; learned society; (scholarly) association,,
学生,xué sheng,student; schoolchild,,
学习,xué xí,to learn; to study,,
学校,xué xiào,school,,
学院,xué yuàn,college; educational institute; school; faculty,,
雪,Xuě,surname Xue,,
血,xuè,blood; colloquial pr. [xiě],,
血液,xuè yè,blood,,
勋章,xūn zhāng,medal; decoration,,
寻,xún,to search; to look for; to seek,,
寻求,xún qiú,to seek; to look for,,
寻找,xún zhǎo,to seek; to look for,,
询问,xún wèn,to inquire,,
迅速,xùn sù,rapid; speedy; fast,,
训练,xùn liàn,to train; to drill; training,,
压,yā,to press; to push down; to keep under (control); pressure,,
压力,yā lì,pressure,,
牙,yá,tooth; ivory,,
亚洲,Yà zhōu,Asia (abbr. for 亚细亚洲),,
呀,ya,"(particle equivalent to 啊 after a vowel, expressing surprise or doubt)",,
烟,yān,cigarette or pipe tobacco; smoke; mist; vapour; tobacco plant; (of the eyes) to be irritated by smoke,,
严格,yán gé,strict; stringent; tight; rigorous,,
严肃,yán sù,solemn; grave; serious; earnest; severe,,
严重,yán zhòng,grave; serious; severe; critical,,
研究,yán jiū,research; a study; to research; to look into,,
盐,yán,salt,,
颜色,yán sè,color; countenance; appearance; facial expression; pigment; dyestuff,,
眼,yǎn,"eye; small hole; crux (of a matter); classifier for big hollow things (wells, stoves, pots etc)",,
眼镜,yǎn jìng,spectacles; eyeglasses,,
眼睛,yǎn jing,eye,,
眼泪,yǎn lèi,tears; crying,,
眼前,yǎn qián,before one's eyes; now; at present,,
眼神,yǎn shén,expression or emotion showing in one's eyes; meaningful glance; wink; eyesight (dialect),,
演,yǎn,to develop; to evolve; to practice; to perform; to play; to act,,
演唱,yǎn chàng,sung performance; to sing for an audience,,
演唱会,yǎn chàng huì,vocal recital or concert,,
演出,yǎn chū,to act (in a play); to perform; to put on (a performance); performance; concert; show,,
演讲,yǎn jiǎng,lecture; to make a speech,,
演员,yǎn yuán,actor or actress; performer,,
羊,Yáng,surname Yang,,
阳光,yáng guāng,sunshine; (of personality) upbeat; energetic; transparent (open to public scrutiny),,
养,yǎng,to raise (animals); to bring up (children); to keep (pets); to support; to give birth,,
样,yàng,"manner; pattern; way; appearance; shape; classifier: kind, type",,
样子,yàng zi,appearance; manner; pattern; model,,
腰,yāo,waist; lower back; pocket; middle; loins,,
邀请,yāo qǐng,to invite; invitation,,
摇,Yáo,surname Yao,,
咬,yǎo,to bite; to nip,,
药,yào,leaf of the iris; variant of 药,,
药品,yào pǐn,medicaments; medicine; drug,,
药物,yào wù,medicaments; pharmaceuticals; medication; medicine; drug,,
要,yāo,(bound form) to demand; to coerce,,
要不,yào bù,otherwise; or else; how about...?; either... (or...),,
要么,yào me,or; either one or the other,,
要求,yāo qiú,to request; to require; requirement; to stake a claim; to ask; to demand,,
要是,yào shi,(coll.) if,,
钥匙,yào shi,key,,
也,Yě,surname Ye,,
也就是说,yě jiù shì shuō,in other words; that is to say; so; thus,,
也许,yě xǔ,perhaps; maybe,,
野,yě,old variant of 野,,
业,Yè,surname Ye,,
业务,yè wù,business; professional work; service,,
页,xié,head,,
夜,yè,variant of 夜,,
夜晚,yè wǎn,night,,
爷爷,yé ye,(coll.) father's father; paternal grandfather,,
一,yī,"one; single; a (article); as soon as; entire; whole; all; throughout; ""one"" radical in Chinese characters (Kangxi radical 1); also pr. [yāo] for greater clarity when spelling out numbers digit by digit",,
一般,yī bān,same; ordinary; so-so; common; general; generally; in general,,
一半,yī bàn,half,,
一辈子,yī bèi zi,(for) a lifetime,,
一边,yī biān,one side; either side; on the one hand; on the other hand; doing while,,
一旦,yī dàn,"in case (sth happens); if; once (sth happens, then...); when; in a short time; in one day",,
一定,yī dìng,surely; certainly; necessarily; fixed; a certain (extent etc); given; particular; must,,
一番,yì fān,Some,,
一会儿,yī huì r,a moment; a while; in a moment; now...now...; also pr. [yī huǐ r],,
一句话,yī jù huà,in a word; in short,,
一路,yī lù,the whole journey; all the way; going the same way; going in the same direction; of the same kind,,
一面,yī miàn,one side; one aspect; simultaneously... (and...); one's whole face,,
一起,yī qǐ,in the same place; together; with; altogether (in total),,
一切,yī qiè,everything; every; all,,
一生,yī shēng,all one's life; throughout one's life,,
一时,yī shí,a period of time; a while; for a short while; temporary; momentary; at the same time,,
一些,yī xiē,some; a few; a little; (following an adjective) slightly ...er,,
一样,yī yàng,same; like; equal to; the same as; just like,,
一一,yī yī,one by one; one after another,,
一阵,yī zhèn,a burst; a fit; a peal; a spell (period of time),,
一直,yī zhí,straight (in a straight line); continuously; always; all the way through,,
一致,yī zhì,unanimous; identical (views or opinions),,
衣服,yī fu,clothes,,
医疗,yī liáo,medical treatment,,
医生,yī shēng,doctor,,
医学,yī xué,medicine; medical science; study of medicine,,
医院,yī yuàn,hospital,,
依,yī,to depend on; to comply with or listen to sb; according to; in the light of,,
依靠,yī kào,to rely on sth (for support etc); to depend on,,
依然,yī rán,still; as before,,
仪式,yí shì,ceremony,,
移,yí,to move; to shift; to change; to alter; to remove,,
移动,yí dòng,to move; movement; migration; mobile; portable,,
遗憾,yí hàn,regret; to regret; to be sorry that,,
已,yǐ,already; to stop; then; afterwards,,
已经,yǐ jīng,already,,
以,yǐ,old variant of 以,,
以后,yǐ hòu,after; later; afterwards; following; later on; in the future,,
以及,yǐ jí,as well as; too; and,,
以来,yǐ lái,since (a previous event),,
以前,yǐ qián,before; formerly; previous; ago,,
以上,yǐ shàng,that level or higher; that amount or more; the above-mentioned; (used to indicate that one has completed one's remarks) That is all.,,
以外,yǐ wài,apart from; other than; except for; external; outside of; on the other side of; beyond,,
以为,yǐ wéi,to think (i.e. to take it to be true that ...) (Usually there is an implication that the notion is mistaken – except when expressing one's own current opinion.),,
以下,yǐ xià,that level or lower; that amount or less; the following,,
义务,yì wù,duty; obligation; volunteer (work etc),,
亿,yì,100 million,,
艺术,yì shù,art,,
亦,yì,also,,
异常,yì cháng,unusual; abnormal; extremely; exceptionally,,
意见,yì jiàn,idea; opinion; suggestion; objection; complaint,,
意识,yì shí,consciousness; awareness; to be aware; to realize,,
意思,yì si,"idea; opinion; meaning; wish; desire; interest; fun; token of appreciation, affection etc; to give as a small token; to do sth as a gesture of goodwill etc",,
意外,yì wài,unexpected; accident; mishap,,
意味着,yì wèi zhe,to signify; to mean; to imply,,
意义,yì yì,sense; meaning; significance; importance,,
因,yīn,old variant of 因,,
因此,yīn cǐ,thus; consequently; as a result,,
因素,yīn sù,element; factor,,
因为,yīn wèi,because; owing to; on account of,,
音乐,yīn yuè,music,,
银,yín,silver; silver-colored; relating to money or currency,,
银行,yín háng,bank,,
引,yǐn,"to draw (e.g. a bow); to pull; to stretch sth; to extend; to lengthen; to involve or implicate in; to attract; to lead; to guide; to leave; to provide evidence or justification for; old unit of distance equal to 10 丈, one-thirtieth of a km or 33.33 meters",,
引导,yǐn dǎo,to guide; to lead (around); to conduct; to boot; introduction; primer,,
引发,yǐn fā,to lead to; to trigger; to initiate; to cause; to evoke (emotions),,
引起,yǐn qǐ,to give rise to; to lead to; to cause; to arouse,,
饮料,yǐn liào,drink; beverage,,
隐藏,yǐn cáng,to hide; to conceal; to mask; to shelter; to harbor (i.e. keep sth hidden); to hide oneself; to lie low; to nestle; hidden; implicit; private; covert; recessed (lighting),,
印,Yìn,surname Yin; abbr. for 度,,
印象,yìn xiàng,impression (sth that stays in one's mind); a memory,,
应,Yīng,surname Ying; Taiwan pr. [Yìng],,
应当,yīng dāng,should; ought to,,
应该,yīng gāi,ought to; should; must,,
英雄,yīng xióng,hero,,
英语,Yīng yǔ,English (language),,
婴儿,yīng ér,infant; baby; lead (Pb),,
赢,yíng,to beat; to win; to profit,,
赢得,yíng dé,to win; to gain,,
影片,yǐng piàn,a copy of a film; film; motion picture; movie,,
影响,yǐng xiǎng,influence; effect; to influence; to affect (usually adversely); to disturb,,
硬,yìng,hard; stiff; solid; (fig.) strong; firm; resolutely; uncompromisingly; laboriously; with great difficulty; good (quality); able (person); (of food) filling; substantial,,
拥抱,yōng bào,to embrace; to hug,,
拥有,yōng yǒu,to have; to possess,,
永远,yǒng yuǎn,forever; eternal,,
勇敢,yǒng gǎn,brave; courageous,,
勇气,yǒng qì,courage; valor,,
用,yòng,to use; to employ; to have to; to eat or drink; expense or outlay; usefulness; hence; therefore,,
用来,yòng lái,to be used for,,
用于,yòng yú,to use in; to use on; to use for,,
优势,yōu shì,superiority; dominance; advantage,,
优秀,yōu xiù,outstanding; excellent,,
尤其,yóu qí,especially; particularly,,
由,yóu,to follow; from; because of; due to; by; via; through; (before a noun and a verb) it is for ... to ...,,
由于,yóu yú,due to; as a result of; thanks to; owing to; since; because,,
邮件,yóu jiàn,mail; post; email,,
油,yóu,"oil; fat; grease; petroleum; to apply tung oil, paint or varnish; oily; greasy; glib; cunning",,
游,Yóu,surname You,,
游戏,yóu xì,game; to play,,
游泳,yóu yǒng,swimming; to swim,,
有,yǒu,to have; there is; (bound form) having; with; -ful; -ed; -al (as in 意 intentional),,
有的,yǒu de,(there are) some (who are...); some (exist),,
有关,yǒu guān,to have sth to do with; to relate to; related to; to concern; concerning,,
有趣,yǒu qù,interesting; fascinating; amusing,,
有人,yǒu rén,someone; people; anyone; there is someone there; occupied (as in restroom),,
有时,yǒu shí,sometimes; now and then,,
有时候,yǒu shí hou,sometimes,,
有所,yǒu suǒ,somewhat; to some extent,,
有效,yǒu xiào,effective; in effect; valid,,
有些,yǒu xiē,some; somewhat,,
有意思,yǒu yì si,interesting; meaningful; enjoyable; fun,,
有着,yǒu zhe,to have; to possess,,
又,yòu,(once) again; also; both... and...; and yet; (used for emphasis) anyway,,
右,yòu,(bound form) right; right-hand side; (bound form) (politics) right of center; (bound form) (old) west; (literary) the right side as the side of precedence,,
右边,yòu bian,"right side; right, to the right",,
诱惑,yòu huò,to entice; to lure; to induce; to attract,,
友好,Yǒu hǎo,"Youhao district of Yichun city 市, Heilongjiang",,
友谊,yǒu yì,companionship; fellowship; friendship,,
于,Yú,surname Yu,,
于是,yú shì,thereupon; as a result; consequently; thus; hence,,
鱼,Yú,surname Yu,,
娱乐,yú lè,to entertain; to amuse; entertainment; recreation; amusement; hobby; fun; joy,,
愉快,yú kuài,cheerful; cheerily; delightful; pleasant; pleasantly; pleasing; happy; delighted,,
与,yú,variant of 欤,,
宇宙,yǔ zhòu,universe; cosmos,,
雨,yǔ,rain,,
语言,yǔ yán,language,,
玉米,yù mǐ,corn; maize,,
预测,yù cè,to forecast; to predict,,
预计,yù jì,to forecast; to predict; to estimate,,
预算,yù suàn,budget,,
遇,Yù,surname Yu,,
遇到,yù dào,to meet; to run into; to come across,,
遇见,yù jiàn,to meet,,
元,Yuán,surname Yuan; the Yuan or Mongol dynasty (1279-1368),,
员,yuán,person; employee; member,,
员工,yuán gōng,staff; personnel; employee,,
原,Yuán,surname Yuan; (Japanese surname) Hara,,
原本,yuán běn,originally; original,,
原来,yuán lái,"original; former; originally; formerly; at first; so, actually, as it turns out",,
原谅,yuán liàng,to excuse; to forgive; to pardon,,
原因,yuán yīn,cause; origin; root cause; reason,,
原则,yuán zé,principle; doctrine,,
圆,yuán,circle; round; circular; spherical; (of the moon) full; unit of Chinese currency (yuan); tactful; to make consistent and whole (the narrative of a dream or a lie),,
远,yuǎn,far; distant; remote; (intensifier in a comparison) by far; much (lower etc),,
远离,yuǎn lí,to be far from; to keep away from,,
远远,yuǎn yuǎn,distant; by far,,
院,yuàn,courtyard; institution,,
愿,yuàn,honest; prudent; variant of 愿,,
愿望,yuàn wàng,desire; wish,,
愿意,yuàn yì,to wish; to want; ready; willing (to do sth),,
约,yāo,to weigh in a balance or on a scale,,
约会,yuē huì,appointment; engagement; date; to arrange to meet,,
月,yuè,moon; month; monthly,,
越,Yuè,generic word for peoples or states of south China or south Asia at different historical periods; abbr. for Vietnam 越南,,
越来越,yuè lái yuè,more and more,,
晕,yūn,confused; dizzy; giddy; to faint; to swoon; to lose consciousness; to pass out,,
云,yún,(classical) to say,,
允许,yǔn xǔ,to permit; to allow,,
运,yùn,to move; to transport; to use; to apply; fortune; luck; fate,,
运动,yùn dòng,to move; to exercise; sports; exercise; motion; movement; campaign,,
运动员,yùn dòng yuán,athlete,,
运气,yùn qi,luck (good or bad),,
运输,yùn shū,to transport; to carry; transportation,,
运行,yùn xíng,to move along one's course (of celestial bodies etc); (fig.) to function; to be in operation; (of a train service etc) to operate; to run; (of a computer) to run,,
运用,yùn yòng,to use; to put to use,,
运作,yùn zuò,to operate; operations; workings; activities (usu. of an organization); thread (computing),,
杂志,zá zhì,magazine,,
砸,zá,to smash; to pound; to fail; to muck up; to bungle,,
再,zài,"again; once more; re-; second; another; then (after sth, and not until then); no matter how ... (followed by an adjective or verb, and then (usually) 也 or 都 for emphasis)",,
再次,zài cì,one more time; again; one more; once again,,
再见,zài jiàn,goodbye; see you again later,,
再说,zài shuō,to say again; to put off a discussion until later; moreover; what's more; besides,,
在,zài,to exist; to be alive; (of sb or sth) to be (located) at; (used before a verb to indicate an action in progress),,
在场,zài chǎng,to be present; to be on the scene,,
在乎,zài hu,to care about; equivalent of 在于,,
在家,zài jiā,to be at home; (at a workplace) to be in (as opposed to being away on official business 差); (Buddhism etc) to remain a layman (as opposed to becoming a monk or a nun 家),,
在于,zài yú,to be in; to lie in; to consist in; to depend on; to rest with,,
咱,zán,variant of 咱,,
咱们,zán men,we or us (including both the speaker and the person(s) spoken to); (dialect) I or me; (dialect) (in a coaxing or familiar way) you; also pr. [zá men],,
暂时,zàn shí,temporary; provisional; for the time being,,
遭到,zāo dào,to suffer; to meet with (sth unfortunate),,
遭遇,zāo yù,to meet with; to encounter; (bitter) experience,,
糟糕,zāo gāo,too bad; how terrible; what bad luck; terrible; bad,,
早,zǎo,early; morning; Good morning!; long ago; prematurely,,
早餐,zǎo cān,breakfast,,
早晨,zǎo chén,early morning; also pr. [zǎo chen],,
早就,zǎo jiù,already at an earlier time,,
早上,zǎo shang,early morning,,
造,zào,to make; to build; to manufacture; to invent; to fabricate; to go to; party (in a lawsuit or legal agreement); crop; classifier for crops,,
造成,zào chéng,to bring about; to create; to cause,,
造型,zào xíng,to model; to shape; appearance; style; design; form; pose,,
则,zé,(literary) (conjunction used to express contrast with a previous clause) but; then; (bound form) standard; norm; (bound form) principle; (literary) to imitate; to follow; classifier for written items,,
责任,zé rèn,responsibility; blame; duty,,
贼,zéi,thief; traitor; wily; deceitful; evil; extremely,,
怎么,zěn me,how?; what?; why?,,
怎么办,zěn me bàn,what's to be done,,
怎么样,zěn me yàng,how?; how about?; how was it?; how are things?,,
怎样,zěn yàng,how; what kind,,
增加,zēng jiā,to raise; to increase,,
增长,zēng zhǎng,to grow; to increase,,
扎,zhā,"to prick; to run or stick (a needle etc) into; mug or jug used for serving beer (loanword from ""jar"")",,
炸,zhá,to deep fry; Taiwan pr. [zhà],,
炸弹,zhà dàn,bomb,,
粘,nián,variant of 黏,,
展开,zhǎn kāi,to unfold; to spread out; to open up; to launch; to carry out,,
展示,zhǎn shì,to reveal; to display; to show; to exhibit,,
展现,zhǎn xiàn,to unfold before one's eyes; to emerge; to reveal; to display,,
占,zhàn,variant of 占,,
战斗,zhàn dòu,to fight; to engage in combat; struggle; battle,,
战略,zhàn lu:è,strategy,,
战胜,zhàn shèng,to prevail over; to defeat; to surmount,,
战士,zhàn shì,fighter; soldier; warrior,,
战争,zhàn zhēng,war; conflict,,
站,zhàn,station; to stand; to halt; to stop; branch of a company or organization; website,,
张,Zhāng,surname Zhang,,
章,Zhāng,surname Zhang,,
长,cháng,length; long; forever; always; constantly,,
长大,zhǎng dà,to grow up,,
长期,cháng qī,long term; long time; long range (of a forecast),,
掌握,zhǎng wò,"to grasp (often fig.); to control; to seize (initiative, opportunity, destiny); to master; to know well; to understand sth well and know how to use it; fluency",,
丈夫,zhàng fu,husband,,
账户,zhàng hù,bank account; online account,,
障碍,zhàng ài,barrier; obstruction; hindrance; impediment; obstacle,,
招,zhāo,to recruit; to provoke; to beckon; to incur; to infect; contagious; a move (chess); a maneuver; device; trick; to confess,,
找,zhǎo,to try to find; to look for; to call on sb; to find; to seek; to return; to give change,,
找到,zhǎo dào,to find,,
照,zhào,variant of 照; to shine; to illuminate,,
照顾,zhào gu,to take care of; to show consideration; to attend to; to look after,,
照片,zhào piàn,photograph; picture,,
折,shé,"to snap; to break (a stick, a bone etc); (bound form) to sustain a loss (in business)",,
折磨,zhé mó,to torment; to torture,,
者,zhě,"(after a verb or adjective) one who (is) ...; (after a noun) person involved in ...; -er; -ist; (used after a number or 后 or 前 to refer to sth mentioned previously); (used after a term, to mark a pause before defining the term); (old) (used at the end of a command); (old) this",,
这,zhè,"(pronoun) this; these; (bound form) this; the (followed by a noun); (bound form) this; these (followed by a classifier) (in this sense, commonly pr. [zhèi], esp. in Beijing)",,
这边,zhè biān,this side; here,,
这儿,zhè r,here,,
这里,zhè lǐ,variant of 这里,,
这么,zhè me,so much; this much; how much?; this way; like this,,
这时,zhè shí,at this time; at this moment,,
这些,zhè xiē,these,,
这样,zhè yàng,this kind of; so; this way; like this; such,,
着,zhāo,(chess) move; trick; all right!; (dialect) to add,,
著名,zhù míng,famous; noted; well-known; celebrated,,
针,zhēn,needle; pin; injection; stitch,,
针对,zhēn duì,to target; to focus on; to be aimed at or against; in response to,,
珍惜,zhēn xī,to treasure; to value; to cherish,,
真,zhēn,really; truly; indeed; real; true; genuine,,
真的,zhēn de,"really, truly, indeed",,
真实,zhēn shí,true; real,,
真相,zhēn xiàng,the truth about sth; the actual facts,,
真心,zhēn xīn,sincere; heartfelt,,
真正,zhēn zhèng,genuine; real; true; really; indeed,,
诊断,zhěn duàn,to diagnose,,
阵,zhèn,disposition of troops; wave; spate; burst; spell; short period of time; classifier for events or states of short duration,,
镇,zhèn,to press down; to calm; to subdue; to suppress; to guard; garrison; small town; to cool or chill (food or drinks),,
震惊,zhèn jīng,to shock; to astonish,,
争,zhēng,to strive for; to vie for; to argue or debate; deficient or lacking (dialect); how or what (literary),,
争取,zhēng qǔ,to fight for; to strive for; to win over,,
整,zhěng,exactly; in good order; whole; complete; entire; in order; orderly; to repair; to mend; to renovate; (coll.) to fix sb; to give sb a hard time; to mess with sb,,
整个,zhěng gè,whole; entire; total,,
整理,zhěng lǐ,"to arrange; to tidy up; to sort out; to straighten out; to list systematically; to collate (data, files); to pack (luggage)",,
整天,zhěng tiān,all day long; whole day,,
正,zhēng,first month of the lunar year,,
正常,zhèng cháng,regular; normal; ordinary,,
正好,zhèng hǎo,just (in time); just right; just enough; to happen to; to chance to; by chance; it just so happens that,,
正确,zhèng què,correct; sound; right; proper,,
正式,zhèng shì,formal; official,,
正是,zhèng shì,is precisely,,
正在,zhèng zài,just at (that time); right in (that place); right in the middle of (doing sth),,
证,zhèng,to admonish; variant of 证,,
证据,zhèng jù,evidence; proof; testimony,,
证明,zhèng míng,proof; certificate; identification; testimonial; to prove; to testify; to confirm the truth of,,
证实,zhèng shí,to confirm (sth to be true); to verify,,
政策,zhèng cè,policy,,
政府,zhèng fǔ,government,,
政治,zhèng zhì,politics; political,,
症状,zhèng zhuàng,symptom (of an illness),,
之,zhī,"(possessive particle, literary equivalent of 的); him; her; it",,
之后,zhī hòu,after; behind; (at the beginning of a sentence) afterwards; since then,,
之间,zhī jiān,"(after a noun) between; among; amid; (used after certain bisyllabic words to form expressions indicating a short period of time, e.g. 弹指之间)",,
之类,zhī lèi,and so on; and such,,
之内,zhī nèi,inside; within,,
之前,zhī qián,before; prior to; ago; previously; beforehand,,
之所以,zhī suǒ yǐ,"(after a noun N and before a predicate P) the reason why N P; Example: 我之所以讨厌他 ""the reason why I dislike him (is ...)""",,
之外,zhī wài,outside; excluding,,
之下,zhī xià,under; beneath; less than,,
之一,zhī yī,"one of (sth); one out of a multitude; one (third, quarter, percent etc)",,
之中,zhī zhōng,inside; among; in the midst of (doing sth); during,,
支,Zhī,surname Zhi,,
支持,zhī chí,to be in favor of; to support; to back; support; backing; to stand by,,
支付,zhī fù,to pay (money),,
汁,zhī,juice,,
知道,zhī dào,to know; to become aware of; also pr. [zhī dao],,
知识,zhī shi,knowledge; intellectual,,
执法,zhí fǎ,to enforce a law; law enforcement,,
执行,zhí xíng,to implement; to carry out; to execute; to run,,
直,Zhí,"surname Zhi; Zhi (c. 2000 BC), fifth of the legendary Flame Emperors 帝 descended from Shennong 神农 Farmer God",,
直播,zhí bō,"(TV, radio) to broadcast live; live broadcast; (Internet) to livestream; (agriculture) direct seeding",,
直到,zhí dào,until,,
直接,zhí jiē,direct (opposite: indirect 间接); immediate; straightforward,,
值,zhí,value; (to be) worth; to happen to; to be on duty,,
值得,zhí de,to be worth; to deserve,,
职业,zhí yè,occupation; profession; vocation; professional,,
职责,zhí zé,duty; responsibility; obligation,,
植物,zhí wù,plant; vegetation,,
止,zhǐ,to stop; to prohibit; until; only,,
只,zhǐ,only; merely; just; but,,
只不过,zhǐ bu guò,only; merely; nothing but; no more than; it's just that ...,,
只好,zhǐ hǎo,to have no other option but to ...; to have to; to be forced to,,
只能,zhǐ néng,can only; obliged to do sth; to have no other choice,,
只是,zhǐ shì,merely; only; just; nothing but; simply; but; however,,
只要,zhǐ yào,if only; so long as,,
只有,zhǐ yǒu,"only have ...; there is only ...; (used in combination with 才) it is only if one ... (that one can ...) (Example: 只有通过治疗才能痊愈 ""the only way to cure it is with therapy""); it is only ... (who ...) (Example: 要 ""only men would have such a requirement""); (used to indicate that one has no alternative) one can only (do a certain thing) (Example: 服 ""the only thing you can do is give in"")",,
纸,zhǐ,variant of 纸,,
指,zhǐ,finger; to point at or to; to indicate or refer to; to depend on; to count on; (of hair) to stand on end,,
指出,zhǐ chū,to indicate; to point out,,
指导,zhǐ dǎo,to guide; to give directions; to direct; to coach; guidance; tuition,,
指挥,zhǐ huī,to conduct; to command; to direct; conductor (of an orchestra),,
指示,zhǐ shì,to point out; to indicate; to instruct; directives; instructions,,
至,zhì,to arrive; most; to; until,,
至今,zhì jīn,so far; to this day; until now,,
至少,zhì shǎo,at least; (to say the) least,,
至于,zhì yú,as for; as to; to go so far as to,,
制,zhì,system; to control; to regulate; variant of 制,,
制定,zhì dìng,to draw up; to formulate,,
制度,zhì dù,"system (e.g. political, adminstrative etc); institution",,
制造,zhì zào,to manufacture; to make,,
制作,zhì zuò,to make; to manufacture,,
治,zhì,to rule; to govern; to manage; to control; to harness (a river); to treat (a disease); to wipe out (a pest); to punish; to research,,
治安,zhì ān,law and order; public security,,
治疗,zhì liáo,to treat (an illness); medical treatment; therapy,,
质量,zhì liàng,quality; (physics) mass,,
致,zhì,(bound form) fine; delicate; exquisite,,
智慧,zhì huì,wisdom; knowledge; intelligent; intelligence,,
置,zhì,to install; to place; to put; to buy,,
中,Zhōng,China; Chinese; surname Zhong,,
中国,Zhōng guó,China,,
中间,zhōng jiān,the middle; the inside; in the middle; within; between; among; during; in the meantime,,
中午,zhōng wǔ,noon; midday,,
中心,zhōng xīn,center; heart; core,,
中央,zhōng yāng,central; middle; center; central authorities (of a state),,
终于,zhōng yú,at last; in the end; finally; eventually,,
钟,Zhōng,surname Zhong,,
肿瘤,zhǒng liú,tumor,,
种,zhǒng,"seed; species; kind; type; classifier for types, kinds, sorts",,
重,chóng,to repeat; repetition; again; re-; classifier: layer,,
重大,zhòng dà,great; important; major; significant,,
重点,chóng diǎn,to recount (e.g. results of election); to re-evaluate,,
重复,chóng fù,to repeat; to duplicate,,
重视,zhòng shì,to attach importance to sth; to value,,
重新,chóng xīn,again; once more; re-,,
重要,zhòng yào,important; significant; major,,
州,zhōu,prefecture; (old) province; (old) administrative division; state (e.g. of US); oblast (Russia); canton (Switzerland),,
周,Zhōu,surname Zhou; Zhou Dynasty (1046-256 BC),,
周末,zhōu mò,weekend,,
周年,zhōu nián,anniversary; annual,,
周围,zhōu wéi,environs; surroundings; periphery,,
猪,zhū,hog; pig; swine,,
逐渐,zhú jiàn,gradually,,
主,zhǔ,owner; master; host; individual or party concerned; God; Lord; main; to indicate or signify; trump card (in card games),,
主持,zhǔ chí,to take charge of; to manage or direct; to preside over; to uphold; to stand for (justice etc); to host (a TV or radio program etc); (TV) anchor,,
主持人,zhǔ chí rén,TV or radio presenter; host; anchor,,
主动,zhǔ dòng,to take the initiative; to do sth of one's own accord; spontaneous; active; opposite: passive 被动; drive (of gears and shafts etc),,
主管,zhǔ guǎn,in charge; responsible for; person in charge; manager,,
主角,zhǔ jué,leading role; lead; protagonist,,
主人,zhǔ rén,master; host; owner,,
主任,zhǔ rèn,director; head,,
主题,zhǔ tí,theme; subject,,
主席,zhǔ xí,chairperson; premier; chairman,,
主要,zhǔ yào,main; principal; major; primary,,
主义,zhǔ yì,-ism; ideology,,
主意,zhǔ yi,plan; idea; decision; Beijing pr. [zhú yi],,
煮,zhǔ,variant of 煮,,
住,zhù,"to live; to dwell; to stay; to reside; to stop; (suffix indicating firmness, steadiness, or coming to a halt)",,
助理,zhù lǐ,assistant,,
注,zhù,to inject; to pour into; to concentrate; to pay attention; stake (gambling); classifier for sums of money; variant of 注,,
注册,zhù cè,to register; to enroll,,
注定,zhù dìng,to foreordain; to be bound to; to be destined to; to be doomed to; inevitably,,
注射,zhù shè,injection; to inject,,
注意,zhù yì,to take note of; to pay attention to,,
祝,Zhù,surname Zhu,,
祝福,zhù fú,blessings; to wish sb well,,
祝贺,zhù hè,to congratulate; congratulations,,
抓,zhuā,to grab; to catch; to arrest; to snatch; to scratch,,
抓紧,zhuā jǐn,to keep a firm grip on; to pay close attention to; to lose no time in (doing sth),,
抓住,zhuā zhù,to grab hold of; to capture,,
专辑,zhuān jí,album; record (music); special collection of printed or broadcast material,,
专家,zhuān jiā,expert; specialist,,
专门,zhuān mén,specialist; specialized; customized,,
专业,zhuān yè,specialty; specialized field; main field of study (at university); major; professional,,
转,zhuǎi,see 转文,,
转变,zhuǎn biàn,to change; to transform; shift; transformation,,
转身,zhuǎn shēn,(of a person) to turn round; to face about; (of a widow) to remarry (archaic),,
转移,zhuǎn yí,to shift; to relocate; to transfer; (fig.) to shift (attention); to change (the subject etc); (medicine) to metastasize,,
赚,zhuàn,to earn; to make a profit,,
赚钱,zhuàn qián,to earn money; moneymaking,,
装,zhuāng,adornment; to adorn; dress; clothing; costume (of an actor in a play); to play a role; to pretend; to install; to fix; to wrap (sth in a bag); to load; to pack,,
装备,zhuāng bèi,equipment; to equip; to outfit,,
装饰,zhuāng shì,to decorate; decoration; decorative; ornamental,,
装置,zhuāng zhì,to install; installation; equipment; system; unit; device,,
状况,zhuàng kuàng,condition; state; situation,,
状态,zhuàng tài,condition; state; state of affairs,,
撞,zhuàng,to knock against; to bump into; to run into; to meet by accident,,
追,duī,to sculpt; to carve; musical instrument (old),,
追求,zhuī qiú,to pursue (a goal etc) stubbornly; to seek after; to woo,,
准,zhǔn,to allow; to grant; in accordance with; in the light of,,
准备,zhǔn bèi,preparation; to prepare; to intend; to be about to; reserve (fund),,
准确,zhǔn què,accurate; exact; precise,,
桌子,zhuō zi,table; desk,,
咨询,zī xún,to consult; to seek advice; consultation; (sales) inquiry (formal),,
资产,zī chǎn,property; assets,,
资格,zī gé,qualifications; seniority,,
资金,zī jīn,funds; capital,,
资料,zī liào,material; resources; data; information; profile (Internet),,
资源,Zī yuán,"Ziyuan county in Guilin 林, Guangxi",,
仔细,zǐ xì,careful; attentive; cautious; to be careful; to look out,,
字,zì,letter; symbol; character; word; courtesy or style name traditionally given to males aged 20 in dynastic China,,
自,zì,self; oneself; from; since; naturally; surely,,
自从,zì cóng,since (a time); ever since,,
自动,zì dòng,automatic; voluntarily,,
自己,zì jǐ,oneself; one's own,,
自然,zì rán,nature; natural; naturally,,
自杀,zì shā,to kill oneself; to commit suicide; to attempt suicide,,
自身,zì shēn,itself; oneself; one's own,,
自我,zì wǒ,self-; ego (psychology),,
自信,zì xìn,to have confidence in oneself; self-confidence,,
自行车,zì xíng chē,bicycle; bike,,
自由,zì yóu,freedom; liberty; free; unrestricted,,
子,zǐ,"son; child; seed; egg; small thing; 1st earthly branch: 11 p.m.-1 a.m., midnight, 11th solar month (7th December to 5th January), year of the Rat; Viscount, fourth of five orders of nobility 位; ancient Chinese compass point: 0° (north); subsidiary; subordinate; sub-",,
宗,Zōng,surname Zong,,
宗教,zōng jiào,religion,,
总,zǒng,general; overall; to sum up; in every case; always; invariably; anyway; after all; eventually; sooner or later; surely; (after a person's name) abbr. for 总经理 or 总编 etc,,
总部,zǒng bù,general headquarters,,
总是,zǒng shì,always,,
总统,zǒng tǒng,president (of a country),,
总之,zǒng zhī,in a word; in short; in brief,,
走,zǒu,"to walk; to go; to run; to move (of vehicle); to visit; to leave; to go away; to die (euph.); from; through; away (in compound verbs, such as 走); to change (shape, form, meaning)",,
租,zū,to hire; to rent; to charter; to rent out; to lease out; rent; land tax,,
足,jù,excessive,,
足够,zú gòu,enough; sufficient,,
足球,zú qiú,soccer ball; a football; soccer; football,,
族,zú,"race; nationality; ethnicity; clan; by extension, social group (e.g. office workers 上班族)",,
阻止,zǔ zhǐ,to prevent; to block,,
组,Zǔ,surname Zu,,
组成,zǔ chéng,to form; to make up; to constitute,,
组合,zǔ hé,to assemble; to combine; to compose; combination; association; set; compilation; (math.) combinatorial,,
组织,zǔ zhī,to organize; organization; (biology) tissue; (textiles) weave,,
钻,zuàn,variant of 钻,,
嘴,zuǐ,mouth; beak; nozzle; spout (of teapot etc),,
最,zuì,variant of 最,,
最好,zuì hǎo,best; (you) had better (do what we suggest),,
最后,zuì hòu,final; last; finally; ultimate,,
最佳,zuì jiā,"optimum; optimal; peak; best (athlete, movie etc)",,
最近,zuì jìn,recently; soon; nearest,,
最终,zuì zhōng,final; ultimate,,
罪,zuì,guilt; crime; fault; blame; sin,,
醉,zuì,intoxicated,,
尊重,zūn zhòng,to esteem; to respect; to honor; to value; eminent; serious; proper,,
遵守,zūn shǒu,to comply with; to abide by; to respect (an agreement),,
昨天,zuó tiān,yesterday,,
左,Zuǒ,surname Zuo,,
左右,zuǒ yòu,left and right; nearby; approximately; attendant; to control; to influence,,
作,zuō,worker; workshop; (slang) troublesome; high-maintenance (person),,
作出,zuò chū,"to put out; to come up with; to make (a choice, decision, proposal, response, comment etc); to issue (a permit, statement, explanation, apology, reassurance to the public etc); to draw (conclusion); to deliver (speech, judgment); to devise (explanation); to extract",,
作家,zuò jiā,author,,
作品,zuò pǐn,work (of art); opus,,
作为,zuò wéi,one's conduct; deed; activity; accomplishment; achievement; to act as; as (in the capacity of); qua; to view as; to look upon (sth as); to take sth to be,,
作业,zuò yè,school assignment; homework; work; task; operation; to operate,,
作用,zuò yòng,"to act on; to affect; action; function; activity; impact; result; effect; purpose; intent; (suffix) -ation, -tion etc, as in 用, inhibition",,
作战,zuò zhàn,combat; to fight,,
作者,zuò zhě,author; writer,,
坐,Zuò,surname Zuo,,
坐下,zuò xia,to sit down,,
座,zuò,"seat; base; stand; (archaic) suffix used in a respectful form of address, e.g. 师座; classifier for buildings, mountains and similar immovable objects",,
做,zuò,"to make; to produce; to write; to compose; to do; to engage in; to hold (a party etc); (of a person) to be (an intermediary, a good student etc); to become (husband and wife, friends etc); (of a thing) to serve as; to be used for; to assume (an air or manner)",,
做到,zuò dào,to accomplish; to achieve,,
做法,zuò fǎ,way of handling sth; method for making; work method; recipe; practice,,
