Vocab,Pinyin,Meaning,Example,Example_Meaning
啊,ā,interjection of surprise; Ah!; Oh!,啊，是你！,"Ah, it's you!"
哎,āi,hey!; (interjection used to attract attention or to express surprise or disapprobation),哎，你来了。,"Hey, you're here."
唉,āi,"interjection or grunt of agreement or recognition (e.g. yes, it's me!); to sigh",唉，是我。,"Ah, it's me."
矮,ǎi,low; short (in length),他个子很矮。,He is very short.
爱,ài,to love; to be fond of; to like; affection; to be inclined (to do sth); to tend to (happen),我爱吃苹果。,I like apples.
爱情,ài qíng,romance; love (romantic),你相信爱情吗？,Do you believe in love?
安,Ān,surname An,我姓安。,My surname is An.
安静,ān jìng,quiet; peaceful; calm,这里很安静。,It's very quiet here.
安排,ān pái,to arrange; to plan; to set up; arrangements; plans,我来安排时间。,I'll arrange the schedule.
安全,ān quán,safe; secure; safety; security,注意安全。,Stay safe.
安慰,ān wèi,to comfort; to console,请安慰我。,Please comfort me.
安装,ān zhuāng,to install; to erect; to fix; to mount; installation,请安装这个软件。,Please install this software.
按,àn,to press; to push; to leave aside or shelve; to control; to restrain; to keep one's hand on; to check or refer to; according to; in the light of; (of an editor or author) to make a comment,请按按钮。,Please press the button.
按摩,àn mó,massage; to massage,我们去按摩吧。,Let's go get a massage.
按照,àn zhào,according to; in accordance with; in the light of; on the basis of,按照你说的做。,Do as you said.
案件,àn jiàn,case; instance,这个案件很简单。,This case is very simple.
暗,àn,variant of 暗,天暗了，回家吧。,"It's getting dark, let's go home."
八,bā,eight; 8,我有八个苹果。,I have eight apples.
拔,bá,to pull up; to pull out; to draw out by suction; to select; to pick; to stand out (above level); to surpass; to seize,我去拔牙。,I am going to pull out a tooth.
把,bǎ,"to hold; to grasp; to hold a baby in position to help it urinate or defecate; handlebar; classifier: handful, bundle, bunch; classifier for things with handles; (used to put the object before the verb: 把 + {noun} + {verb})",把门关上。,Close the door.
把握,bǎ wò,to grasp (also fig.); to seize; to hold; assurance; certainty; sure (of the outcome),我有把握。,I'm sure.
爸,bà,father; dad; pa; papa,爸，我回来了。,"Dad, I'm back."
爸爸,bà ba,(coll.) father; dad,爸爸在家吗？,Is dad at home?
吧,bā,"bar (loanword) (serving drinks, or providing Internet access etc); to puff (on a pipe etc); (onom.) bang; abbr. for 贴吧",我在酒吧等你。,I am waiting for you at the bar.
罢了,bà le,"a modal particle indicating (that's all, only, nothing much)",普通朋友罢了。,Just ordinary friends.
白,Bái,surname Bai,我朋友姓白。,My friend's surname is Bai.
白色,bái sè,white; fig. reactionary; anti-communist,我喜欢白色。,I like white.
白天,bái tiān,daytime; during the day; day,白天我上班。,I work during the day.
百,Bǎi,surname Bai,我姓百。,My surname is Bai.
摆,bǎi,to arrange; to exhibit; to move to and fro; a pendulum,把书摆在桌上。,Put the book on the table.
摆脱,bǎi tuō,to break away from; to cast off (old ideas etc); to get rid of; to break away (from); to break out (of); to free oneself from; to extricate oneself,我想摆脱烦恼。,I want to get rid of my worries.
班,Bān,surname Ban,我姓班。,My surname is Ban.
搬,bān,to move (i.e. relocate oneself); to move (sth relatively heavy or bulky); to shift; to copy indiscriminately,我明天搬家。,I'm moving tomorrow.
板,bǎn,board; plank; plate; shutter; table tennis bat; clappers (music); accented beat in Chinese music; hard; stiff; to stop smiling or look serious,买块木板吧。,Let's buy a wooden board.
版,bǎn,a register; block of printing; edition; version; page,这是最新版吗？,Is this the latest version?
办,bàn,to do; to manage; to handle; to go about; to run; to set up; to deal with,我来办。,I'll handle it.
办法,bàn fǎ,means; method; way (of doing sth),别担心，有办法。,"Don't worry, there's a way."
办公室,bàn gōng shì,office; business premises; bureau,他在办公室吗？,Is he in the office?
半,bàn,half; semi-; incomplete; (after a number) and a half,我喝了半杯水。,I drank half a cup of water.
半场,bàn chǎng,half of a game or contest; half-court,上半场结束了。,The first half is over.
伴,bàn,partner; companion; comrade; associate; to accompany,路上有个伴真好。,It's great to have a companion.
扮演,bàn yǎn,to play the role of; to act,他喜欢扮演超人。,He likes to play the role of Superman.
帮,bāng,old variant of 帮,请帮帮我。,Please help me.
帮忙,bāng máng,to help; to lend a hand; to do a favor; to do a good turn,你能帮忙吗？,Can you help?
帮助,bāng zhù,assistance; aid; to help; to assist,谢谢你的帮助。,Thank you for your help.
绑架,bǎng jià,to kidnap; to abduct; to hijack; a kidnapping; abduction; staking,别绑架小孩。,Don't kidnap children.
棒,bàng,stick; club; cudgel; smart; capable; strong; wonderful; classifier for legs of a relay race,你做得真棒！,You did great!
包,Bāo,surname Bao,包老师来了。,Teacher Bao is here.
包括,bāo kuò,to comprise; to include; to involve; to incorporate; to consist of,价格包括午餐。,The price includes lunch.
宝,bǎo,variant of 宝,這是我的宝。,This is my treasure.
宝宝,bǎo bao,darling; baby,宝宝真可爱。,Baby is so cute.
宝贝,bǎo bèi,treasured object; treasure; darling; baby; cowry; good-for-nothing or queer character,你是我的宝贝。,You are my darling.
保,Bǎo,Bulgaria; Bulgarian; abbr. for 保加利亚,请保重身体。,Please take care of yourself.
保安,bǎo ān,to ensure public security; to ensure safety (for workers engaged in production); public security; security guard,我是保安。,I am a security guard.
保持,bǎo chí,to keep; to maintain; to hold; to preserve,请保持安静。,Please keep quiet.
保存,bǎo cún,to conserve; to preserve; to keep; to save (a file etc) (computing),请保存文件。,Please save the file.
保护,bǎo hù,to protect; to defend; to safeguard; protection,我们要保护动物。,We should protect animals.
保留,bǎo liú,to keep; to retain; to have reservations (about sth); to hold back (from saying sth); to put aside for later,请保留这张票。,Please keep this ticket.
保险,bǎo xiǎn,insurance; to insure; safe; secure; be sure; be bound to,这样比较保险。,This is safer.
保障,bǎo zhàng,to ensure; to guarantee; to safeguard,这能保障你的安全。,This ensures your safety.
保证,bǎo zhèng,guarantee; to guarantee; to ensure; to safeguard; to pledge,我保证准时到。,I promise to arrive on time.
报,bào,to announce; to inform; report; newspaper; recompense; revenge,他报了警。,He called the police.
报道,bào dào,to report (news); report,电视正在报道比赛。,The TV is reporting on the match.
报告,bào gào,to inform; to report; to make known; report; speech; talk; lecture,我报告一下进度。,I'll give a quick progress report.
报警,bào jǐng,to sound an alarm; to report sth to the police,我马上报警。,I will call the police right away.
报纸,bào zhǐ,newspaper; newsprint,他在看报纸。,He is reading the newspaper.
抱,bào,to hold; to carry (in one's arms); to hug; to embrace; to surround; to cherish; (coll.) (of clothes) to fit nicely,妈妈抱我。,Mom hugs me.
抱怨,bào yuàn,to complain; to grumble; to harbor a complaint; to feel dissatisfied,别抱怨了。,Stop complaining.
暴力,bào lì,violence; force; violent,别用暴力！,Don't use violence!
暴露,bào lù,to expose; to reveal; to lay bare; also pr. [pù lù],别暴露你的计划。,Don't expose your plan.
爆,bào,to explode or burst; to quick fry or quick boil,气球爆了。,The balloon popped.
爆发,bào fā,to break out; to erupt; to explode; to burst out,火山突然爆发。,The volcano suddenly erupted.
爆炸,bào zhà,explosion; to explode; to blow up; to detonate,煤气爆炸了。,The gas exploded.
杯,bēi,"cup; trophy cup; classifier for certain containers of liquids: glass, cup",我要一杯水。,I want a cup of water.
悲剧,bēi jù,tragedy,结局是个悲剧。,The ending is a tragedy.
悲伤,bēi shāng,sad; sorrowful,他看起来很悲伤。,He looks very sad.
北,běi,north; (classical) to be defeated,他往北走。,He walks north.
背,bēi,variant of 背,妈妈背我去学校。,Mom carries me to school on her back.
背后,bèi hòu,behind; at the back; in the rear; behind sb's back,我站你背后。,I'll stand behind you.
背景,bèi jǐng,background; backdrop; context; (fig.) powerful backer,他的背景很普通。,His background is very ordinary.
倍,bèi,"(two, three etc) -fold; times (multiplier); double; to increase or multiply",价格翻了一倍。,The price doubled.
被,bèi,"quilt; to cover (with); (literary) to suffer (a misfortune); used to indicate passive voice (placed before the doer of the action like ""by"" in English passive-voice sentences, or, if the doer is not mentioned, before the verb); (since c. 2009) (sarcastic or jocular) used to indicate that the following word should be regarded as being in air quotes (as in 被旅游 to ""go on a trip"", for example)",我的包被偷了。,My bag was stolen.
被告,bèi gào,defendant,被告今天出庭了。,The defendant appeared in court today.
本,běn,"root; stem; origin; source; this; the current; original; inherent; originally; classifier for books, periodicals, files etc",我买了一本书。,I bought a book.
本地,běn dì,local; this locality,这是本地的菜。,This is local food.
本来,běn lái,original; originally; at first; it goes without saying; of course,我本来想去。,I originally wanted to go.
本人,běn rén,I; me; myself; oneself; yourself; himself; herself; the person concerned,本人就是。,That's me.
本身,běn shēn,itself; in itself; per se,这问题本身不难。,The problem itself isn't hard.
笨,bèn,stupid; foolish; silly; slow-witted; clumsy,我太笨了。,I'm so stupid.
逼,bī,variant of 逼; to compel; to pressure,别逼我。,Don't force me.
鼻子,bí zi,nose,我鼻子疼。,My nose hurts.
比,Bǐ,Belgium; Belgian; abbr. for 比利时,我去过比。,I have been to Belgium.
比较,bǐ jiào,to compare; to contrast; comparatively; relatively; quite; comparison,今天比较冷。,It's quite cold today.
比如,bǐ rú,for example; for instance; such as,我喜欢水果，比如苹果。,"I like fruit, for example apples."
比如说,bǐ rú shuō,for example,比如说，我喜欢喝茶。,"For example, I like drinking tea."
比赛,bǐ sài,competition (sports etc); match; to compete,我们去看比赛吧。,Let's go watch the match.
彼此,bǐ cǐ,each other; one another,我们彼此信任。,We trust each other.
笔,bǐ,"pen; pencil; writing brush; to write or compose; the strokes of Chinese characters; classifier for sums of money, deals",请给我一支笔。,Please give me a pen.
笔记本,bǐ jì běn,notebook (stationery); notebook (computing),我买了一个新笔记本。,I bought a new notebook.
必,bì,certainly; must; will; necessarily,他必会来。,He will certainly come.
必须,bì xū,to have to; must; compulsory; necessarily,你必须去。,You must go.
必要,bì yào,necessary; essential; indispensable; required,这是必要的。,This is necessary.
毕竟,bì jìng,after all; all in all; when all is said and done; in the final analysis,他毕竟是个孩子。,"After all, he is a child."
毕业,bì yè,graduation; to graduate; to finish school,我明年毕业。,I will graduate next year.
闭,bì,to close; to stop up; to shut; to obstruct,请闭上眼睛。,Please close your eyes.
避免,bì miǎn,to avert; to prevent; to avoid; to refrain from,避免迟到。,Avoid being late.
边,biān,side; edge; margin; border; boundary; simultaneously,我们坐这边。,Let's sit on this side.
编,biān,to weave; to plait; to organize; to group; to arrange; to edit; to compile; to write; to compose; to fabricate; to make up,妈妈编辫子。,Mom braids her hair.
编辑,biān jí,to edit; to compile; editor; compiler,他是一名编辑。,He is an editor.
变,biàn,to change; to become different; to transform; to vary; rebellion,天气变了。,The weather has changed.
变成,biàn chéng,to change into; to turn into; to become,水变成冰了。,Water turned into ice.
变化,biàn huà,(intransitive) to change; to vary; change; variation,天气变化很大。,The weather changes a lot.
便,biàn,plain; informal; suitable; convenient; opportune; to urinate or defecate; equivalent to 就: then; in that case; even if; soon afterwards,那便好。,Then it's fine.
便宜,biàn yí,convenient,这件衣服很便宜。,This shirt is very cheap.
遍,biàn,variant of 遍,请再说一遍。,Please say it again.
标,biāo,"mark; sign; label; to mark with a symbol, label, lettering etc; to bear (a brand name, registration number etc); prize; award; bid; target; quota; (old) the topmost branches of a tree; visible symptom; classifier for military units",请标上价格。,Please mark the price.
标志,biāo zhì,sign; mark; symbol; logo; to symbolize; to indicate; to mark,这是公司的标志。,This is the company's logo.
标准,biāo zhǔn,standard; norm; criterion; (adjective) standard; good; correct; conforming to a standard,你的发音很标准。,Your pronunciation is very standard.
表,biǎo,exterior surface; family relationship via females; to show (one's opinion); a model; a table (listing information); a form; a meter (measuring sth),请填这张表。,Please fill out this form.
表达,biǎo dá,to express; to convey,我想表达我的想法。,I want to express my thoughts.
表面,biǎo miàn,surface; face; outside; appearance,表面很光滑。,The surface is very smooth.
表明,biǎo míng,to make clear; to make known; to state clearly; to indicate; known,事实表明我错了。,Facts show I was wrong.
表情,biǎo qíng,(facial) expression; to express one's feelings,你的表情真可爱！,Your expression is really cute!
表示,biǎo shì,to express; to show; to say; to state; to indicate; to mean,我表示完全同意。,I completely agree.
表现,biǎo xiàn,to show; to show off; to display; to manifest; expression; manifestation; show; display; performance (at work etc); behavior,他今天表现很好。,He performed well today.
表演,biǎo yǎn,play; show; performance; exhibition; to perform; to act; to demonstrate,今晚有表演吗？,Is there a performance tonight?
别,Bié,surname Bie,别担心。,Don't worry.
别的,bié de,else; other,你想吃别的吗？,Do you want to eat something else?
别人,bié ren,other people; others; other person,我不像别人。,I am not like others.
冰,bīng,ice; to chill sth; (of an object or substance) to feel cold; (of a person) cold; unfriendly; (slang) methamphetamine,我想喝冰水。,I want to drink iced water.
兵,bīng,soldiers; a force; an army; weapons; arms; military; warlike,他是当兵的。,He is a soldier.
饼,bǐng,round flat cake; cookie; cake; pastry,这饼真好吃。,This cake is really delicious.
并,bìng,and; furthermore; also; together with; (not) at all; simultaneously; to combine; to join; to merge,我并不累。,I am not tired at all.
并非,bìng fēi,really isn't,这并非事实,This isn't really true.
并且,bìng qiě,and; besides; moreover; furthermore; in addition,我喜欢跑步并且游泳。,I like running and swimming.
病,bìng,illness; disease; to fall ill; defect,我生病了。,I am sick.
病毒,bìng dú,virus,电脑有病毒。,The computer has a virus.
病人,bìng rén,sick person; patient; invalid,病人需要休息。,The patient needs rest.
拨,bō,"to push aside with the hand, foot, a stick etc; to dial; to allocate; to set aside (money); to poke (the fire); to pluck (a string instrument); to turn round; classifier: group, batch",我拨个电话。,I'll dial a number.
玻璃,bō li,glass; (slang) male homosexual,小心玻璃。,Be careful of the glass.
播,bō,to sow; to scatter; to spread; to broadcast; Taiwan pr. [bò],电视正在播新闻。,The TV is broadcasting the news.
播放,bō fàng,to broadcast; to transmit (by radio or TV),电视正在播放新闻。,The TV is broadcasting the news.
脖子,bó zi,neck,我脖子疼。,My neck hurts.
博士,bó shì,doctor; court academician (in feudal China); Ph.D.,他是博士。,He has a Ph.D.
补,bǔ,to repair; to patch; to mend; to make up for; to fill (a vacancy); to supplement,我明天去补课。,I will make up the class tomorrow.
补偿,bǔ cháng,to compensate; to make up,我会用钱补偿你。,I will compensate you.
不,bù,no; not so; (bound form) not; un-,我不去。,I am not going.
不必,bù bì,need not; does not have to; not necessarily,你不必来。,You don't have to come.
不错,bù cuò,correct; right; not bad; pretty good,你的中文不错。,Your Chinese is pretty good.
不得不,bù dé bù,have no choice or option but to; cannot but; have to; can't help it; can't avoid,我不得不去。,I have to go.
不断,bù duàn,unceasing; uninterrupted; continuous; constant,他不断学习中文。,He keeps learning Chinese.
不对,bù duì,incorrect; wrong; amiss; abnormal; queer,你说得不对。,What you said is wrong.
不够,bù gòu,not enough; insufficient; inadequate,钱不够。,Not enough money.
不管,bù guǎn,not to be concerned; regardless of; no matter,不管多忙，我陪你。,"No matter how busy, I will stay with you."
不过,bù guò,only; merely; no more than; but; however; anyway (to get back to a previous topic); cannot be more (after adjectival),不过今天不行。,But today doesn't work.
不好意思,bù hǎo yì si,to feel embarrassed; to find it embarrassing; to be sorry (for inconveniencing sb),不好意思，打扰了。,Sorry to bother you.
不见,bù jiàn,not to see; not to meet; to have disappeared; to be missing,好久不见！,Long time no see!
不仅,bù jǐn,"not just; not limited to; (as a correlative conjunction) not only (..., but also ...)",她不仅会唱，还会跳。,"She can not only sing, but also dance."
不久,bù jiǔ,not long (after); before too long; soon; soon after,我不久就回来。,I'll be back soon.
不论,bù lùn,"whatever; no matter what (who, how etc); regardless of; not to discuss",不论何时，我都在。,"No matter when, I'm here."
不然,bù rán,not so; no; or else; otherwise; if not; How about ...?,快点走，不然要迟到了。,"Hurry up, or else we'll be late."
不如,bù rú,not equal to; not as good as; inferior to; it would be better to,下雨不如在家休息。,It would be better to rest at home when it rains.
不少,bù shǎo,many; a lot; not few,今天来了不少人。,Many people came today.
不同,bù tóng,different; distinct; not the same; not alike,我们想法不同。,Our ideas are different.
不行,bù xíng,won't do; be out of the question; be no good; not work; not be capable,这个办法不行。,This method won't work.
不幸,bù xìng,misfortune; adversity; unfortunate; sad; unfortunately,不幸的是，他病了。,"Unfortunately, he is sick."
不许,bù xǔ,not to allow; must not; can't,这里不许拍照。,No photos allowed here.
不要,bù yào,don't!; must not,不要说话。,Don't talk.
不一定,bù yī dìng,not necessarily; maybe,明天不一定下雨。,It might not rain tomorrow.
不用,bù yòng,need not,你不用来了。,You don't need to come.
不再,bù zài,no more; no longer,我不再抽烟了。,I don't smoke anymore.
不知,bù zhī,"not to know; unaware; unknowingly; fig. not to admit (defeat, hardships, tiredness etc)",我不知真假。,I don't know if it's true or false.
不止,bù zhǐ,incessantly; without end; more than; not limited to,不止一次了。,More than once.
不准,bù zhǔn,not to allow; to forbid; to prohibit,这里不准拍照。,No photos allowed here.
不足,bù zú,insufficient; lacking; deficiency; not enough; inadequate; not worth; cannot; should not,时间不足，改天吧。,"Not enough time, let's do it another day."
布,bù,variant of 布; to announce; to spread,消息已公布。,The news has been announced.
步,Bù,surname Bu,步老师来了。,Teacher Bu is here.
部,bù,"ministry; department; section; part; division; troops; board; classifier for works of literature, films, machines etc",我买了一部新手机。,I bought a new phone.
部队,bù duì,army; armed forces; troops; force; unit,我爸爸在部队。,My dad is in the army.
部分,bù fen,part; share; section; piece,这部分很简单。,This part is very simple.
部门,bù mén,department; branch; section; division,你在哪个部门？,Which department are you in?
部长,bù zhǎng,head of a (government etc) department; section chief; section head; secretary; minister,部长说没问题。,The minister says no problem.
擦,cā,"to rub; to scratch; to towel; to wipe with a towel; to apply (lipstick, lotion etc); to touch; to brush (past); to shred (vegetables etc)",请擦桌子。,Please wipe the table.
猜,cāi,to guess,你猜对了吗？,Did you guess correctly?
才,cái,ability; talent; sb of a certain type; a capable individual; then and only then; just now; (before an expression of quantity) only,他才五岁。,He is only five years old.
才能,cái néng,talent; ability; capacity,他很有才能。,He has great talent.
材料,cái liào,(raw) material; data; (fig.) person who has the potential to do the job,我需要买些材料。,I need to buy some materials.
财产,cái chǎn,property; assets; estate,他有很多财产。,He has a lot of property.
财富,cái fù,wealth; riches,健康就是财富。,Health is wealth.
财务,cái wù,financial affairs,我是财务。,I work in finance.
采访,cǎi fǎng,to interview; to gather news; to hunt for and collect; to cover,明天我要采访他。,Tomorrow I will interview him.
采取,cǎi qǔ,"to adopt or carry out (measures, policies, course of action); to take",我们采取了新措施。,We adopted new measures.
采用,cǎi yòng,to adopt; to employ; to use,我们采用新方法。,We use a new method.
踩,cǎi,variant of 踩,我踩到石头了。,I stepped on a stone.
菜,cài,dish (type of food); vegetable; cuisine; (coll.) (one's) type; (of one's skills etc) weak; poor,今天吃什么菜？,What dish should we eat today?
参观,cān guān,to look around; to tour; to visit,我们去参观博物馆。,We will visit the museum.
参加,cān jiā,to participate; to take part; to join,我想参加。,I want to join.
参赛,cān sài,to compete; to take part in a competition,我想参赛。,I want to compete.
参与,cān yù,to participate (in sth),你愿意参与吗？,Would you like to participate?
餐,cān,meal; to eat; classifier for meals,晚餐吃什么？,What's for dinner?
餐厅,cān tīng,dining hall; dining room; restaurant,我们在餐厅吃饭。,We are eating at the restaurant.
惨,cǎn,miserable; wretched; cruel; inhuman; disastrous; tragic; dim; gloomy,他输得很惨。,He lost badly.
藏,Zàng,Tibet; abbr. for Xizang or Tibet Autonomous Region 藏,我想去藏。,I want to go to Tibet.
操作,cāo zuò,to work; to operate; to manipulate,这个机器怎么操作？,How do you operate this machine?
草,cǎo,variant of 草,别踩草。,Don't step on the grass.
侧,cè,the side; to incline towards; to lean; inclined; lateral; side,请往侧边走。,Please walk to the side.
厕所,cè suǒ,toilet; lavatory,我去一下厕所。,I'm going to the toilet.
测,cè,to survey; to measure; to conjecture,请测一下体温。,Please measure your temperature.
测试,cè shì,to test (machinery etc); to test (a person's skill in a particular area); a test; (computing) beta (version of software),我们测试一下软件。,Let's test the software.
策略,cè lu:è,strategy; tactics; crafty; adroit,你的策略很好。,Your strategy is very good.
策划,cè huà,to plot; to scheme; to bring about; to engineer; planning; producer; planner,谁策划了这次活动？,Who planned this event?
层,céng,to pile on top of one another; layer; stratum; floor (of a building); story; (math.) sheaf; classifier for layers,这栋楼有十层。,This building has ten floors.
曾,Zēng,surname Zeng,曾老师来了。,Teacher Zeng is here.
曾经,céng jīng,once; already; former; previously; ever; (past tense marker used before verb or clause),我曾经去过北京。,I once went to Beijing.
插,chā,to insert; stick in; pierce; to take part in; to interfere; to interpose,把花插进花瓶。,Put the flower in the vase.
查,Zhā,surname Zha,他姓查。,He is surnamed Zha.
查看,chá kàn,to look over; to examine; to check up; to ferret out,帮我查看一下。,Please help me check it.
茶,chá,tea; tea plant,我喜欢喝茶。,I like drinking tea.
差,chā,difference; discrepancy; (math.) difference (amount remaining after a subtraction); (literary) a little; somewhat; slightly,价格差多少？,How much is the price difference?
差不多,chà bu duō,almost; nearly; more or less; about the same; good enough; not bad,我们差不多到了。,We're almost there.
拆,chāi,to tear open; to tear down; to tear apart; to open,我拆快递。,I'm opening a package.
产,chǎn,to give birth; to reproduce; to produce; product; resource; estate; property,这里产大米。,This place produces rice.
产品,chǎn pǐn,goods; merchandise; product,这个产品很好。,This product is very good.
产生,chǎn shēng,to arise; to come into being; to come about; to give rise to; to bring into being; to bring about; to produce; to engender; to generate,他产生了兴趣。,He became interested.
尝,cháng,to taste; to try (food); to experience; (literary) ever; once,你尝过这个吗？,Have you tasted this?
尝试,cháng shì,to try; to attempt,我想尝试这个菜。,I want to try this dish.
常,Cháng,surname Chang,他姓常。,His surname is Chang.
常常,cháng cháng,frequently; often,我常常去公园。,I often go to the park.
厂,hǎn,"""cliff"" radical in Chinese characters (Kangxi radical 27), occurring in 原, 历, 压 etc",这个字有厂字旁。,This character has the cliff radical.
场,cháng,"threshing floor; classifier for events and happenings: spell, episode, bout",看了一场电影。,I watched a movie.
唱,chàng,to sing; to call loudly; to chant,我喜欢唱歌。,I like to sing.
唱歌,chàng gē,to sing a song,我喜欢唱歌。,I like to sing.
超,chāo,to exceed; to overtake; to surpass; to transcend; to pass; to cross; ultra-; super-,他跑得超快。,He runs super fast.
超过,chāo guò,to surpass; to exceed; to outstrip,他的成绩超过了我。,His grades exceeded mine.
超级,chāo jí,super-; ultra-; hyper-,这菜超级好吃。,This dish is super delicious.
朝,Cháo,abbr. for 朝鲜 Korea,我想去朝玩。,I want to visit Korea.
吵,chǎo,to quarrel; to make a noise; noisy; to disturb by making a noise,邻居太吵了。,The neighbors are too noisy.
炒,chǎo,to sauté; to stir-fry; to speculate; to hype; to fire (sb),妈妈在炒菜。,Mom is stir-frying vegetables.
车,Chē,surname Che,他姓车。,His surname is Che.
车辆,chē liàng,vehicle,这里车辆很多。,There are many vehicles here.
车上,chē shàng,Car,我在车上等你。,I'm waiting for you in the car.
扯,chě,"to pull; to tear; (of cloth, thread etc) to buy; to chat; to gossip; (coll.) (Tw) ridiculous; hokey",别扯了，我不信。,"Stop talking nonsense, I don't believe it."
彻底,chè dǐ,thorough; thoroughly; complete,我彻底明白了。,I completely understand now.
沉默,chén mò,taciturn; uncommunicative; silent,他突然沉默了。,He suddenly became silent.
称,chèn,to fit; balanced; suitable,这衣服很称你。,This dress fits you well.
称为,chēng wéi,"to be called; to be known as; to call it ""...""",这里称为市中心。,This area is known as the city center.
撑,chēng,to support; to prop up; to push or move with a pole; to maintain; to open or unfurl; to fill to bursting point; brace; stay; support,我撑伞回家。,I'll take an umbrella home.
成,Chéng,surname Cheng,我叫成伟。,My name is Cheng Wei.
成功,Chéng gōng,"Chenggong or Chengkung town in Taitung County 台东县, southeast Taiwan",祝你成功。,Wish you success.
成果,chéng guǒ,result; achievement; gain; profit,你的成果真不错。,Your results are great.
成绩,chéng jì,achievement; performance records; grades,你的成绩很好。,Your grades are very good.
成交,chéng jiāo,to complete a contract; to reach a deal,没问题，成交。,Deal.
成就,chéng jiù,accomplishment; success; achievement; to achieve (a result); to create; to bring about,他取得了很大成就。,He achieved great success.
成立,chéng lì,to establish; to set up; to be tenable; to hold water,公司成立了。,The company was established.
成熟,chéng shú,mature; ripe; to mature; to ripen; Taiwan pr. [chéng shóu],水果成熟了。,The fruit is ripe.
成为,chéng wéi,to become; to turn into,我想成为老师。,I want to become a teacher.
成员,chéng yuán,member,他是新成员。,He is a new member.
成长,chéng zhǎng,to mature; to grow; growth,我在慢慢成长。,I am slowly growing up.
呈现,chéng xiàn,to appear; to emerge; to present (a certain appearance); to demonstrate,屏幕呈现清晰画面。,The screen shows a clear picture.
承担,chéng dān,to undertake; to assume (responsibility etc),我来承担吧。,I'll handle it.
承诺,chéng nuò,to promise; to undertake to do something; commitment,我承诺会来。,I promise to come.
承认,chéng rèn,"to admit; to concede; to recognize; recognition (diplomatic, artistic etc); to acknowledge",我承认错了。,I admit I was wrong.
承受,chéng shòu,to bear; to support; to inherit,我承受不了压力。,I can't bear the pressure.
城,chéng,city walls; city; town,我喜欢这座城。,I like this city.
城市,chéng shì,city; town,我喜欢这座城市。,I like this city.
乘,Chéng,surname Cheng,他姓乘。,His surname is Cheng.
乘客,chéng kè,passenger,乘客请坐好。,"Passengers, please sit down."
程度,chéng dù,degree; level; extent,他的中文程度很好。,His Chinese level is very good.
程序,chéng xù,procedures; sequence; order; computer program,这个程序很好用。,This program is very easy to use.
吃,chī,"to eat; to consume; to eat at (a cafeteria etc); to eradicate; to destroy; to absorb; to suffer (shock, injury, defeat etc)",我吃饭了。,I ate.
吃饭,chī fàn,to have a meal; to eat; to make a living,你吃饭了吗？,Have you eaten?
迟到,chí dào,to arrive late,我今天迟到了。,I was late today.
持,chí,to hold; to grasp; to support; to maintain; to persevere; to manage; to run (i.e. administer); to control,请保持联系。,Please keep in touch.
持续,chí xù,to continue; to persist; to last; sustainable; preservation,雨持续下了三天。,The rain continued for three days.
充分,chōng fèn,ample; sufficient; adequate; full; fully; to the full,时间很充分。,Time is sufficient.
充满,chōng mǎn,full of; brimming with; very full; permeated,房间里充满阳光。,The room is full of sunlight.
冲,chōng,(of water) to dash against; to mix with water; to infuse; to rinse; to flush; to develop (a film); to rise in the air; to clash; to collide with,用水冲一下。,Rinse it with water.
冲动,chōng dòng,to have an urge; to be impetuous; impulse; urge,他太冲动了。,He is too impulsive.
冲突,chōng tū,conflict; to conflict; clash of opposing forces; collision (of interests); contention,我们之间没有冲突。,There is no conflict between us.
抽,chōu,to draw out; to pull out from in between; to remove part of the whole; (of certain plants) to sprout or bud; to whip or thrash,我去抽血。,I'm going to draw blood.
丑,Chǒu,surname Chou,他姓丑。,His surname is Chou.
臭,chòu,stench; smelly; to smell (bad); repulsive; loathsome; terrible; bad; severely; ruthlessly; dud (ammunition),这袜子真臭。,These socks really smell bad.
出,chū,"to go out; to come out; to occur; to produce; to go beyond; to rise; to put forth; to happen; (used after a verb to indicate an outward direction or a positive result); classifier for dramas, plays, operas etc",他出门了。,He went out.
出版,chū bǎn,to publish,我的书出版了。,My book has been published.
出发,chū fā,to set off; to start (on a journey),我们明天出发。,We will set off tomorrow.
出口,chū kǒu,an exit; to speak; to export; (of a ship) to leave port,出口在哪里？,Where is the exit?
出来,chū lái,to come out; to appear; to arise,他出来了。,He came out.
出门,chū mén,to go out; to leave home; to go on a journey; away from home; (of a woman) to get married,我要出门了。,I'm going out now.
出去,chū qù,to go out,我想出去走走。,I want to go out for a walk.
出色,chū sè,remarkable; outstanding,你这次做得真出色。,You did remarkably well this time.
出生,chū shēng,to be born,我出生在北京。,I was born in Beijing.
出售,chū shòu,to sell; to offer for sale; to put on the market,这辆车出售吗？,Is this car for sale?
出席,chū xí,to attend; to participate; present,他出席了会议。,He attended the meeting.
出现,chū xiàn,to appear; to arise; to emerge; to show up,问题又出现了。,The problem appeared again.
出于,chū yú,due to; to stem from,出于好奇，他问了个问题。,He asked out of curiosity.
出租车,chū zū chē,taxi; (Tw) rental car,我们坐出租车吧。,Let's take a taxi.
初,chū,at first; (at the) beginning; first; junior; basic,起初我不懂。,"At first, I didn't understand."
除,chú,to get rid of; to remove; to exclude; to eliminate; to wipe out; to divide; except; not including,请除去垃圾。,Please remove the trash.
除非,chú fēi,"only if (..., or otherwise, ...); only when; only in the case that; unless",除非你请客，我不去。,I won't go unless you treat me.
除了,chú le,besides; apart from (... also...); in addition to; except (for),除了他，大家都来了。,"Except for him, everyone came."
厨房,chú fáng,kitchen,我在厨房做饭。,I am cooking in the kitchen.
处,chǔ,to reside; to live; to dwell; to be in; to be situated at; to stay; to get along with; to be in a position of; to deal with; to discipline; to punish,我们处得很好。,We get along well.
处理,chǔ lǐ,to handle; to deal with; to punish; to treat sth by a special process; to process; to sell at reduced prices,我来处理这件事。,I will handle this matter.
处于,chǔ yú,"to be in (some state, position, or condition)",他正处于困难中。,He is in a difficult situation.
穿,chuān,to wear; to put on; to dress; to bore through; to pierce; to perforate; to penetrate; to pass through; to thread,我穿这件衣服。,I am wearing this outfit.
穿着,chuān zhuó,attire; clothes; dress,你的穿着真好看。,Your clothes look really nice.
传,chuán,to pass on; to spread; to transmit; to infect; to transfer; to circulate; to conduct (electricity),请把书传给我。,Please pass the book to me.
传播,chuán bō,to disseminate; to propagate; to spread,消息传播很快。,News spreads quickly.
传奇,chuán qí,legendary; fantasy saga; romance; short stories of the Tang and Song Dynasty,他真是个传奇。,He is truly a legend.
传说,chuán shuō,legend; folk tale; to repeat from mouth to mouth; they say that...,这是一个古老传说。,This is an ancient legend.
传统,chuán tǒng,tradition; traditional; convention; conventional,这是我们的传统。,This is our tradition.
船,chuán,variant of 船,我们坐船去。,Let's go by boat.
床,chuáng,bed; couch; classifier for beds,我喜欢这张床。,I like this bed.
创,chuàng,variant of 创,这个创意真棒！,This idea is great!
创意,chuàng yì,creative; creativity,你很有创意。,You are very creative.
创造,chuàng zào,to create; to bring about; to produce; to set (a record),我们要创造未来。,We want to create the future.
创作,chuàng zuò,to create; to produce; to write; creative work; creation,我喜欢创作音乐。,I like creating music.
吹,chuī,to blow; to play a wind instrument; to blast; to puff; to boast; to brag; to end in failure; to fall through,请吹蜡烛。,Please blow out the candles.
纯,chún,pure; simple; unmixed; genuine,这是纯牛奶。,This is pure milk.
词,cí,old variant of 词,这个词什么意思？,What does this word mean?
慈善,cí shàn,benevolent; charitable,她喜欢做慈善。,She likes doing charity work.
辞职,cí zhí,to resign,我要辞职了。,I'm going to resign.
此,cǐ,this; these,此书很好。,This book is good.
此时,cǐ shí,now; this moment,此时天气很好。,The weather is nice now.
此外,cǐ wài,besides; in addition; moreover; furthermore,此外，我还有事。,"Besides, I have something else to do."
次,cì,"next in sequence; second; the second (day, time etc); secondary; vice-; sub-; infra-; inferior quality; substandard; order; sequence; hypo- (chemistry); classifier for enumerated events: time",下次再见。,See you next time.
刺,cī,(onom.) whoosh,一阵风刺地刮过。,A gust of wind whooshed past.
刺激,cì jī,to provoke; to irritate; to upset; to stimulate; to excite; irritant,别刺激他。,Don't provoke him.
聪明,cōng ming,intelligent; clever; bright; smart; acute (of sight and hearing),这孩子真聪明。,This kid is really smart.
从,cóng,variant of 从,我从北京来。,I am from Beijing.
从此,cóng cǐ,from now on; since then; henceforth,从此他不再迟到。,"Since then, he is no longer late."
从来,cóng lái,always; at all times; never (if used in negative sentence),我从来不吃辣。,I never eat spicy food.
从事,cóng shì,to go for; to engage in; to undertake; to deal with; to handle; to do,你从事什么工作？,What do you do for a living?
从未,cóng wèi,never,我从未去过北京。,I have never been to Beijing.
村,cūn,village,我们去了那个村。,We went to that village.
存,cún,to exist; to deposit; to store; to keep; to survive,我存了很多钱。,I saved a lot of money.
存在,cún zài,to exist; to be; existence,问题确实存在。,The problem really exists.
措施,cuò shī,measure; step,我们需要采取措施。,We need to take measures.
错,Cuò,surname Cuo,他姓错。,His surname is Cuo.
错过,cuò guò,"to miss (train, opportunity etc)",我错过公交车了。,I missed the bus.
错误,cuò wù,mistaken; false; wrong; error; mistake,我犯了个错误。,I made a mistake.
搭,dā,"to put up; to build (scaffolding); to hang (clothes on a pole); to connect; to join; to arrange in pairs; to match; to add; to throw in (resources); to take (boat, train); variant of 褡",我们一起搭车吧,Let's take a ride together.
达成,dá chéng,to reach (an agreement); to accomplish,我们达成了协议。,We reached an agreement.
达到,dá dào,to reach; to achieve; to attain,我达到了目标。,I reached my goal.
答,dā,"bound form having the same meaning as the free word 答, used in 答应, 理 etc",他答应帮我。,He promised to help me.
答案,dá àn,answer; solution,你知道答案吗？,Do you know the answer?
答应,dā ying,to answer; to respond; to answer positively; to agree; to accept; to promise,妈妈答应我了。,Mom promised me.
打,dá,dozen (loanword),我买了一打鸡蛋。,I bought a dozen eggs.
打电话,dǎ diàn huà,to make a telephone call,我明天打电话给你。,I will call you tomorrow.
打击,dǎ jī,to hit; to strike; to attack; to crack down on sth; blow; (psychological) shock; percussion (music),别打击我的信心。,Don't crush my confidence.
打开,dǎ kāi,to open; to show (a ticket); to turn on; to switch on,请打开窗户。,Please open the window.
打破,dǎ pò,to break; to smash,他打破了花瓶。,He broke the vase.
打算,dǎ suàn,to plan; to intend; to calculate; plan; intention; calculation,我打算去北京。,I plan to go to Beijing.
大,dà,big; large; great; older (than another person); eldest (as in 姐); greatly; freely; fully; (dialect) father; (dialect) uncle (father's brother),他比我大两岁。,He is two years older than me.
大部分,dà bù fen,in large part; the greater part; the majority,大部分人都来了。,Most people have come.
大大,dà dà,greatly; enormously; (dialect) dad; uncle,这对我大大有帮助。,This greatly helps me.
大道,dà dào,main street; avenue,我们沿大道走。,We walk along the main street.
大多数,dà duō shù,(great) majority,大多数人喜欢喝茶。,Most people like drinking tea.
大概,dà gài,roughly; probably; rough; approximate; about; general idea,大概几点到？,About what time will you arrive?
大哥,dà gē,eldest brother; big brother (polite address for a man of about the same age as oneself); gang leader; boss,我大哥来了。,My eldest brother is here.
大会,dà huì,general assembly; general meeting; convention,明天开大会。,We have a big meeting tomorrow.
大家,dà jiā,everyone; influential family; great expert,大家明天见。,See everyone tomorrow.
大街,dà jiē,street; main street,我们在大街上见面吧。,Let's meet on the main street.
大量,dà liàng,great amount; large quantity; bulk; numerous; generous; magnanimous,我们买了大量水果。,We bought a large quantity of fruit.
大楼,dà lóu,"building (a relatively large, multistory one)",他在大楼上班。,He works in the building.
大陆,Dà lù,mainland China (reference to the PRC),我住在大陆。,I live in mainland China.
大门,Dà mén,"the Doors, US rock band",请关好大门。,Please close the main gate.
大脑,dà nǎo,brain; cerebrum,大脑很重要。,The brain is very important.
大人,dà ren,adult; grownup; title of respect toward superiors,他是大人。,He is an adult.
大赛,dà sài,grand contest,他赢了大赛。,He won the contest.
大声,dà shēng,loud voice; in a loud voice; loudly,请大声一点。,Please speak a little louder.
大师,dà shī,great master; master,他是书法大师。,He is a calligraphy master.
大事,dà shì,major event; major political event (war or change of regime); major social event (wedding or funeral); (do sth) in a big way,结婚是大事。,Marriage is a major event.
大厅,dà tīng,hall; lounge,我们在大厅等你。,We are waiting for you in the hall.
大小,dà xiǎo,dimension; magnitude; size; measurement; large and small; at any rate; adults and children; consideration of seniority,这个盒子的大小合适吗？,Is this box the right size?
大型,dà xíng,large; large-scale,我们去了一个大型商场。,We went to a large mall.
大学,Dà xué,"the Great Learning, one of the Four Books 四书 in Confucianism",我最近在读大学。,I am currently reading The Great Learning.
大约,dà yuē,approximately; probably,大约几点到？,About what time will you arrive?
大众,Dà zhòng,Volkswagen (automobile manufacturer),他买了辆大众。,He bought a Volkswagen.
呆,dāi,foolish; stupid; expressionless; blank; to stay,你发什么呆？,Why are you spacing out?
逮捕,dài bǔ,to arrest; to apprehend; an arrest,警察逮捕了小偷。,The police arrested the thief.
代,dài,to substitute; to act on behalf of others; to replace; generation; dynasty; age; period; (historical) era; (geological) eon,我代你去。,I'll go for you.
代表,dài biǎo,representative; delegate; to represent; to stand for; on behalf of; in the name of,我代表大家谢谢你。,I thank you on behalf of everyone.
代价,dài jià,price; cost; consideration (in share dealing),成功总要付出代价。,Success always comes at a cost.
代理,dài lǐ,to act on behalf of sb in a responsible position; to act as an agent or proxy; surrogate; (computing) proxy,他代理我去开会。,He is going to the meeting on my behalf.
带,dài,band; belt; girdle; ribbon; tire; area; zone; region; to wear; to carry; to take along; to bear (i.e. to have); to lead; to bring; to look after; to raise,我带伞了。,I brought an umbrella.
带来,dài lái,to bring; (fig.) to bring about; to produce,他带来了礼物。,He brought a gift.
待,dāi,to stay,你在这儿待着吧。,Just stay here.
贷款,dài kuǎn,a loan; to provide a loan (e.g. bank); to raise a loan (from e.g. a bank),我想贷款买房。,I want to get a loan to buy a house.
袋,dài,pouch; bag; sack; pocket,书在袋子里。,The book is in the bag.
戴,Dài,surname Dai,我姓戴。,My surname is Dai.
单,Shàn,surname Shan,我姓单。,My surname is Shan.
单独,dān dú,alone; by oneself; on one's own,我想单独吃饭。,I want to eat alone.
单身,dān shēn,unmarried; single,我现在是单身。,I am single now.
单位,dān wèi,"unit (of measure); unit (group of people as a whole); work unit (place of employment, esp. in the PRC prior to economic reform)",你的单位在哪里？,Where is your workplace?
担心,dān xīn,anxious; worried; uneasy; to worry; to be anxious,我担心你。,I'm worried about you.
但,dàn,but; yet; however; still; merely; only; just,我想去，但没时间。,"I want to go, but I have no time."
但是,dàn shì,but; however,我想去，但是没时间。,"I want to go, but I have no time."
弹,dàn,crossball; bullet; shot; shell; ball,他装好子弹了。,He loaded the bullets.
蛋,Dàn,variant of 蜑,吃个蛋吧。,Have an egg.
蛋糕,dàn gāo,cake,我想吃蛋糕。,I want to eat cake.
当,dāng,(onom.) dong; ding dong (bell),你当心点。,Be careful.
当成,dàng chéng,to consider as; to take to be,我把你当成朋友。,I consider you a friend.
当初,dāng chū,at that time; originally,当初我不该走。,I shouldn't have left back then.
当地,dāng dì,local,当地美食很好吃。,Local food is delicious.
当年,dāng nián,in those days; then; in those years; during that time,当年我住在北京。,I lived in Beijing back then.
当然,dāng rán,only natural; as it should be; certainly; of course; without doubt,当然可以。,Of course.
当时,dāng shí,then; at that time; while,他当时没来。,He didn't come at that time.
当事人,dāng shì rén,persons involved or implicated; party (to an affair),当事人是谁？,Who is the person involved?
当天,dāng tiān,on that day,我当天就回去了。,I went back on that day.
当中,dāng zhōng,among; in the middle; in the center,他在我们当中。,He is among us.
当作,dàng zuò,to treat as; to regard as,我把你当作朋友。,I treat you as a friend.
挡,dǎng,to resist; to obstruct; to hinder; to keep off; to block (a blow); to get in the way of; cover; gear (e.g. in a car's transmission),请别挡着门。,Please don't block the door.
党,Dǎng,surname Dang,我姓党。,I am surnamed Dang.
档,dǎng,"(Tw) variant of 挡, gear",请挂档。,Please shift gear.
档案,dàng àn,file; record; archive,档案在抽屉里。,The file is in the drawer.
刀,Dāo,surname Dao,请给我一把刀。,Please give me a knife.
导弹,dǎo dàn,(guided) missile,他们发射了导弹。,They launched a missile.
导演,dǎo yǎn,to direct; director (film etc),他是电影导演。,He is a film director.
导致,dǎo zhì,to lead to; to create; to cause; to bring about,熬夜导致失眠。,Staying up late causes insomnia.
岛,dǎo,variant of 岛,我们去岛上玩吧。,Let's go to the island to play.
到,dào,to reach; to arrive; to leave for; to go to; to (a place); until (a time); up to (a point); (verb complement indicating arriving at a place or reaching a point); considerate; thoughtful; thorough,我到家了。,I've arrived home.
到处,dào chù,everywhere,我到处找你。,I'm looking for you everywhere.
到达,dào dá,to reach; to arrive,我们明天到达北京。,We arrive in Beijing tomorrow.
到底,dào dǐ,finally; in the end; when all is said and done; after all; to the end; to the last,他到底来了。,He finally came.
到来,dào lái,to arrive; arrival; advent,期待你的到来。,Looking forward to your arrival.
倒,dǎo,to fall; to collapse; to lie horizontally; to fail; to go bankrupt; to overthrow; to change (trains or buses); to move around; to resell at a profit,他累倒了。,He collapsed from exhaustion.
道,dào,"road; path; principle; truth; morality; reason; skill; method; Dao (of Daoism); to say; to speak; to talk; classifier for long thin things (rivers, cracks etc), barriers (walls, doors etc), questions (in an exam etc), commands, courses in a meal, steps in a process; (old) circuit (administrative division)",前面有条小道。,There is a small path ahead.
道德,dào dé,virtue; morality; ethics,道德很重要。,Morality is very important.
道理,dào li,reason; argument; sense; principle; basis; justification,这话有道理。,This makes sense.
道路,dào lù,road; path; way,道路在左边。,The road is on the left.
道歉,dào qiàn,to apologize,我向你道歉。,I apologize to you.
德,Dé,Germany; German; abbr. for 德国,德菜很好吃。,German food is delicious.
地,de,"-ly; structural particle: used before a verb or adjective, linking it to preceding modifying adverbial adjunct",他慢慢地走。,He walks slowly.
地板,dì bǎn,floor,地板很干净。,The floor is very clean.
地点,dì diǎn,place; site; location; venue,我们选个地点吧。,Let's pick a place.
地方,dì fāng,region; regional (away from the central administration); local,这里是个好地方。,This is a good place.
地面,dì miàn,floor; ground; surface,地面很干净。,The ground is very clean.
地球,dì qiú,the earth,我爱地球。,I love the earth.
地区,dì qū,"local; regional; district (not necessarily formal administrative unit); region; area; as suffix to city name, means prefecture or county (area administered by a prefecture-level city or, county-level city)",你来自哪个地区？,Which region are you from?
地上,dì shang,on the ground; on the floor,我的书在地上。,My book is on the floor.
地铁,dì tiě,underground railway; subway; subway train,我们坐地铁吧。,Let's take the subway.
地图,dì tú,map,请给我一张地图。,Please give me a map.
地位,dì wèi,position; status; place,他在公司地位很高。,He has high status in the company.
地下,dì xià,underground; subterranean; covert,我们在地下停车场。,We are in the underground parking lot.
地震,dì zhèn,earthquake,昨天发生了地震。,An earthquake happened yesterday.
地址,dì zhǐ,address,你的地址是什么？,What is your address?
的,de,of; ~'s (possessive particle); (used after an attribute); (used to form a nominal expression); (used at the end of a declarative sentence for emphasis); also pr. [dì] or [di] in poetry and songs,这是我的书。,This is my book.
的话,de huà,if (coming after a conditional clause),下雨的话，我不去。,"If it rains, I won't go."
的确,dí què,really; indeed,这的确不错。,This is indeed good.
得,dé,to obtain; to get; to gain; to catch (a disease); proper; suitable; proud; contented; to allow; to permit; ready; finished,他得了第一名。,He got first place.
得到,dé dào,to get; to obtain; to receive,我得到了好消息。,I got some good news.
得分,dé fēn,to score,他得分了。,He scored.
得了,dé le,all right!; that's enough!,得了，别说了。,"All right, that's enough."
得知,dé zhī,to find out; to learn of,我刚得知这个消息。,I just found out the news.
灯,dēng,lamp; light; lantern,请开灯。,Please turn on the light.
登,dēng,to scale (a height); to ascend; to mount; to publish or record; to enter (e.g. in a register); to press down with the foot; to step or tread on; to put on (shoes or trousers) (dialect); to be gathered and taken to the threshing ground (old),今天去登山吧。,Let's go hiking today.
登记,dēng jì,to register (one's name),请登记名字。,Please register your name.
等,děng,class; rank; grade; equal to; same as; to wait for; to await; et cetera; and so on; et al. (and other authors); after; as soon as; once,请等一下。,Please wait a moment.
等待,děng dài,to wait; to wait for,我在等待公交车。,I am waiting for the bus.
等于,děng yú,to equal; to be tantamount to,这等于白干。,This equals working for nothing.
低,dī,low; beneath; to lower (one's head); to let droop; to hang down; to incline,他低着头。,He lowered his head.
滴,dī,a drop; to drip,水滴下来了。,The water is dripping down.
敌人,dí rén,enemy,别怕，敌人很弱。,"Don't worry, the enemy is weak."
底,de,(equivalent to 的 as possessive particle),这是我底朋友。,This is my friend.
弟弟,dì di,younger brother,我有个弟弟。,I have a younger brother.
第,dì,"(prefix indicating ordinal number, as in 六 ""sixth""); (literary) grades in which successful candidates in the imperial examinations were placed; (old) residence of a high official; (literary) but; however; (literary) only; just",我是第一名。,I am first place.
第二,dì èr,second; number two; next; secondary,这是第二个。,This is the second one.
第一,dì yī,first; number one; primary,我是第一名。,I got first place.
典型,diǎn xíng,model; typical case; archetype; typical; representative,他是典型的懒人。,He is a typical lazy person.
点,diǎn,point; dot; drop; speck; o'clock; point (in space or time); to draw a dot; to check on a list; to choose; to order (food in a restaurant); to touch briefly; to hint; to light; to ignite; to pour a liquid drop by drop; (old) one fifth of a two-hour watch 更; dot stroke in Chinese characters; classifier for items,现在几点？,What time is it now?
电,diàn,lightning; electricity; electric (bound form); to get (or give) an electric shock; phone call or telegram etc; to send via telephone or telegram etc,手机没电了。,My phone is out of battery.
电池,diàn chí,battery,我的手机没电池了。,My phone has no battery.
电话,diàn huà,telephone; phone call; phone number,请给我打电话。,Please call me.
电力,diàn lì,electrical power; electricity,我们这里电力很足。,We have plenty of power here.
电脑,diàn nǎo,computer,我的电脑坏了。,My computer is broken.
电视,diàn shì,television; TV,我喜欢看电视。,I like watching TV.
电视台,diàn shì tái,television station,我在电视台工作。,I work at a television station.
电梯,diàn tī,elevator; escalator,坐电梯吧。,Let's take the elevator.
电影,diàn yǐng,movie; film,我喜欢看电影。,I like watching movies.
电子,diàn zǐ,electronic; electron (particle physics),我用电子支付。,I use electronic payment.
店,diàn,inn; old-style hotel; (bound form) shop; store,这家店很好。,This shop is very good.
调,diào,to transfer; to move (troops or cadres); to investigate; to enquire into; accent; view; argument; key (in music); mode (music); tune; tone; melody,公司要调我去北京。,The company wants to transfer me to Beijing.
调查,diào chá,investigation; inquiry; to investigate; to survey; survey; (opinion) poll,我们在做调查。,We are doing a survey.
调整,tiáo zhěng,to adjust; adjustment; revision,我调整了闹钟。,I adjusted my alarm clock.
掉,diào,"to fall; to drop; to lag behind; to lose; to go missing; to reduce; fall (in prices); to lose (value, weight etc); to wag; to swing; to turn; to change; to exchange; to swap; to show off; to shed (hair); (used after certain verbs to express completion, fulfillment, removal etc)",手机掉地上了。,My phone fell on the ground.
丁,Dīng,surname Ding,我姓丁。,My surname is Ding.
盯,dīng,to watch attentively; to fix one's attention on; to stare at; to gaze at,别盯着我看。,Don't stare at me.
顶,dǐng,"apex; crown of the head; top; roof; most; to carry on the head; to push to the top; to go against; to replace; to substitute; to be subjected to (an aerial bombing, hailstorm etc); (slang) to ""bump"" a forum thread to raise its profile; classifier for headwear, hats, veils etc",山顶的风景很美。,The view at the top of the mountain is beautiful.
订,dìng,to agree; to conclude; to draw up; to subscribe to (a newspaper etc); to order,我订了房间。,I booked a room.
定,dìng,to set; to fix; to determine; to decide; to order,时间定好了。,The time is set.
定位,dìng wèi,to orientate; to position; to categorize (as); to characterize (as); positioning; position; niche,他的定位很准。,His positioning is very accurate.
丢,diū,to lose; to put aside; to throw,我丢了钥匙。,I lost my keys.
东,Dōng,surname Dong,我朋友姓东。,My friend's surname is Dong.
东西,dōng xī,east and west,南北和东西都是方向。,"North, south, east, and west are all directions."
冬天,dōng tiān,winter,我喜欢冬天。,I like winter.
董事会,dǒng shì huì,board of directors,董事会明天开会。,The board of directors will meet tomorrow.
懂,dǒng,to understand; to comprehend,我懂你的意思。,I understand what you mean.
懂得,dǒng de,to understand; to know; to comprehend,我懂得你的意思。,I understand what you mean.
动,dòng,"(of sth) to move; to set in movement; to displace; to touch; to make use of; to stir (emotions); to alter; abbr. for 动词, verb",你别动。,Don't move.
动力,dòng lì,motive power; force; (fig.) motivation; impetus,我需要一点动力。,I need a little motivation.
动手,dòng shǒu,to set about (a task); to hit; to punch; to touch,我们马上动手吧。,Let's get to work right away.
动物,dòng wù,animal,我喜欢动物。,I like animals.
动作,dòng zuò,movement; motion; action; to act; to move,你的动作真快。,Your movements are so fast.
冻,dòng,to freeze; to feel very cold; aspic or jelly,今天好冷，别冻着。,"It's so cold today, don't catch a chill."
栋,dòng,classifier for houses or buildings; ridgepole (old),这栋楼很高。,This building is very tall.
洞,dòng,cave; hole; zero (unambiguous spoken form when spelling out numbers),墙上有个大洞。,There is a big hole in the wall.
都,Dū,surname Du,都老师来了。,Teacher Du is here.
斗,Dǒu,abbr. for the Big Dipper constellation 星,抬头看北斗。,Look up at the Big Dipper.
斗争,dòu zhēng,a struggle; fight; battle,这是一场斗争。,This is a struggle.
毒,dú,poison; to poison; poisonous; malicious; cruel; fierce; narcotics,这蛇有毒。,This snake is poisonous.
毒品,dú pǐn,drugs; narcotics; poison,毒品很危险。,Drugs are very dangerous.
独,dú,alone; independent; single; sole; only,他独自在家。,He is alone at home.
独立,dú lì,independent; independence; to stand alone,我想独立生活。,I want to live independently.
独特,dú tè,unique; distinctive,她的风格很独特。,Her style is very unique.
独自,dú zì,alone,他独自去了公园。,He went to the park alone.
读,dòu,comma; phrase marked by pause,此处加个读。,Add a pause here.
读书,dú shū,to read a book; to study; to attend school,我喜欢读书。,I like reading books.
堵,dǔ,"to block up (a road, pipe etc); to stop up (a hole); (fig.) (of a person) choked up with anxiety or stress; wall (literary); (classifier for walls)",路被堵住了。,The road is blocked.
赌,dǔ,to bet; to gamble,别赌钱。,Don't bet money.
肚子,dù zi,belly; abdomen; stomach,我肚子饿了。,I'm hungry.
度,dù,"to pass; to spend (time); measure; limit; extent; degree of intensity; degree (angles, temperature etc); kilowatt-hour; classifier for events and occurrences",周末怎么度过？,How will you spend the weekend?
度过,dù guò,to pass; to spend (time); to survive; to get through,我们一起度过周末。,We spend the weekend together.
端,duān,end; extremity; item; port; to hold sth level with both hands; to carry; regular,他端着一碗饭。,He is holding a bowl of rice.
短,duǎn,short; brief; to lack; weak point; fault,头发太短了。,My hair is too short.
段,Duàn,surname Duan,我姓段。,My surname is Duan.
断,duàn,to break; to snap; to cut off; to give up or abstain from sth; to judge; (usu. used in the negative) absolutely; definitely; decidedly,别断我的网。,Don't cut off my internet.
锻炼,duàn liàn,to toughen; to temper; to engage in physical exercise; to work out; (fig.) to develop one's skills; to train oneself,我每天锻炼。,I exercise every day.
堆,duī,to pile up; to heap up; a mass; pile; heap; stack; large amount,地上有一堆书。,There is a pile of books on the ground.
队,duì,squadron; team; group,我加入足球队。,I joined the soccer team.
队伍,duì wǔ,ranks; troops; queue; line; procession,队伍很长。,The line is very long.
队员,duì yuán,team member,我是足球队员。,I am a soccer team member.
队长,duì zhǎng,captain; team leader,他是我们的队长。,He is our team captain.
对,duì,right; correct; towards; at; for; concerning; regarding; to treat (sb a certain way); to face; (bound form) opposite; facing; matching; to match together; to adjust; to fit; to suit; to answer; to reply; to add; to pour in (a fluid); to check; to compare; classifier: couple; pair,你说得对。,You're right.
对不起,duì bu qǐ,I'm sorry; excuse me; I beg your pardon; to let (sb) down; to disappoint,对不起，我迟到了。,"I'm sorry, I'm late."
对待,duì dài,to treat; treatment,他对待朋友很真诚。,He treats his friends very sincerely.
对方,duì fāng,the other person; the other side; the other party,我还没联系对方。,I haven't contacted the other person yet.
对付,duì fu,to handle; to deal with; to tackle; to get by with; to make do; (dialect) (usu. used in the negative) to get along with (sb),,
对话,duì huà,to talk (with sb); dialogue; conversation,我想和你对话。,I want to talk with you.
对面,duì miàn,(sitting) opposite; across (the street); directly in front; to be face to face,我们坐对面吧。,Let's sit opposite each other.
对手,duì shǒu,opponent; rival; competitor; (well-matched) adversary; match,他是我的对手。,He is my opponent.
对象,duì xiàng,target; object; partner; boyfriend; girlfriend,他是我对象。,He is my boyfriend.
对于,duì yú,regarding; as far as (sth) is concerned; with regard to,对于中文，我觉得有趣。,"As for Chinese, I find it interesting."
蹲,dūn,to crouch; to squat; to stay (somewhere),别蹲太久，腿会麻。,"Don't squat too long, your legs will go numb."
顿,dùn,"to stop; to pause; to arrange; to lay out; to kowtow; to stamp (one's foot); at once; classifier for meals, beatings, scoldings etc: time, bout, spell, meal",吃一顿饭吧。,Let's have a meal.
多,duō,many; much; too many; in excess; (after a numeral) ... odd; how (to what extent) (Taiwan pr. [duó]); (bound form) multi-; poly-,今天人多。,There are many people today.
多久,duō jiǔ,(of time) how long?; (not) a long time,你等了多久？,How long did you wait?
多么,duō me,how (wonderful etc); what (a great idea etc); however (difficult it may be etc); (in interrogative sentences) how (much etc); to what extent,他多么聪明啊！,How smart he is!
多少,duō shǎo,number; amount; somewhat,这个多少钱？,How much is this?
夺,duó,to seize; to take away forcibly; to wrest control of; to compete or strive for; to force one's way through; to leave out; to lose,他一把夺过球。,He snatched the ball.
躲,duǒ,to hide; to dodge; to avoid,我去躲雨。,I'll go hide from the rain.
恶,ě,used in 恶心,这东西真恶心。,This thing is really disgusting.
恶心,ě xīn,variant of 恶心,我有点恶心。,I feel a bit nauseous.
饿,è,to be hungry; hungry; to starve (sb),我饿了。,I'm hungry.
儿童,ér tóng,child,儿童喜欢听故事。,Children like listening to stories.
儿子,ér zi,son,我儿子很可爱。,My son is very cute.
而,ér,and; as well as; and so; but (not); yet (not); (indicates causal relation); (indicates change of state); (indicates contrast),他聪明而努力。,He is smart and hardworking.
而且,ér qiě,(not only ...) but also; moreover; in addition; furthermore,她聪明而且漂亮。,She is smart and pretty.
而是,ér shì,rather,他不是哭，而是笑。,"He didn't cry, but rather laughed."
而已,ér yǐ,that's all; nothing more,我只是开玩笑而已。,"I'm just joking, that's all."
耳朵,ěr duo,ear; handle (on a cup),我耳朵疼。,My ear hurts.
二,èr,two; 2; (Beijing dialect) stupid,今天是二月二号。,Today is February second.
发,fā,to send out; to show (one's feeling); to issue; to develop; to make a bundle of money; classifier for gunshots (rounds),我发给你。,I will send it to you.
发表,fā biǎo,to issue; to publish,他刚发表新文章。,He just published a new article.
发布,fā bù,to release; to issue; to announce; to distribute; also written 发布,公司发布新产品。,The company released a new product.
发出,fā chū,"to issue (an order, decree etc); to send out; to dispatch; to produce (a sound); to let out (a laugh)",他发出了笑声。,He let out a laugh.
发动,fā dòng,to start; to launch; to unleash; to mobilize; to arouse,他发动了汽车。,He started the car.
发挥,fā huī,to display; to exhibit; to bring out implicit or innate qualities; to express (a thought or moral); to develop (an idea); to elaborate (on a theme),请发挥你的特长。,Please play to your strengths.
发明,fā míng,to invent; an invention,他发明了手机。,He invented the mobile phone.
发射,fā shè,to shoot (a projectile); to fire (a rocket); to launch; to emit (a particle); to discharge; emanation; emission,我们发射了火箭。,We launched a rocket.
发生,fā shēng,to happen; to occur; to take place; to break out,刚才发生了什么？,What just happened?
发现,fā xiàn,to notice; to become aware of; to discover; to find; to detect; a discovery,我发现了问题。,I found the problem.
发行,fā xíng,"to publish; to issue (stocks, currency etc); to release; to distribute (a film)",他们发行新专辑。,They are releasing a new album.
发型,fà xíng,hairstyle; coiffure; hairdo,你的新发型很好看。,Your new hairstyle looks great.
发展,fā zhǎn,development; growth; to develop; to grow; to expand,公司发展很快。,The company is developing fast.
罚,fá,to punish; to penalize,他迟到被罚了。,He was punished for being late.
法,fǎ,variant of 法,方法很简单。,The method is simple.
法官,fǎ guān,judge (in court),法官今天很忙。,The judge is very busy today.
法律,fǎ lǜ,law,你懂法律吗？,Do you understand the law?
法庭,fǎ tíng,court of law,我们去法庭吧。,Let's go to court.
法院,fǎ yuàn,court of law; court,我们去法院吧。,Let's go to court.
翻,fān,to turn over; to flip over; to overturn; to rummage through; to translate; to decode; to double; to climb over or into; to cross,请翻到下一页。,Please turn to the next page.
烦,fán,to feel vexed; to bother; to trouble; superfluous and confusing; edgy,别烦我。,Don't bother me.
反,fǎn,contrary; in reverse; inside out or upside down; to reverse; to return; to oppose; opposite; against; anti-; to rebel; to use analogy; instead; abbr. for 切 phonetic system,衣服穿反了。,I wore my clothes backwards.
反对,fǎn duì,to oppose; to be against; to object to,我反对这个计划。,I oppose this plan.
反而,fǎn ér,on the contrary; instead,吃了药，反而更困了。,"I took the medicine, but got sleepier instead."
反应,fǎn yìng,to react; to respond; reaction; response; reply; chemical reaction,你的反应真快。,Your reaction is so fast.
反映,fǎn yìng,to mirror; to reflect; mirror image; reflection; (fig.) to report; to make known; to render,报告反映了实际情况。,The report reflects the actual situation.
反正,fǎn zhèng,anyway; in any case; to come over from the enemy's side,反正我不去。,"Anyway, I'm not going."
返回,fǎn huí,to return to; to come (or go) back,我马上返回。,I'll be right back.
犯,fàn,to violate; to offend; to assault; criminal; crime; to make a mistake; recurrence (of mistake or sth bad),别犯错了。,Don't make a mistake.
犯罪,fàn zuì,to commit a crime; crime; offense,犯罪是不对的。,Crime is wrong.
饭,fàn,cooked rice; meal; (loanword) fan; devotee,晚饭吃什么？,What's for dinner?
饭店,fàn diàn,restaurant; hotel,我们去饭店吃饭吧。,Let's go eat at a restaurant.
范围,fàn wéi,range; scope; limit; extent,这个范围太窄了。,This range is too narrow.
方,Fāng,surname Fang,他姓方。,His last name is Fang.
方案,fāng àn,plan; program (for action etc); proposal; proposed bill,这个方案不错。,This plan is good.
方便,fāng biàn,convenient; suitable; to facilitate; to make things easy; having money to spare; (euphemism) to relieve oneself,你什么时候方便？,When is convenient for you?
方法,fāng fǎ,method; way; means,你有什么好方法？,Do you have a good method?
方面,fāng miàn,respect; aspect; field; side,这方面我不懂。,I don't understand this aspect.
方式,fāng shì,way; manner; style; mode; pattern,我们换个方式吧。,Let's try a different way.
方向,fāng xiàng,direction; orientation,你往哪个方向走？,Which way are you going?
防,fáng,to protect; to defend; to guard against; to prevent,记得防晒,Remember to protect yourself from the sun.
防守,fáng shǒu,to defend; to protect (against),我们加强防守。,We'll step up our defense.
防止,fáng zhǐ,to prevent; to guard against; to take precautions,多喝水防止感冒。,Drink more water to prevent colds.
房地产,fáng dì chǎn,real estate,他投资房地产。,He invests in real estate.
房间,fáng jiān,room,房间很干净。,The room is very clean.
房屋,fáng wū,house; building,这房屋很干净。,This house is very clean.
房子,fáng zi,house; building (single- or two-story); apartment; room,这房子多少钱？,How much is this house?
访问,fǎng wèn,to visit; to call on; to interview,我明天访问老师。,I will visit my teacher tomorrow.
放,fàng,to put; to place; to release; to free; to let go; to let out; to set off (fireworks),请放这里。,Please put it here.
放到,fàng dào,Put in,把书放到桌上。,Put the book on the table.
放弃,fàng qì,to renounce; to abandon; to give up,我放弃了。,I gave up.
放松,fàng sōng,to relax; to slacken; to loosen,周末我想放松一下。,I want to relax this weekend.
放下,fàng xià,to lay down; to put down; to let go of; to relinquish; to set aside; to lower (the blinds etc),把手机放下。,Put down the phone.
放心,fàng xīn,to feel relieved; to feel reassured; to be at ease,你放心，没事的。,"Rest assured, it's fine."
飞,fēi,to fly,小鸟会飞。,Birds can fly.
飞机,fēi jī,airplane,我们坐飞机吧。,Let's take a plane.
飞行,fēi xíng,(of planes etc) to fly; flying; flight; aviation,这次飞行很顺利。,This flight went smoothly.
非,Fēi,"abbr. for 洲, Africa",我去南非。,I go to South Africa.
非常,fēi cháng,very; really; unusual; extraordinary,今天非常热。,It is very hot today.
非法,fēi fǎ,illegal,这是非法的。,This is illegal.
肥,féi,fat; fertile; loose-fitting or large; to fertilize; to become rich by illegal means; fertilizer; manure,这肉很肥。,This meat is very fatty.
肺,fèi,lung,我的肺很好。,My lungs are healthy.
费,Fèi,surname Fei,费老师来了。,Teacher Fei is here.
费用,fèi yòng,cost; expenditure; expense,这笔费用谁付？,Who pays this cost?
分,fēn,to divide; to separate; to distribute; to allocate; to distinguish (good and bad); (bound form) branch of (an organization); sub- (as in 局); fraction; one tenth (of certain units); unit of length equivalent to 0.33 cm; minute (unit of time); minute (angular measurement unit); a point (in sports or games); 0.01 yuan (unit of money),我们分蛋糕吧。,Let's share the cake.
分别,fēn bié,to part; to leave each other; to distinguish; to tell apart; difference; distinction; in different ways; differently; separately; individually,我们分别回家吧。,Let's go home separately.
分开,fēn kāi,to separate; to part,我们分开吧。,Let's part ways.
分离,fēn lí,to separate,我们不得不分离。,We have to separate.
分配,fēn pèi,to distribute; to assign; to allocate; to partition (a hard drive),任务怎么分配？,How should we assign the task?
分手,fēn shǒu,to part company; to split up; to break up,我们分手吧。,Let's break up.
分析,fēn xī,to analyze; analysis,请分析一下数据。,Please analyze the data.
分享,fēn xiǎng,to share (let others have some of sth good),我们一起分享蛋糕吧。,Let's share the cake together.
分钟,fēn zhōng,minute,请等一分钟。,Please wait one minute.
粉,fěn,powder; cosmetic face powder; food prepared from starch; noodles or pasta made from any kind of flour; to turn to powder; (dialect) to whitewash; white; pink; (suffix) fan (abbr. for 粉丝); to be a fan of,我喜欢吃米粉。,I like eating rice noodles.
粉丝,fěn sī,bean vermicelli; mung bean starch noodles; Chinese vermicelli; cellophane noodles; fan (loanword); enthusiast for sb or sth,我爱吃粉丝。,I love eating vermicelli.
份,fèn,"classifier for gifts, newspaper, magazine, papers, reports, contracts etc; variant of 分",我买了一份报纸。,I bought a newspaper.
愤怒,fèn nù,angry; indignant; wrath; ire,他非常愤怒。,He is very angry.
丰富,fēng fù,to enrich; rich; plentiful; abundant,他的知识很丰富。,His knowledge is very rich.
风,fēng,wind; news; style; custom; manner,今天风很大。,It is very windy today.
风格,fēng gé,style,我喜欢你的风格。,I like your style.
风险,fēng xiǎn,risk; hazard,投资有风险。,Investing has risks.
封,Fēng,surname Feng,我姓封。,My surname is Feng.
疯,fēng,insane; mad; wild,你疯了吗？,Are you crazy?
疯狂,fēng kuáng,crazy; frenzied; wild,这主意真疯狂。,This idea is really crazy.
否认,fǒu rèn,to declare to be untrue; to deny,他否认了这件事。,He denied it.
否则,fǒu zé,otherwise; if not; or (else),快走，否则迟到。,"Hurry up, otherwise you'll be late."
佛,Fó,Buddha; Buddhism (abbr. for 陀),他去拜佛了。,He went to worship Buddha.
服,fú,"clothes; dress; garment; to serve (in the military, a prison sentence etc); to obey; to be convinced (by an argument); to convince; to admire; to acclimatize; to take (medicine); mourning clothes; to wear mourning clothes",我彻底服了。,I am completely convinced.
服务,fú wù,to serve; service,这家店的服务很好。,The service at this shop is very good.
服装,fú zhuāng,dress; clothing; costume; clothes,我喜欢这套服装。,I like this outfit.
符合,fú hé,in keeping with; in accordance with; tallying with; in line with; to agree with; to accord with; to conform to; to correspond with; to manage; to handle,这符合要求吗？,Does it meet the requirements?
幅,fú,width; roll; classifier for textiles or pictures,我买了一幅画。,I bought a painting.
福,Fú,surname Fu; abbr. for Fujian province 省,我姓福。,My surname is Fu.
父母,fù mǔ,father and mother; parents,我的父母很爱我。,My parents love me very much.
父亲,fù qīn,father; also pr. [fù qin],我父亲是老师。,My father is a teacher.
付,Fù,surname Fu,我姓付。,My surname is Fu.
付出,fù chū,to pay; to expend; to invest (energy or time),他为你付出了很多。,He put in a lot for you.
妇女,fù nǚ,woman,这位妇女很善良。,This woman is very kind.
负,fù,to bear; to carry (on one's back); to turn one's back on; to be defeated; negative (math. etc),答案是负数。,The answer is negative.
负担,fù dān,"to bear (an expense, a responsibility etc); burden",别增加我的负担。,Don't increase my burden.
负责,fù zé,to be in charge of; to take responsibility for; to be to blame; conscientious,谁负责这个？,Who is in charge of this?
负责人,fù zé rén,person in charge,负责人是谁？,Who is the person in charge?
附近,fù jìn,nearby; neighboring; (in the) vicinity (of); neighborhood,我家附近有个公园。,There is a park near my house.
复杂,fù zá,complicated; complex,这事很复杂。,This matter is very complicated.
副,fù,"secondary; auxiliary; deputy; assistant; vice-; abbr. for 副词 adverb; classifier for pairs, sets of things & facial expressions",他戴着一副眼镜。,He is wearing a pair of glasses.
富,Fù,surname Fu,我姓富。,My surname is Fu.
富有,fù yǒu,rich; wealthy; affluent; to be rich in; to be replete with,他很富有。,He is very wealthy.
夫妇,fū fù,a (married) couple; husband and wife,他们是一对夫妇。,They are a married couple.
夫妻,fū qī,husband and wife; married couple,他们是夫妻。,They are a married couple.
夫人,fū ren,lady; madam; Mrs.,这是我夫人。,This is my wife.
该,gāi,should; ought to; probably; must be; to deserve; to owe; to be sb's turn to do sth; that; the above-mentioned,我该走了。,I should go now.
改,gǎi,to change; to alter; to transform; to correct,我想改名字。,I want to change my name.
改变,gǎi biàn,to change; to alter; to transform,我想改变生活。,I want to change my life.
改革开放,gǎi gé kāi fàng,to reform and open to the outside world; refers to Deng Xiaoping's policies from around 1980,改革开放让中国变好了。,Reform and opening up has made China better.
改善,gǎi shàn,to make better; to improve,我们要改善生活。,We need to improve our lives.
改造,gǎi zào,to transform; to reform; to remodel; to remold,我想改造我的房间。,I want to remodel my room.
盖,Gě,surname Ge,盖老师来了。,Teacher Ge is here.
概念,gài niàn,concept; idea,我不懂这个概念。,I don't understand this concept.
杆,gān,pole,旗杆很高。,The flagpole is very tall.
尴尬,gān gà,awkward; embarrassed,他有点尴尬。,He is a bit embarrassed.
赶,gǎn,to overtake; to catch up with; to hurry; to rush; to try to catch (the bus etc); to drive (cattle etc) forward; to drive (sb) away; to avail oneself of (an opportunity); until; by (a certain time),我赶着去上班。,I'm rushing to work.
赶到,gǎn dào,to hurry (to some place),我马上赶到。,I'll hurry over right away.
赶紧,gǎn jǐn,hurriedly; without delay,赶紧走吧！,Hurry up and go!
赶快,gǎn kuài,quickly; at once,赶快走吧！,Hurry up and go!
敢,gǎn,to dare; daring; (polite) may I venture,你敢试试吗？,Do you dare to try?
感,gǎn,to feel; to move; to touch; to affect; feeling; emotion; (suffix) sense of ~,我感觉很好。,I feel good.
感到,gǎn dào,to feel; to sense; to perceive,我感到很开心。,I feel very happy.
感动,gǎn dòng,to move (sb); to touch (sb emotionally); moving,他的故事让我感动。,His story moved me.
感激,gǎn jī,to be grateful; to appreciate; thankful,我很感激你。,I am very grateful to you.
感觉,gǎn jué,feeling; impression; sensation; to feel; to perceive,你感觉怎么样？,How do you feel?
感冒,gǎn mào,to catch cold; (common) cold; (coll.) to be interested in (often used in the negative); (Tw) to detest; can't stand,我感冒了。,I caught a cold.
感情,gǎn qíng,emotion; sentiment; affection; feelings between two persons,我们的感情很好。,Our relationship is very good.
感染,gǎn rǎn,to infect; infection; (fig.) to influence,他感染了病毒。,He got infected with a virus.
感受,gǎn shòu,to sense; perception; to feel (through the senses); to experience; a feeling; an impression; an experience,你的感受是什么？,What is your feeling?
感谢,gǎn xiè,(express) thanks; gratitude; grateful; thankful; thanks,非常感谢你。,Thank you very much.
干,gān,old variant of 干,今天不干了。,Not working today.
干净,gān jìng,clean; neat,房间很干净。,The room is very clean.
干什么,gàn shén me,what are you doing?; what's he up to?,你在干什么？,What are you doing?
刚,gāng,hard; firm; strong; just; barely; exactly,我刚到家。,I just got home.
刚才,gāng cái,just now; a moment ago,刚才我在吃饭。,I was eating just now.
刚刚,gāng gang,just recently; just a moment ago,我刚刚到家。,I just got home.
港,Gǎng,Hong Kong (abbr. for 港); surname Gang,我去港看朋友。,I go to Hong Kong to see my friend.
高,Gāo,surname Gao,我姓高。,My surname is Gao.
高度,gāo dù,height; altitude; elevation; high degree; highly,这座山的高度是多少？,What is the height of this mountain?
高级,gāo jí,high level; high grade; advanced; high-ranking,这台电脑很高级。,This computer is very advanced.
高手,gāo shǒu,expert; past master; dab hand,他是下棋高手。,He is a chess expert.
高速,gāo sù,high speed; expressway (abbr. for 路),我们走高速去。,We will take the expressway.
高兴,gāo xìng,happy; glad; willing (to do sth); in a cheerful mood,我今天很高兴。,I am very happy today.
高中,gāo zhōng,senior high school; abbr. for 高级中学,我在读高中。,I am in high school.
搞,gǎo,to do; to make; to go in for; to set up; to get hold of; to take care of,我搞定了。,I've got it done.
告,gào,to say; to tell; to announce; to report; to denounce; to file a lawsuit; to sue,请告诉我。,Please tell me.
告诉,gào sù,to press charges; to file a complaint,请告诉我。,Please tell me.
哥,gē,elder brother,我哥在家。,My elder brother is at home.
哥哥,gē ge,older brother,我哥哥很好。,My older brother is very nice.
歌,gē,song; to sing,我喜欢这首歌。,I like this song.
歌曲,gē qǔ,song,我喜欢这首歌曲。,I like this song.
歌手,gē shǒu,singer,我想当歌手。,I want to be a singer.
革命,gé mìng,to withdraw the mandate of heaven (and transition to a new dynasty) (original meaning); revolution; revolutionary; to revolt (against sb or sth); to revolutionize (sth); (separable verb sometimes used in the pattern 革noun的命),他想搞场革命。,He wants to start a revolution.
格,gé,square; frame; rule; (legal) case; style; character; standard; pattern; (grammar) case; (classical) to obstruct; to hinder; (classical) to arrive; to come; (classical) to investigate; to study exhaustively,这张纸有格子吗？,Does this paper have a grid?
隔,gé,to separate; to partition; to stand or lie between; at a distance from; after or at an interval of,我们隔着一张桌子。,There is a table between us.
个,gě,used in 自个儿,他喜欢自个儿玩。,He likes to play by himself.
个人,gè rén,individual; personal; oneself,这是个人的事。,It is a personal matter.
个性,gè xìng,individuality; personality,她很有个性。,She has a lot of personality.
各,gè,each; every,各人一份。,One for each person.
各地,gè dì,in all parts of (a country); various regions,各地都有美食。,Good food is available everywhere.
各个,gè gè,"every; various; separately, one by one",各个房间都很干净。,Every room is very clean.
各位,gè wèi,"everybody; all (guests, colleagues etc); all of you",各位请坐。,"Everyone, please sit down."
各种,gè zhǒng,every kind of; all kinds of; various,我喜欢各种水果。,I like all kinds of fruit.
各自,gè zì,each; respective; apiece,我们各自回家。,We each go home.
给,gěi,to; for; for the benefit of; to give; to allow; to do sth (for sb); (grammatical equivalent of 被); (grammatical equivalent of 把); (sentence intensifier),我给你一本书。,I'll give you a book.
给予,jǐ yǔ,(literary) to give; to accord; to render,他给予我帮助。,He gives me help.
根,gēn,"root; basis; classifier for long slender objects, e.g. cigarettes, guitar strings; radical (chemistry)",给我一根绳子。,Give me a rope.
根本,gēn běn,fundamental; basic; root; simply; absolutely (not); (not) at all,我根本不知道。,I don't know at all.
根据,gēn jù,according to; based on; basis; foundation,根据天气，带伞吧。,"According to the weather, bring an umbrella."
跟,gēn,heel; to follow closely; to go with; (of a woman) to marry sb; with; compared with; to; towards; and (joining two nouns),你跟我走。,Come with me.
跟踪,gēn zōng,to follow sb's tracks; to tail; to shadow; tracking,他在跟踪我。,He is following me.
更,gēng,to change or replace; to experience; one of the five two-hour periods into which the night was formerly divided; watch (e.g. of a sentry or guard),都三更了，睡吧。,"It's past midnight, go to sleep."
更加,gèng jiā,more (than sth else); even more,我更加喜欢它了。,I like it even more now.
工厂,gōng chǎng,factory,我在工厂工作。,I work at a factory.
工程,gōng chéng,engineering; an engineering project; project; undertaking,我们在做新工程。,We are working on a new project.
工具,gōng jù,tool; instrument; utensil; means (to achieve a goal etc),这是个好工具。,This is a good tool.
工人,gōng rén,worker,我爸爸是工人。,My dad is a worker.
工业,gōng yè,industry,中国工业很强。,China's industry is very strong.
工资,gōng zī,wages; pay,你工资多少？,How much is your salary?
工作,gōng zuò,to work; (of a machine) to operate; job; work; task,我明天去工作。,I will go to work tomorrow.
公,gōng,"public; collectively owned; common; international (e.g. high seas, metric system, calendar); make public; fair; just; Duke, highest of five orders of nobility 位; honorable (gentlemen); father-in-law; male (animal)",他做事很公平。,He is very fair.
公布,gōng bù,to announce; to make public; to publish,学校公布了成绩。,The school announced the grades.
公共,gōng gòng,public; common; communal,这是公共汽车。,This is a bus.
公开,gōng kāi,open; overt; public; to make public; to release,结果已公开。,The results are public.
公里,gōng lǐ,kilometer,学校离我家三公里。,The school is three kilometers from my home.
公路,gōng lù,highway; road,我们走公路吧。,Let's take the highway.
公民,gōng mín,citizen,我是中国公民。,I am a Chinese citizen.
公平,gōng píng,fair; impartial,这很公平。,This is fair.
公司,gōng sī,company; firm; corporation,我在公司上班。,I work at a company.
公寓,gōng yù,apartment building; block of flats,我住在公寓里。,I live in an apartment.
公园,gōng yuán,park (for public recreation),我们去公园吧。,Let's go to the park.
公正,gōng zhèng,just; fair; equitable,法官很公正。,The judge is very fair.
公众,gōng zhòng,public,这是给公众看的。,This is for the public to see.
公主,gōng zhǔ,princess,我想当公主。,I want to be a princess.
功夫,gōng fu,skill; art; kung fu; labor; effort,他花了不少功夫。,He put in a lot of effort.
功能,gōng néng,function; capability,这个功能很好用。,This function is very easy to use.
攻击,gōng jī,to attack; to accuse; to charge; an attack (terrorist or military),别在网上乱攻击。,Don't attack randomly online.
供,gōng,to provide; to supply,公司供午餐。,The company provides lunch.
供应,gōng yìng,to supply; to provide; to offer,我们供应热水。,We provide hot water.
宫,Gōng,surname Gong,宫老师来了。,Teacher Gong is here.
恭喜,gōng xǐ,to congratulate; (interj.) congratulations!,恭喜你考上大学！,Congratulations on getting into university!
共,gòng,"common; general; to share; together; total; altogether; abbr. for 共产党, Communist party",费用共两百元。,The total cost is two hundred yuan.
共同,gòng tóng,common; joint; jointly; together; collaborative,让我们共同努力吧。,Let's work together.
贡献,gòng xiàn,to contribute; to dedicate; to devote; contribution,他为社会做贡献。,He contributes to society.
沟通,gōu tōng,to join; to connect; to link up; to communicate,我们需要多沟通。,We need to communicate more.
狗,gǒu,dog,我喜欢狗。,I like dogs.
购买,gòu mǎi,to purchase; to buy,我想购买这本书。,I want to buy this book.
购物,gòu wù,shopping,我喜欢购物。,I like shopping.
够,gòu,enough (sufficient); enough (too much); (coll.) (before adj.) really; (coll.) to reach by stretching out,钱够了吗？,Is there enough money?
估计,gū jì,to estimate; to reckon; (coll.) to suppose,我估计他明天到。,I guess he'll arrive tomorrow.
姑娘,gū niang,girl; young woman; young lady; daughter; paternal aunt (old),那位姑娘很漂亮。,That girl is very pretty.
孤单,gū dān,lone; lonely; loneliness,我一个人很孤单。,I feel lonely by myself.
孤独,gū dú,lonely; solitary,我很孤独。,I am lonely.
古,Gǔ,surname Gu,我姓古。,My surname is Gu.
股,gǔ,"thigh; part of a whole; portion of a sum; (stock) share; strand of a thread; low-level administrative unit, translated as ""section"" or ""department"" etc, ranked below 科; classifier for long winding things like ropes, rivers etc; classifier for smoke, smells etc: thread, puff, whiff; classifier for bands of people, gangs etc; classifier for sudden forceful actions",我闻到一股香味。,I can smell a whiff of fragrance.
股票,gǔ piào,share certificate; stock (finance),我想买股票。,I want to buy stocks.
鼓励,gǔ lì,to encourage,老师鼓励我。,My teacher encourages me.
固定,gù dìng,to fix; to fasten; to set rigidly in place; fixed; set; regular,价格固定吗？,Is the price fixed?
故事,gù shì,old practice,我喜欢听故事。,I like listening to stories.
故意,gù yì,deliberately; on purpose,他不是故意的。,He didn't do it on purpose.
顾客,gù kè,customer; client,这位顾客很友好。,This customer is very friendly.
顾问,gù wèn,adviser; consultant,我爸爸是顾问。,My dad is a consultant.
刮,guā,to scrape; to blow; to shave; to plunder; to extort,外面在刮大风。,The wind is blowing hard outside.
挂,guà,to hang or suspend (from a hook etc); to hang up (the phone); (of a line) to be dead; to be worried or concerned; to make a phone call (dialect); to register or record; classifier for sets or clusters of objects; (slang) to kill; to die; to be finished; to fail (an exam),我挂电话了。,I'm hanging up the phone.
乖,guāi,"(of a child) obedient, well-behaved; clever; shrewd; alert; perverse; contrary to reason; irregular; abnormal",这孩子真乖。,This child is really well-behaved.
怪,guài,bewildering; odd; strange; uncanny; devil; monster; to wonder at; to blame; quite; rather,这天气真怪。,The weather is really strange.
关,Guān,surname Guan,我姓关。,My surname is Guan.
关闭,guān bì,"to close; to shut (a window etc); (of a shop, school etc) to shut down",请关闭窗户。,Please close the window.
关键,guān jiàn,crucial point; crux; key; crucial; pivotal,沟通是关键。,Communication is key.
关系,guān xi,relation; relationship; to concern; to affect; to have to do with; guanxi,我们关系很好。,We have a good relationship.
关心,guān xīn,to be concerned about; to care about,妈妈很关心我。,Mom cares about me.
关于,guān yú,pertaining to; concerning; with regard to; about; a matter of,关于这个，我知道了。,I understand regarding this.
关注,guān zhù,to pay attention to; to follow sth closely; to follow (on social media); concern; interest; attention,我关注你的账号。,I follow your account.
观察,guān chá,to observe; to watch; to survey,我常观察蚂蚁。,I often observe ants.
观点,guān diǎn,point of view; viewpoint; standpoint,你的观点是什么？,What is your point of view?
观看,guān kàn,to watch; to view,我们一起观看电影吧。,Let's watch a movie together.
观众,guān zhòng,spectators; audience; visitors (to an exhibition etc),观众很多。,There are many spectators.
官,Guān,surname Guan,你好，我姓官。,"Hello, my surname is Guan."
官方,guān fāng,government; official (approved or issued by an authority),官方已经确认了。,Officials have confirmed it.
官员,guān yuán,official (in an organization or government); administrator,这位官员很友善。,This official is very friendly.
冠军,guàn jūn,champion,他是冠军。,He is the champion.
管,guǎn,variant of 管,别管这事了。,Forget about this matter.
管理,guǎn lǐ,to supervise; to manage; to administer; management; administration,我来管理吧。,I'll manage it.
光,guāng,light; ray; bright; shiny; only; merely; used up; finished; to leave (a part of the body) uncovered,钱都花光了。,The money is all spent.
广播,guǎng bō,broadcast; broadcasting; to broadcast; (formal) to propagate; to publicize,我在听广播。,I am listening to the radio.
广场,guǎng chǎng,public square; plaza,我们去广场吧。,Let's go to the square.
广告,guǎng gào,to advertise; a commercial; advertisement,这广告真长。,This ad is so long.
归,Guī,surname Gui,我朋友姓归。,My friend's surname is Gui.
规定,guī dìng,to stipulate; to specify; to prescribe; to fix (a price); to set (a quota); regulations; rules; provisions; stipulations,公司规定早上九点上班。,The company requires starting work at nine.
规划,guī huà,to draw up a plan; to map out a program; a plan; a program,我规划了行程。,I planned the trip.
规则,guī zé,rule; regulation; rules and regulations,游戏规则是什么？,What are the game rules?
鬼,guǐ,disembodied spirit; ghost; devil; (suffix) person with a certain vice or addiction etc; sly; crafty; resourceful (variant of 诡); one of the 28 constellations of ancient Chinese astronomy,我小时候怕鬼。,I was afraid of ghosts when I was little.
贵,guì,expensive; noble; precious; (honorific) your,这衣服太贵了。,This dress is too expensive.
滚,gǔn,to boil; to roll; to take a hike; Get lost!,球滚走了。,The ball rolled away.
锅,guō,pot; pan; wok; cauldron; pot-shaped thing,我买了一个新锅。,I bought a new pot.
国,Guó,surname Guo,你姓国吗？,Is your surname Guo?
国际,guó jì,international,我喜欢国际电影。,I like international movies.
国家,guó jiā,country; nation; state,我爱我的国家。,I love my country.
国内,guó nèi,domestic; internal (to a country); civil,他刚回国内。,He just returned to the country.
国外,guó wài,abroad; external (affairs); overseas; foreign,他在国外工作。,He works abroad.
国王,guó wáng,king,国王住在城堡里。,The king lives in a castle.
果然,guǒ rán,really; sure enough; as expected; if indeed,你果然猜对了。,You guessed right as expected.
过,Guō,surname Guo,我姓过。,My surname is Guo.
过程,guò chéng,course of events; process,这个过程很有趣。,This process is very interesting.
过度,guò dù,excessive; over-; excess; going too far; extravagant; intemperate; overdue,别过度担心。,Don't worry too much.
过分,guò fèn,excessive; undue; overly,这要求太过分了。,This request is too excessive.
过来,guò lái,to come over; to manage; to handle; to be able to take care of,你过来一下。,Please come over here.
过去,guò qù,(in the) past; former; previous; to go over; to pass by,我过去住在北京。,I used to live in Beijing.
哈,Hā,"abbr. for 哈萨克斯坦, Kazakhstan; abbr. for 哈尔滨, Harbin",我去过哈。,I've been to Harbin.
哈哈,hā hā,(onom.) laughing out loud,哈哈，太搞笑了！,"Haha, that's so funny!"
嗨,hāi,oh alas; hey!; hi! (loanword); a high (natural or drug-induced) (loanword),嗨，你好吗？,"Hi, how are you?"
还,Huán,surname Huan,我朋友姓还。,My friend's surname is Huan.
还是,hái shi,still (as before); had better; unexpectedly; or,喝茶还是咖啡？,Tea or coffee?
还有,hái yǒu,furthermore; in addition; still; also,我还有作业。,I still have homework.
孩子,hái zi,child,孩子今天很开心。,The child is very happy today.
海,Hǎi,surname Hai,我喜欢海。,I like the sea.
海军,hǎi jūn,navy,爸爸是海军。,My dad is in the navy.
害,hài,to do harm to; to cause trouble to; harm; evil; calamity,别害我。,Don't harm me.
害怕,hài pà,to be afraid; to be scared,我害怕黑暗。,I am afraid of the dark.
含,hán,to keep in the mouth; to contain,请含在嘴里。,Please keep it in your mouth.
喊,hǎn,to yell; to shout; to call out for (a person),妈妈喊我吃饭。,Mom is calling me for dinner.
航班,háng bān,(scheduled) flight; (scheduled) sailing,我的航班晚点了。,My flight is delayed.
航空,háng kōng,aviation,我在学航空。,I am studying aviation.
毫无,háo wú,not in the least; to completely lack,我毫无准备。,I am completely unprepared.
豪华,háo huá,luxurious,这房间很豪华。,This room is very luxurious.
好,hǎo,good; appropriate; proper; all right!; (before a verb) easy to; (before a verb) good to; (before an adjective for exclamatory effect) so; (verb complement indicating completion); (of two people) close; on intimate terms; (after a personal pronoun) hello,今天天气真好。,The weather is really nice today.
好吃,hǎo chī,tasty; delicious,这菜很好吃。,This dish is delicious.
好处,hǎo chǔ,easy to get along with,这工作好处很多。,This job has many benefits.
好多,hǎo duō,many; quite a lot; much better,我买了好多书。,I bought many books.
好好,hǎo hǎo,well; carefully; nicely; properly,你要好好学习。,You should study well.
好久,hǎo jiǔ,quite a while,我们好久没见了。,We haven't seen each other for quite a while.
好看,hǎo kàn,"good-looking; nice-looking; good (of a movie, book, TV show etc); embarrassed; humiliated",这部电影很好看。,This movie is great.
好奇,hào qí,inquisitive; curious; inquisitiveness; curiosity,我很好奇。,I am curious.
好人,hǎo rén,"good person; healthy person; person who tries not to offend anyone, even at the expense of principle",他是个好人。,He is a good person.
好事,hǎo shì,"good action, deed, thing or work (also sarcastic, ""a fine thing indeed""); charity; happy occasion; Daoist or Buddhist ceremony for the souls of the dead",这是件好事。,This is a good thing.
好像,hǎo xiàng,as if; to seem like,他好像生病了。,He seems sick.
好运,hǎo yùn,good luck,祝你好运！,Good luck to you!
号,háo,roar; cry,他痛得直号。,He cried out in pain.
号码,hào mǎ,number,你的号码是多少？,What is your number?
喝,hē,to drink; variant of 嗬,我想喝水。,I want to drink water.
合,gě,"100 ml; one-tenth of a peck; measure for dry grain equal to one-tenth of sheng 升 or liter, or one-hundredth dou 斗",倒两合米进去。,Pour two ge of rice in.
合法,hé fǎ,lawful; legitimate; legal,这是合法的吗？,Is this legal?
合理,hé lǐ,rational; reasonable; sensible; fair,这个价格很合理。,This price is very reasonable.
合适,hé shì,suitable; fitting; appropriate,这件衣服很合适。,This shirt fits well.
合同,hé tong,(business) contract,我们签了合同。,We signed the contract.
合约,hé yuē,treaty; contract,我们签了合约。,We signed a contract.
合作,hé zuò,to cooperate; to collaborate; to work together; cooperation,我们合作吧。,Let's work together.
和,hé,old variant of 和,我和他吃饭。,I eat with him.
和平,Hé píng,"Heping District of Shenyang city 沈阳市, Liaoning; Heping or Hoping Township in Taichung County 台中县, Taiwan",我们爱和平。,We love peace.
和谐,hé xié,harmonious; harmony; (euphemism) to censor,我们家庭很和谐。,Our family is very harmonious.
河,hé,river,我们去河边吧。,Let's go to the river.
核,hé,pit; stone; nucleus; nuclear; to examine; to check; to verify,请核对账单。,Please check the bill.
核心,hé xīn,core; nucleus,这是问题的核心。,This is the core of the problem.
盒,hé,small box; case,请给我一盒糖。,Please give me a box of candy.
黑,Hēi,abbr. for Heilongjiang province 黑龙江,我是黑省的。,I'm from Heilongjiang.
黑暗,hēi àn,dark; darkly; darkness,我喜欢黑暗。,I like darkness.
黑色,hēi sè,black,我喜欢黑色。,I like black.
嘿,hēi,hey,嘿，你好吗？,"Hey, how are you?"
很,hěn,(adverb of degree); quite; very; awfully,今天很冷。,It's very cold today.
狠,hěn,ruthless; fierce; ferocious; determined; to harden (one's heart); old variant of 很,她心太狠了。,She's too ruthless.
恨,hèn,to hate; to regret,我恨下雨天。,I hate rainy days.
哼,hēng,to groan; to snort; to hum; to croon; humph!,哼，我不信。,"Hmph, I don't believe it."
红,Hóng,surname Hong,红老师来了。,Teacher Hong is here.
红色,hóng sè,red (color); revolutionary,我喜欢红色。,I like red.
吼,hǒu,to roar; to howl; to shriek; roar or howl of an animal; bellow of rage,别吼了，我听见了。,"Stop yelling, I heard you."
后,Hòu,surname Hou,我邻居姓后。,My neighbor's surname is Hou.
后果,hòu guǒ,consequences; aftermath,后果很严重。,The consequences are serious.
后悔,hòu huǐ,to regret; to feel remorse,我后悔没去。,I regret not going.
后来,hòu lái,afterwards; later; newly arrived,后来我去了北京。,Later I went to Beijing.
后面,hòu mian,the back; the rear; the last bit; behind; near the end; at the back; later; afterwards,请站在我后面。,Please stand behind me.
厚,hòu,thick; deep or profound; kind; generous; rich or strong in flavor; to favor; to stress,这书很厚。,This book is very thick.
呼吸,hū xī,to breathe,请慢慢呼吸。,Please breathe slowly.
湖,hú,lake,我们去湖边散步吧。,Let's take a walk by the lake.
虎,hǔ,tiger,我画了一只虎。,I drew a tiger.
互相,hù xiāng,each other; mutually; mutual,我们互相帮助。,We help each other.
户,hù,a household; door; family,这一户有三口人。,This household has three people.
护,hù,to protect,妈妈护着孩子。,Mom protects the child.
护士,hù shi,nurse,我妈妈是护士。,My mom is a nurse.
花,Huā,surname Hua,我老师姓花。,My teacher's surname is Hua.
花园,huā yuán,garden,我们去花园玩吧。,Let's go play in the garden.
滑,Huá,surname Hua,他姓滑。,His last name is Hua.
化,huā,variant of 花,这朵化真香。,This flower smells so good.
化学,huà xué,chemistry; chemical,我喜欢化学。,I like chemistry.
划,huá,to row; to paddle; profitable; worth (the effort); it pays (to do sth),我们去划船吧。,Let's go rowing.
画,huà,to draw; to paint; picture; painting; to draw (a line) (variant of 划); stroke of a Chinese character (variant of 划); (calligraphy) horizontal stroke (variant of 划),我喜欢画画。,I like drawing.
画面,huà miàn,scene; tableau; picture; image; screen (displayed by a computer); (motion picture) frame; field of view,这幅画面很美。,This scene is very beautiful.
话,huà,dialect; language; spoken words; speech; talk; words; conversation; what sb said,你说什么话？,What are you saying?
话题,huà tí,subject (of a talk or conversation); topic,今天的话题是什么？,What is today's topic?
怀念,huái niàn,to cherish the memory of; to think of; to reminisce,我怀念小时候。,I miss my childhood.
怀疑,huái yí,to doubt (sth); to be skeptical of; to have one's doubts; to harbor suspicions; to suspect that,我怀疑他撒谎。,I suspect he's lying.
怀孕,huái yùn,pregnant; to have conceived; gestation; pregnancy,她怀孕了。,She is pregnant.
坏,huài,bad; spoiled; broken; to break down; (suffix) to the utmost,手机坏了。,The phone is broken.
环,Huán,surname Huan,环老师来了。,Teacher Huan is here.
环节,huán jié,"(zoology) segment (of the body of a worm, centipede etc); (fig.) a part of an integrated whole: aspect (of a project), element (of a policy), sector (of the economy), stage (of a process) etc",你负责哪个环节？,Which part are you responsible for?
环境,huán jìng,environment; circumstances; surroundings; ambient,我喜欢这里的环境。,I like the environment here.
幻想,huàn xiǎng,delusion; fantasy,这只是我的幻想。,This is just my fantasy.
换,huàn,to exchange; to change (clothes etc); to substitute; to switch; to convert (currency),我想换衣服。,I want to change clothes.
患,huàn,to suffer (from illness); to contract (a disease); misfortune; trouble; danger; worry,他患感冒了。,He has a cold.
患者,huàn zhě,patient; sufferer,患者需要休息。,The patient needs to rest.
欢乐,huān lè,gaiety; gladness; glee; merriment; pleasure; happy; joyous; gay,今天真欢乐。,Today is so joyful.
欢迎,huān yíng,to welcome; welcome,我们欢迎你。,We welcome you.
黄,Huáng,surname Huang or Hwang,我姓黄。,My surname is Huang.
黄金,huáng jīn,gold; golden (opportunity); prime (time),这是黄金做的。,This is made of gold.
灰,huī,ash; dust; lime; gray; discouraged; dejected,衣服上有灰。,There is dust on the clothes.
恢复,huī fù,to reinstate; to resume; to restore; to recover; to regain; to rehabilitate,身体恢复了吗？,Have you recovered yet?
挥,huī,to wave; to brandish; to command; to conduct; to scatter; to disperse,她挥了挥手。,She waved her hand.
回,huí,to circle; to go back; to turn around; to answer; to return; to revolve; Hui ethnic group (Chinese Muslims); time; classifier for acts of a play; section or chapter (of a classic book),我明天回家。,I will go home tomorrow.
回报,huí bào,(in) return; reciprocation; payback; retaliation; to report back; to reciprocate,我会好好回报你。,I will repay you well.
回答,huí dá,to reply; to answer; reply; answer,请回答问题。,Please answer the question.
回到,huí dào,to return to,我回到北京了。,I returned to Beijing.
回复,huí fù,to reply; to recover; to return (to a previous condition); Re: in reply to (email),我还没回复他。,I haven't replied to him yet.
回归,huí guī,to return to; to retreat; regression (statistics),我们回归正题吧。,Let's get back to the main topic.
回家,huí jiā,to return home,我明天回家。,I will go home tomorrow.
回来,huí lai,to return; to come back,我明天回来。,I will come back tomorrow.
回去,huí qu,to return; to go back,我明天回去。,I will go back tomorrow.
回头,huí tóu,to turn round; to turn one's head; later; by and by,回头见！,See you later!
回忆,huí yì,to recall; memories,我喜欢回忆过去。,I like recalling the past.
毁,huǐ,to destroy; to ruin; to defame; to slander,别毁了我们的计划。,Don't ruin our plans.
会,huì,can; to have the skill; to know how to; to be likely to; to be sure to; to meet; to get together; meeting; gathering; (suffix) union; group; association; (bound form) a moment (Taiwan pr. [huǐ]),我会游泳。,I can swim.
会见,huì jiàn,to meet with (sb who is paying a visit),我们明天会见客人。,We will meet with the guest tomorrow.
会议,huì yì,meeting; conference,明天有个会议。,There is a meeting tomorrow.
婚礼,hūn lǐ,wedding ceremony; wedding,我们参加了婚礼。,We attended the wedding.
婚姻,hūn yīn,matrimony; wedding; marriage,他们的婚姻很幸福。,Their marriage is very happy.
混,hún,confused; dirty; to mix; muddy; variant of 浑,这水很混。,The water is very muddy.
混合,hùn hé,to mix; to blend; hybrid; composite,请混合这两种颜色。,Please mix these two colors.
混乱,hùn luàn,confusion; chaos; disorder,交通太混乱了。,Traffic is too chaotic.
活,huó,to live; alive; living; work; workmanship,这鱼真活。,This fish is really alive.
活动,huó dòng,to exercise; to move about; to operate; to use connections (personal influence); loose; shaky; active; movable; activity; campaign; maneuver; behavior,周末有什么活动？,What activities are there this weekend?
活力,huó lì,energy; vitality; vigor; vital force,年轻人很有活力。,Young people have lots of energy.
火,Huǒ,surname Huo,我姓火。,My surname is Huo.
火车,huǒ chē,train,我们坐火车吧。,Let's take the train.
火箭,huǒ jiàn,rocket,我想坐火箭。,I want to ride a rocket.
伙伴,huǒ bàn,partner; companion; comrade,你是我的好伙伴。,You are my good partner.
或,huò,maybe; perhaps; might; possibly; or,明天或后天去？,Go tomorrow or the day after?
或是,huò shì,or; either one or the other,喝茶或是咖啡？,Tea or coffee?
或许,huò xǔ,perhaps; maybe,或许他会来。,Maybe he will come.
或者,huò zhě,or; possibly; maybe; perhaps,喝茶或者咖啡都行。,Tea or coffee works.
货,huò,goods; money; commodity,货物到了。,The goods have arrived.
获,huò,(literary) to catch; to capture; (literary) to get; to obtain; to win,我获奖了。,I won a prize.
获得,huò dé,to obtain; to receive; to get,我获得了第一名。,I got first place.
获胜,huò shèng,victorious; to win; to triumph,我们队获胜了。,Our team won.
机场,jī chǎng,airport; airfield; (slang) service provider for Shadowsocks or similar software for circumventing Internet censorship,我们去机场吧。,Let's go to the airport.
机构,jī gòu,mechanism; structure; organization; agency; institution,这家机构很有名。,This organization is very famous.
机关,jī guān,mechanism; gear; machine-operated; office; agency; organ; organization; establishment; institution; body; stratagem; scheme; intrigue; plot; trick,我去机关上班。,I work at an agency.
机会,jī huì,opportunity; chance; occasion,给我一次机会。,Give me a chance.
机器,jī qì,machine,这台机器很好用。,This machine is very easy to use.
机械,jī xiè,machine; machinery; mechanical; (old) cunning; scheming,这台机械坏了。,This machine is broken.
肌肉,jī ròu,muscle; flesh,我每天练肌肉。,I train my muscles every day.
鸡,jī,fowl; chicken; (slang) prostitute,妈妈买了只鸡。,Mom bought a chicken.
鸡蛋,jī dàn,(chicken) egg; hen's egg,我要两个鸡蛋。,I want two eggs.
积极,jī jí,active; energetic; vigorous; positive (outlook); proactive,他做事很积极。,He is very proactive.
基本,jī běn,basic; fundamental; main; elementary,我基本同意。,I basically agree.
基本上,jī běn shang,basically; on the whole,基本上没问题。,It's basically okay.
基础,jī chǔ,base; foundation; basis; basic; fundamental,他的中文基础很好。,His Chinese foundation is very good.
基地,jī dì,base (of operations); industrial or military base; al-Qaeda,我们去基地吧。,Let's go to the base.
基金,jī jīn,fund,我想买基金。,I want to buy funds.
基因,jī yīn,gene (loanword),这跟基因有关。,It's related to genes.
基于,jī yú,because of; on the basis of; in view of; on account of,基于你的建议，我改了。,"Based on your suggestion, I changed it."
激动,jī dòng,to move emotionally; to stir up (emotions); to excite,我很激动。,I am very excited.
激烈,jī liè,(of competition or fighting) intense; fierce; (of pain) acute; (of an expression of opinion) impassioned; vehement; (of a course of action) drastic; extreme,比赛很激烈。,The match is intense.
激情,jī qíng,passion; fervor; enthusiasm; strong emotion,她说话很有激情。,She speaks with great passion.
及,jí,and; to reach; up to; in time for,苹果及香蕉都好吃。,Apples and bananas are both delicious.
及时,jí shí,timely; at the right time; promptly; without delay,请及时回复。,Please reply promptly.
级,jí,"level; grade; rank; step (of stairs); classifier: step, level",我升了一级。,I advanced one grade.
即,jí,namely; that is; i.e.; prompt; at once; at present; even if; prompted (by the occasion); to approach; to come into contact; to assume (office); to draw near,我即去办。,I'll go handle it right away.
即便,jí biàn,even if; even though; right away; immediately,即便下雨，我也要去。,"Even if it rains, I'll still go."
即将,jí jiāng,on the eve of; to be about to; to be on the verge of,火车即将出发。,The train is about to depart.
即使,jí shǐ,even if; even though,即使下雨，我也要去。,"Even if it rains, I will still go."
极,jí,"extremely; pole (geography, physics); utmost; top",天气极冷。,The weather is extremely cold.
极了,jí le,extremely; exceedingly,他高兴极了。,He is extremely happy.
急,jí,urgent; pressing; rapid; hurried; worried; to make (sb) anxious,别着急，慢慢来。,"Don't worry, take your time."
疾病,jí bìng,disease; sickness; ailment,这种疾病不严重。,This illness is not serious.
集,jí,to gather; to collect; collected works; classifier for sections of a TV series etc: episode,这集很好看。,This episode is great.
集体,jí tǐ,collective (decision); joint (effort); a group; a team; en masse; as a group,我们集体决定吧。,Let's decide as a group.
集团,jí tuán,group; bloc; corporation; conglomerate,他在一家大集团工作。,He works at a big corporation.
集中,jí zhōng,to concentrate; to centralize; to focus; centralized; concentrated; to put together,请大家集中注意力。,Please focus your attention.
几,jī,small table,客厅有个小几。,There is a small table in the living room.
几乎,jī hū,almost; nearly; practically,我几乎忘了。,I almost forgot.
挤,jǐ,to crowd in; to cram in; to force others aside; to press; to squeeze; to find (time in one's busy schedule),他挤进人群。,He squeezed into the crowd.
计,Jì,surname Ji,我姓计。,My surname is Ji.
计划,jì huà,plan; project; program; to plan; to map out,我的计划是去北京。,My plan is to go to Beijing.
计算,jì suàn,to count; to calculate; to compute,我来计算一下。,Let me calculate it.
计算机,jì suàn jī,computer; (Tw) calculator,我的计算机坏了。,My computer is broken.
记,jì,"to record; to note; to memorize; to remember; mark; sign; classifier for blows, kicks, shots",我记住了。,I remember it now.
记得,jì de,to remember,我记得你。,I remember you.
记录,jì lù,to record; record (written account); note-taker; record (in sports etc),请记录一下。,Please record it.
记忆,jì yì,to remember; to recall; memory,这段记忆很美好。,This memory is very beautiful.
记者,jì zhě,reporter; journalist,他是记者。,He is a reporter.
记住,jì zhu,to remember; to bear in mind; to learn by heart,请一定记住。,Please make sure to remember.
纪录,jì lù,"variant of 记录 (but in Taiwan, not for the verb sense ""to record"")",他破了纪录。,He broke the record.
纪念,jì niàn,to commemorate; to honor the memory of; memento; keepsake; souvenir,买它做纪念。,Buy it as a souvenir.
技巧,jì qiǎo,skill; technique,做饭也有技巧。,Cooking also has its techniques.
技术,jì shù,technology; technique; skill,他的技术很好。,His skills are very good.
剂,jì,dose (medicine),请给我一剂药。,Please give me a dose of medicine.
季,Jì,surname Ji,我姓季。,My surname is Ji.
既,jì,already; since; both... (and...),他既聪明又努力。,He is both smart and hardworking.
既然,jì rán,since; as; this being the case,既然下雨，就不去了。,"Since it's raining, we won't go."
继续,jì xù,to continue; to proceed with; to go on with,我们继续走吧。,Let's keep going.
寂寞,jì mò,lonely; lonesome; (of a place) quiet; silent,他觉得很寂寞。,He feels very lonely.
寄,jì,to send; to mail; to entrust; to depend on; to attach oneself to; to live (in a house); to lodge; foster (son etc),我寄了一封信。,I mailed a letter.
加,Jiā,Canada (abbr. for 大); surname Jia,请加一点糖。,Please add a little sugar.
加快,jiā kuài,to accelerate; to speed up,请加快脚步吧。,Please hurry up.
加强,jiā qiáng,to reinforce; to strengthen; to enhance,我们要加强锻炼。,We need to exercise more.
加入,jiā rù,to become a member; to join; to mix into; to participate in; to add in,我想加入你们。,I want to join you.
加上,jiā shàng,plus; to put in; to add; to add on; to add into; in addition; on top of that,加上我，一共五人。,Add me to make five people in total.
加速,jiā sù,to speed up; to expedite,我们需要加速。,We need to speed up.
加油,jiā yóu,to add oil; to top up with gas; to refuel; to accelerate; to step on the gas; (fig.) to make an extra effort; to cheer sb on,大家一起加油！,Let's all do our best.
夹,jiā,to press from either side; to place in between; to sandwich; to carry sth under armpit; wedged between; between; to intersperse; to mix; to mingle; clip; folder; Taiwan pr. [jiá],我把钱夹在书里。,I put money between the book pages.
家,jiā,used in 家伙 and 家俱,我回家吃饭。,I go home to eat.
家伙,jiā huo,variant of 伙,那家伙真棒！,That guy is awesome!
家里,jiā lǐ,home,我在家里等你。,I am waiting for you at home.
家人,jiā rén,family member; (old) servant,我家人都在家。,My family is all at home.
家庭,jiā tíng,family; household,我的家庭很幸福。,My family is very happy.
家长,jiā zhǎng,head of a household; family head; patriarch; parent or guardian of a child,家长来了吗？,Is the parent here?
家族,jiā zú,family; clan,我的家族很大。,My family is large.
甲,jiǎ,"first of the ten Heavenly Stems 干; (used for an unspecified person or thing); first (in a list, as a party to a contract etc); letter ""A"" or roman ""I"" in list ""A, B, C"", or ""I, II, III"" etc; armor plating; shell or carapace; (of the fingers or toes) nail; bladed leather or metal armor (old); ranking system used in the Imperial examinations (old); civil administration unit in the baojia 甲 system (old); ancient Chinese compass point: 75°",我们选甲吧。,We'll choose A.
假,gēi,used in 掰,今天放假。,Today is a holiday.
假如,jiǎ rú,if,假如你饿了，就吃吧。,"If you're hungry, just eat."
价,jià,price; value; (chemistry) valence,这个价很合理。,This price is very reasonable.
价格,jià gé,price,这个价格很便宜。,This price is very cheap.
价值,jià zhí,"value; worth; fig. values (ethical, cultural etc)",这本书很有价值。,This book is very valuable.
驾驶,jià shǐ,"to pilot (ship, airplane etc); to drive",我会驾驶汽车。,I can drive a car.
架,jià,"to support; frame; rack; framework; classifier for planes, large vehicles, radios etc",我买了一架收音机。,I bought a radio.
嫁,jià,(of a woman) to marry; to marry off a daughter; to shift (blame etc),她明年要嫁人。,She will get married next year.
坚持,jiān chí,to persevere with; to persist in; to insist on,请坚持每天练习。,Please keep practicing every day.
坚强,jiān qiáng,staunch; strong,他真的很坚强。,He is really strong.
间,jiān,between; among; within a definite time or space; room; section of a room or lateral space between two pairs of pillars; classifier for rooms,这间房很大。,This room is big.
艰难,jiān nán,difficult; hard; challenging,生活很艰难。,Life is hard.
监督,jiān dū,to control; to supervise; to inspect,妈妈监督我学习。,Mom supervises my studying.
监控,jiān kòng,to monitor,请监控摄像头。,Please monitor the camera.
监狱,jiān yù,prison,他进了监狱。,He went to prison.
减,jiǎn,to lower; to decrease; to reduce; to subtract; to diminish,请减一点盐。,Please reduce the salt a bit.
减肥,jiǎn féi,to lose weight,我在减肥。,I am losing weight.
减少,jiǎn shǎo,to lessen; to decrease; to reduce; to lower,我们需要减少开支。,We need to reduce expenses.
剪,Jiǎn,surname Jian,他姓剪。,His last name is Jian.
检测,jiǎn cè,to detect; to test; detection; sensing,请检测一下体温。,Please check your temperature.
检查,jiǎn chá,inspection; to examine; to inspect,我检查一下。,Let me check it.
检验,jiǎn yàn,to inspect; to examine; to test,请检验产品质量。,Please inspect the product quality.
简单,jiǎn dān,simple; not complicated,这道题很简单。,This question is very simple.
简直,jiǎn zhí,simply; really,这简直太好了。,This is simply great.
见,jiàn,to see; to meet; to appear (to be sth); to interview; opinion; view,我们明天见。,See you tomorrow.
见到,jiàn dào,to see,我终于见到你了！,I finally saw you!
见面,jiàn miàn,to meet; to see each other,我们明天见面吧。,Let's meet tomorrow.
件,jiàn,"item; component; classifier for events, things, clothes etc",我买了一件衣服。,I bought a piece of clothing.
建,jiàn,to establish; to found; to set up; to build; to construct,我们打算建个公园。,We plan to build a park.
建立,jiàn lì,to establish; to set up; to found,我想建立友谊。,I want to build friendship.
建议,jiàn yì,to propose; to suggest; to recommend; proposal; suggestion; recommendation,你的建议很好。,Your suggestion is good.
建造,jiàn zào,to construct; to build,我们建造了新房子。,We built a new house.
建筑,jiàn zhù,to construct; building,我喜欢这座建筑。,I like this building.
剑,jiàn,double-edged sword; classifier for blows of a sword,这把剑很锋利。,This sword is very sharp.
健康,jiàn kāng,health; healthy,他看起来很健康。,He looks very healthy.
将,jiāng,"will; shall; to use; to take; to checkmate; just a short while ago; (introduces object of main verb, used in the same way as 把)",明天将下雨。,It will rain tomorrow.
将军,Jiāng jūn,(common place name),我们去将军玩吧。,Let's go to Jiangjun for fun.
将来,jiāng lái,in the future; future; the future,我将来想当老师。,I want to be a teacher in the future.
讲,jiǎng,to speak; to explain; to negotiate; to emphasize; to be particular about; as far as sth is concerned; speech; lecture,他爱讲笑话。,He loves telling jokes.
讲话,jiǎng huà,a speech; to speak; to talk; to address,他在讲话。,He is speaking.
奖,jiǎng,prize; award; encouragement,他得了一个奖。,He won a prize.
奖金,jiǎng jīn,premium; award money; bonus,公司发了奖金。,The company gave us a bonus.
奖励,jiǎng lì,to reward; reward (as encouragement),老师奖励了我一颗糖。,The teacher rewarded me with a candy.
降,jiàng,to drop; to fall; to come down; to descend,今天气温降了。,The temperature dropped today.
降低,jiàng dī,to reduce; to lower; to bring down,请降低音量。,Please lower the volume.
交,jiāo,to hand over; to deliver; to pay (money); to turn over; to make friends; to intersect (lines); variant of 跤,请交作业。,Please hand in the homework.
交给,jiāo gěi,to give; to deliver; to hand over,请把作业交给老师。,Please hand the homework to the teacher.
交换,jiāo huàn,to exchange; to swap; to switch (telecom); commutative (math); to commute,我们交换礼物吧。,Let's exchange gifts.
交流,jiāo liú,to exchange; exchange; communication; interaction; to have social contact (with sb),我们多交流吧。,Let's communicate more.
交通,jiāo tōng,to be connected; traffic; transportation; communications; liaison,这里的交通很方便。,Transportation here is very convenient.
交往,jiāo wǎng,to associate (with); to have contact (with); to hang out (with); to date; (interpersonal) relationship; association; contact,我们交往三年了。,We have been dating for three years.
交易,jiāo yì,to deal; to trade; to transact; transaction; deal,我们做了一笔交易。,We made a deal.
骄傲,jiāo ào,pride; arrogance; conceited; proud of sth,我为你骄傲。,I am proud of you.
角,Jué,surname Jue,我姓角。,My surname is Jue.
角度,jiǎo dù,angle; point of view,换个角度想吧。,Think from a different point of view.
角色,jué sè,role; character in a novel; persona; also pr. [jiǎo sè],你的角色很重要。,Your role is very important.
脚,jiǎo,foot; leg (of an animal or an object); base (of an object); classifier for kicks,我的脚很疼。,My foot hurts.
叫,jiào,to shout; to call; to order; to ask; to be called; by (indicates agent in the passive mood),你叫什么名字？,What is your name?
轿车,jiào chē,enclosed carriage for carrying passengers; motor carriage; car or bus; limousine,我坐轿车去公司。,I take a car to the office.
较,jiào,to compare; to dispute; compared to; (before adj.) relatively; comparatively; rather; also pr. [jiǎo],这个较好。,This one is better.
教,Jiào,surname Jiao,教老师来了。,Teacher Jiao is here.
教练,jiào liàn,instructor; sports coach; trainer,他是篮球教练。,He is a basketball coach.
教师,jiào shī,teacher,我想当一名教师。,I want to be a teacher.
教授,jiào shòu,professor; to instruct; to lecture on,他是大学教授。,He is a university professor.
教训,jiào xun,to provide guidance; to lecture sb; to upbraid; a talking-to; a bitter lesson,记住这次教训。,Remember this lesson.
教育,jiào yù,to educate; to teach; education,教育很重要。,Education is very important.
阶段,jiē duàn,stage; section; phase; period,工作进入新阶段了。,Work has entered a new stage.
皆,jiē,all; each and every; in all cases,大家皆同意。,Everyone agrees.
接,jiē,to receive; to answer (the phone); to meet or welcome sb; to connect; to catch; to join; to extend; to take one's turn on duty; to take over for sb,我明天去接你。,I will pick you up tomorrow.
接触,jiē chù,to touch; to contact; access; in touch with,我想多接触中文。,I want to get more exposure to Chinese.
接到,jiē dào,to receive (letter etc),我接到你的信了。,I received your letter.
接近,jiē jìn,to approach; to get close to,我们快接近了。,We are almost there.
接受,jiē shòu,to accept; to receive,我接受你的建议。,I accept your advice.
接下来,jiē xià lái,to accept; to take; next; following,接下来怎么办？,What should we do next?
接着,jiē zhe,to catch and hold on; to continue; to go on to do sth; to follow; to carry on; then; after that; subsequently; to proceed; to ensue; in turn; in one's turn,我先吃饭，接着睡觉。,"I'll eat first, then sleep."
街,jiē,street,这条街很长。,This street is very long.
街道,jiē dào,street; subdistrict; residential district,街道很干净。,The street is very clean.
节,jiē,see 节骨眼,正到节骨眼。,Right at the critical moment.
节目,jié mù,program; item (on a program),这个节目很有趣。,This program is very interesting.
节日,jié rì,holiday; festival,今天是什么节日？,What holiday is today?
结,jiē,(of a plant) to produce (fruit or seeds); Taiwan pr. [jié],树上结苹果了。,The tree is bearing apples.
结构,jié gòu,structure; composition; makeup; architecture,这篇文章的结构很好。,The structure of this article is good.
结果,jiē guǒ,to bear fruit,我们看看结果。,Let's see the result.
结合,jié hé,to combine; to link; to integrate; binding,两者结合更好。,Combining both is better.
结婚,jié hūn,to marry; to get married,我们明年结婚。,We will get married next year.
结局,jié jú,conclusion; ending,故事的结局很好。,The ending of the story is good.
结论,jié lùn,conclusion; verdict; to conclude; to reach a verdict,别急着下结论。,Don't jump to conclusions.
结束,jié shù,termination; to finish; to end; to conclude; to close,会议结束了。,The meeting is over.
解,Xiè,surname Xie,我姓解。,My surname is Xie.
解放,jiě fàng,to liberate; to emancipate; liberation; refers to the Communists' victory over the Nationalists in 1949,我们终于解放了。,We were finally liberated.
解决,jiě jué,"to solve; to resolve; to settle (a problem); to eliminate; to wipe out (an enemy, bandits etc)",这个问题怎么解决？,How do we solve this problem?
解释,jiě shì,explanation; to explain; to interpret; to resolve,你能解释吗？,Can you explain?
介绍,jiè shào,to introduce (sb to sb); to give a presentation; to present (sb for a job etc); introduction,请介绍一下你自己。,Please introduce yourself.
戒,jiè,to guard against; to exhort; to admonish or warn; to give up or stop doing sth; Buddhist monastic discipline; ring (for a finger),我要戒烟。,I want to quit smoking.
届,jiè,"to arrive at (place or time); period; to become due; classifier for events, meetings, elections, sporting fixtures, years (of graduation)",我们是同届同学。,We are in the same graduating class.
界,jiè,(bound form) boundary; border; (bound form) realm,这条线是国界。,This line is the border.
借,jiè,to lend; to borrow; by means of; to take (an opportunity),你能借我钱吗？,Can you lend me some money?
姐,jiě,older sister,我姐很好。,My older sister is very nice.
姐姐,jiě jie,older sister,我姐姐很漂亮。,My older sister is very pretty.
姐妹,jiě mèi,"sisters; siblings; sister (school, city etc)",我和姐妹去逛街。,I went shopping with my sister.
今后,jīn hòu,hereafter; henceforth; in the future; from now on,今后我会努力。,I will work hard from now on.
今年,jīn nián,this year,今年天气很好。,The weather is very nice this year.
今日,jīn rì,today,今日天气很好。,The weather is very good today.
今天,jīn tiān,today; at the present; now,今天天气很好。,The weather is nice today.
金,Jīn,surname Jin; surname Kim (Korean); Jurchen Jin dynasty (1115-1234),我姓金。,My surname is Jin.
金属,jīn shǔ,metal,这是金属做的。,This is made of metal.
仅,jǐn,barely; only; merely,仅用五分钟。,It takes only five minutes.
仅仅,jǐn jǐn,barely; only; merely; only (this and nothing more),他仅仅说了一句话。,He only said one sentence.
尽,jǐn,to the greatest extent; (when used before a noun of location) furthest or extreme; to be within the limits of; to give priority to,你尽力就好。,Just do your best.
尽管,jǐn guǎn,"despite; although; even though; in spite of; unhesitatingly; do not hesitate (to ask, complain etc); (go ahead and do it) without hesitating",尽管下雨，我也要去。,"Although it is raining, I still want to go."
尽快,jǐn kuài,as quickly as possible; as soon as possible,请尽快回复。,Please reply as soon as possible.
尽量,jǐn liàng,as much as possible; to the greatest extent,请尽量早点来。,Please come as early as possible.
紧,jǐn,tight; strict; close at hand; near; urgent; tense; hard up; short of money; to tighten,衣服太紧了。,The clothes are too tight.
紧急,jǐn jí,urgent; emergency,情况很紧急。,The situation is urgent.
紧张,jǐn zhāng,nervous; keyed up; intense; tense; strained; in short supply; scarce,我考试前很紧张。,I'm very nervous before exams.
近,jìn,near; close to; approximately,我家离这儿很近。,My home is very close to here.
进,jìn,to go forward; to advance; to go in; to enter; to put in; to submit; to take in; to admit; (math.) base of a number system; classifier for sections in a building or residential compound,我进来了。,I'm coming in.
进步,jìn bù,progress; improvement; to improve; to progress,你进步很快。,You are improving quickly.
进攻,jìn gōng,to attack; to assault; to go on the offensive; attack; assault; offense (sports),我们准备进攻了。,We are ready to attack.
进来,jìn lái,to come in,请进来坐。,Please come in and sit.
进去,jìn qù,to go in,我们进去吧。,Let's go in.
进入,jìn rù,to enter; to join; to go into,请进入房间。,Please enter the room.
进行,jìn xíng,to advance; to conduct; underway; in progress; to do; to carry out; to carry on; to execute,项目正在顺利进行。,The project is going well.
进一步,jìn yī bù,"to go a step further; (develop, understand, improve etc) more; further",我们需要进一步讨论。,We need to discuss further.
进展,jìn zhǎn,to make headway; to make progress,工作有进展吗？,Is there any progress?
禁止,jìn zhǐ,to prohibit; to forbid; to ban,妈妈禁止我吃糖。,Mom forbids me from eating candy.
经,Jīng,surname Jing,经老师是我朋友。,Teacher Jing is my friend.
经常,jīng cháng,frequently; constantly; regularly; often; day-to-day; everyday; daily,我经常喝咖啡。,I often drink coffee.
经典,jīng diǎn,"the classics; scriptures; classical; classic (example, case etc); typical",这部电影很经典。,This movie is a classic.
经过,jīng guò,to pass; to go through; process; course,我经过学校。,I pass by the school.
经济,jīng jì,economy; economic,经济很重要。,The economy is very important.
经理,jīng lǐ,manager; director,经理今天很忙。,The manager is very busy today.
经历,jīng lì,experience; to experience; to go through,我经历过很多事。,I have experienced a lot.
经验,jīng yàn,experience; to experience,他很有经验。,He has a lot of experience.
经营,jīng yíng,to engage in (business etc); to run; to operate,他经营一家小店。,He runs a small shop.
惊,jīng,to startle; to be frightened; to be scared; alarm,别一惊一乍的。,Don't be so jumpy.
惊喜,jīng xǐ,nice surprise; to be pleasantly surprised,这真是个大惊喜！,This is such a nice surprise!
惊讶,jīng yà,amazed; astonished; to surprise; amazing; astonishment; awe,他非常惊讶。,He was very surprised.
精,jīng,essence; extract; vitality; energy; semen; sperm; mythical goblin spirit; highly perfected; elite; the pick of sth; proficient (refined ability); extremely (fine); selected rice (archaic),他很有精神。,He is full of energy.
精彩,jīng cǎi,wonderful; marvelous; brilliant,表演很精彩。,The performance was wonderful.
精力,jīng lì,energy,我没有精力了。,I have no energy left.
精神,jīng shén,spirit; mind; consciousness; thought; mental; psychological; essence; gist,你今天精神真好。,You look very energetic today.
井,Jǐng,"Jing, one of the 28 constellations of Chinese astronomy; surname Jing",井老师来了。,Teacher Jing is here.
警察,jǐng chá,police; police officer,我是警察。,I am a police officer.
警告,jǐng gào,to warn; to admonish,老师警告我别迟到。,Teacher warned me not to be late.
竞争,jìng zhēng,to compete; competition,他们正在竞争。,They are competing.
竟,jìng,unexpectedly; actually; to go so far as to; indeed,他竟没来。,He actually didn't come.
竟然,jìng rán,unexpectedly; to one's surprise; in spite of everything; in that crazy way; actually; to go as far as to,他竟然来了。,He actually came.
静,jìng,still; calm; quiet; not moving,这里真静。,It's really quiet here.
镜头,jìng tóu,camera lens; camera shot (in a movie etc); scene,这个镜头拍得真好。,This shot looks great.
究竟,jiū jìng,to go to the bottom of a matter; after all; when all is said and done; (in an interrogative sentence) finally; outcome; result,你究竟想怎样？,What do you want after all?
九,jiǔ,nine; 9,我有九个苹果。,I have nine apples.
久,jiǔ,(long) time; (long) duration of time,好久不见。,Long time no see.
酒,jiǔ,wine (esp. rice wine); liquor; spirits; alcoholic beverage,我喜欢喝酒。,I like drinking alcohol.
酒吧,jiǔ bā,bar; pub; saloon,我们去酒吧吧。,Let's go to the bar.
酒店,jiǔ diàn,wine shop; pub (public house); hotel; restaurant; (Tw) hostess club,我们去酒店吃饭。,We are eating at a hotel.
旧,jiù,old; opposite: new 新; former; worn (with age),这件衣服很旧。,This piece of clothing is very old.
救,jiù,variant of 救,谁来救我？,Who will save me?
就,jiù,(after a suppositional clause) in that case; then; (after a clause of action) as soon as; immediately after; (same as 是) merely; nothing else but; simply; just; precisely; exactly; only; as little as; as much as; as many as; to approach; to move towards; to undertake; to engage in; (often followed by 着) taking advantage of; (of food) to go with; with regard to; concerning; (pattern: 就 ... 也 ...) even if ... still ...; (pattern: 不 ... 就 ...) if not ... then must be ...,那就走吧。,Then let's go.
就是,jiù shì,exactly; precisely; only; simply; just; (used correlatively with 也) even; even if,我就是不知道。,I just don't know.
就算,jiù suàn,(coll.) even if,就算贵，我也买。,"Even if it's expensive, I'll buy it."
就要,jiù yào,will; shall; to be going to,我明天就要出发。,I will leave tomorrow.
居民,jū mín,resident; inhabitant,我们是本地居民。,We are local residents.
居然,jū rán,unexpectedly; to one's surprise; go so far as to,他居然考了第一。,He actually got first place.
局,jú,narrow,我们组一局吧。,Let's form a group.
局面,jú miàn,aspect; phase; situation,现在局面很好。,The situation is good now.
局长,jú zhǎng,bureau chief,局长来了。,The bureau chief has arrived.
举,jǔ,variant of 举,请举手。,Please raise your hand.
举办,jǔ bàn,to conduct; to hold,我们举办聚会。,We are holding a party.
举行,jǔ xíng,"to hold (a meeting, ceremony etc)",明天举行会议。,A meeting will be held tomorrow.
巨大,jù dà,huge; immense; very large; tremendous; gigantic; enormous,巨大的压力让我头疼,The huge pressure gives me a headache.
句,gōu,variant of 勾,他用笔句了一条线。,He drew a line with his pen.
拒绝,jù jué,to refuse; to decline; to reject,我拒绝了邀请。,I declined the invitation.
具体,jù tǐ,concrete; definite; specific,请说具体点。,Please be more specific.
具有,jù yǒu,to have; to possess,他具有信心。,He has confidence.
俱乐部,jù lè bù,club (the organisation or its premises) (loanword),我们去俱乐部吧。,Let's go to the club.
剧,jù,"theatrical work (play, opera, TV series etc); dramatic (change, increase etc); acute; severe",你看什么剧？,What TV series are you watching?
据,jù,variant of 据,据说他来了。,I heard he came.
据说,jù shuō,it is said that; reportedly,据说明天放假。,It is said that tomorrow is a holiday.
距离,jù lí,distance; to be apart from,这里的距离是多少？,What is the distance here?
聚,jù,to congregate; to assemble; to mass; to gather together; to amass; to polymerize,大家周末聚一聚吧。,Let's get together on the weekend.
聚会,jù huì,party; gathering; to meet; to get together,我们周末有个聚会。,We have a party this weekend.
卷,juǎn,"to roll up; roll; classifier for small rolled things (wad of paper money, movie reel etc)",请把纸卷好。,Please roll up the paper.
决定,jué dìng,to decide (to do something); to resolve; decision; certainly,我决定好了。,I've decided.
决赛,jué sài,finals (of a competition),明天是决赛。,Tomorrow is the finals.
绝,jué,to cut short; extinct; to disappear; to vanish; absolutely; by no means,他绝不可能来。,He absolutely won't come.
绝对,jué duì,absolute; unconditional,我绝对同意。,I absolutely agree.
觉,jiào,a nap; a sleep,我想睡午觉。,I want to take a nap.
觉得,jué de,to think that ...; to feel that ...; to feel (uncomfortable etc),我觉得有点累。,I feel a bit tired.
军队,jūn duì,armed forces; troops,我哥哥在军队。,My brother is in the army.
军事,jūn shì,military affairs; (attributive) military,他喜欢军事。,He likes military affairs.
咖啡,kā fēi,coffee (loanword),我喜欢喝咖啡。,I like drinking coffee.
卡,kǎ,"to stop; to block; (computing) (coll.) slow; (loanword) card; truck (from ""car""); calorie (abbr. for 里); cassette",电脑太卡了。,The computer is too laggy.
开,kāi,"to open (transitive or intransitive); (of ships, vehicles, troops etc) to start; to turn on; to put in operation; to operate; to run; to boil; to write out (a prescription, check, invoice etc); (directional complement) away; off; carat (gold); abbr. for Kelvin, 开尔文; abbr. for 开本, book format",请开门。,Please open the door.
开车,kāi chē,to drive a car,我每天开车上班。,I drive to work every day.
开发,kāi fā,to exploit (a resource); to open up (for development); to develop,他在开发一款游戏。,He is developing a game.
开放,kāi fàng,to bloom; to open; to be open (to the public); to open up (to the outside); to be open-minded; unrestrained by convention; unconstrained in one's sexuality,公园明天开放。,The park opens tomorrow.
开口,kāi kǒu,to open one's mouth; to start to talk,他终于开口了。,He finally spoke.
开始,kāi shǐ,to begin; beginning; to start; initial,我们开始吧。,Let's begin.
开玩笑,kāi wán xiào,to play a joke; to make fun of; to joke,别开玩笑。,Don't joke.
开心,kāi xīn,to feel happy; to rejoice; to have a great time; to make fun of sb,今天真开心。,I'm so happy today.
砍,kǎn,to chop; to cut down; to throw sth at sb,爸爸砍柴。,Dad chops firewood.
看,kān,to look after; to take care of; to watch; to guard,你帮我看着店。,Please watch the shop for me.
看出,kàn chū,to make out; to see,你能看出区别吗？,Can you see the difference?
看到,kàn dào,to see,我看到一只猫。,I see a cat.
看法,kàn fǎ,way of looking at a thing; view; opinion,你的看法是什么？,What is your opinion?
看见,kàn jiàn,to see; to catch sight of,你看见他了吗？,Did you see him?
看来,kàn lai,apparently; it seems that,看来今天会下雨。,It seems it will rain today.
看起来,kàn qǐ lai,seemingly; apparently; looks as if; appear to be; gives the impression that; seems on the face of it to be,看起来很好,It looks good.
看上去,kàn shang qu,it would appear; it seems (that),他看上去很高兴。,He seems very happy.
考,kǎo,to beat; to hit; variant of 考; to inspect; to test; to take an exam,我明天要考数学。,I'm taking a math exam tomorrow.
考虑,kǎo lǜ,to think over; to consider; consideration,我在考虑。,I'm considering it.
考试,kǎo shì,to take an exam; exam,我明天要考试。,I have an exam tomorrow.
考验,kǎo yàn,to test; to put to the test; trial; ordeal,这真是场考验。,This is really a test.
烤,kǎo,to roast; to bake; to broil,我喜欢烤面包。,I like to bake bread.
靠,kào,to lean against or on; to stand by the side of; to come near to; to depend on; to trust; to fuck (vulgar); traditional military costume drama where the performers wear armor (old),我靠在墙上。,I lean against the wall.
靠近,kào jìn,to be close to; to approach; to draw near,我们靠近点坐吧。,Let's sit a bit closer together.
科,kē,branch of study; administrative section; division; field; branch; stage directions; family (taxonomy); rules; laws; to mete out (punishment); to levy (taxes etc); to fine sb,你学文科还是理科？,Do you study humanities or science?
科技,kē jì,science and technology,科技让生活更好。,Technology makes life better.
科学,kē xué,science; scientific knowledge; scientific; rational,我喜欢科学。,I like science.
科学家,kē xué jiā,scientist,我想当科学家。,I want to be a scientist.
颗,kē,"classifier for small spheres, pearls, corn grains, teeth, hearts, satellites etc",我吃了一颗糖。,I ate a piece of candy.
可,kě,(prefix) can; may; able to; -able; to approve; to permit; to suit; (particle used for emphasis) certainly; very,可以吗？,Is that okay?
可爱,kě ài,adorable; cute; lovely,小猫很可爱。,The kitten is very cute.
可怜,kě lián,pitiful; pathetic; to have pity on,这只小猫真可怜。,This little cat is so pitiful.
可能,kě néng,might (happen); possible; probable; possibility; probability; maybe; perhaps,明天可能下雨。,It might rain tomorrow.
可怕,kě pà,awful; dreadful; fearful; formidable; frightful; scary; hideous; horrible; terrible; terribly,这个电影很可怕。,This movie is very scary.
可是,kě shì,but; however; (used for emphasis) indeed,我想去，可是没时间。,"I want to go, but I have no time."
可惜,kě xī,it is a pity; what a pity; unfortunately,可惜没买到票。,It's a pity I couldn't buy the ticket.
可以,kě yǐ,can; may; possible; able to; not bad; pretty good,这样可以吗？,Is this okay?
渴望,kě wàng,to thirst for; to long for,我渴望回家。,I long to go home.
克,Kè,"abbr. for 克罗地亚, Croatia; (Tw) abbr. for 克罗埃西亚, Croatia",你支持克吗？,Do you support Croatia?
刻,kè,quarter (hour); moment; to carve; to engrave; to cut; oppressive; classifier for short time intervals,三点一刻开会。,We have a meeting at 3:15.
客户,kè hù,client; customer,我的客户很多。,I have many customers.
客人,kè rén,visitor; guest; customer; client,我家来了客人。,We have a guest at home.
课,kè,subject; course; class; lesson; to levy; tax; form of divination,今天上什么课？,What class do we have today?
课程,kè chéng,course; academic program,我喜欢这门课程。,I like this course.
肯,kěn,old variant of 肯,他肯帮忙吗？,Will he be willing to help?
肯定,kěn dìng,to be certain; to be positive; assuredly; definitely; to give recognition; to affirm; affirmative (answer),他肯定知道。,He definitely knows.
坑,kēng,pit; depression; hollow; tunnel; hole in the ground; (archaic) to bury alive; to hoodwink; to cheat (sb),地上有个大坑。,There's a big pit on the ground.
空,kōng,empty; air; sky; in vain,杯子是空的。,The cup is empty.
空间,kōng jiān,"space; room; (fig.) scope; leeway; (astronomy) outer space; (physics, math.) space",这里空间不够。,There isn't enough space here.
空气,kōng qì,air; atmosphere,今天的空气真好。,The air is really nice today.
空中,kōng zhōng,in the sky; in the air,小鸟在空中飞。,The little bird is flying in the sky.
恐怖,kǒng bù,terrible; frightful; frightening; terror; terrorist,这部电影很恐怖。,This movie is very scary.
恐惧,kǒng jù,to be frightened; fear; dread,恐惧让我睡不着。,Fear keeps me awake.
恐怕,kǒng pà,fear; to dread; I'm afraid that...; perhaps; maybe,恐怕来不及了。,I'm afraid it's too late.
控制,kòng zhì,to control,请控制音量。,Please control the volume.
口,kǒu,"mouth; classifier for things with mouths (people, domestic animals, cannons, wells etc); classifier for bites or mouthfuls",我家有三口人。,There are three people in my family.
扣,kòu,"to fasten; to button; button; buckle; knot; to arrest; to confiscate; to deduct (money); discount; to knock; to smash, spike or dunk (a ball); to cover (with a bowl etc); (fig.) to tag a label on sb; (Tw) (loanword) code",扣好安全带。,Please fasten your seatbelt.
哭,kū,to cry; to weep,别哭了。,Don't cry.
苦,kǔ,bitter; hardship; pain; to suffer; to bring suffering to; painstakingly,这药太苦了。,This medicine is too bitter.
库,kù,warehouse; storehouse; (file) library,我们去库房吧。,Let's go to the warehouse.
裤子,kù zi,"variant of 裤子, trousers; pants",我的裤子破了。,My pants are torn.
酷,kù,ruthless; strong (e.g. of wine); (loanword) cool; hip,这电影真酷。,This movie is really cool.
块,kuài,"lump; chunk; piece; classifier for pieces of cloth, cake, soap etc; (coll.) classifier for money and currency units",给我一块蛋糕。,Give me a piece of cake.
快,kuài,rapid; quick; speed; rate; soon; almost; to make haste; clever; sharp (of knives or wits); forthright; plainspoken; gratified; pleased; pleasant,他跑得很快。,He runs very fast.
快乐,kuài lè,happy; joyful,我很快乐。,I am very happy.
快速,kuài sù,fast; high-speed; rapid,请快速回复我。,Please reply to me quickly.
宽,Kuān,surname Kuan,我姓宽。,My surname is Kuan.
狂,kuáng,mad; wild; violent,他太狂了。,He's too wild.
困,kùn,to trap; to surround; hard-pressed; stranded; destitute,我们被困住了。,We are stuck.
困难,kùn nan,difficult; challenging; straitened circumstances; difficult situation,有困难找我。,"If you have any difficulties, let me know."
扩大,kuò dà,to expand; to enlarge; to broaden one's scope,让我们扩大视野。,Let's broaden our horizons.
垃圾,lā jī,trash; refuse; garbage; (coll.) of poor quality; Taiwan pr. [lè sè],地上有垃圾。,There is trash on the ground.
拉,lā,to pull; to play (a bowed instrument); to drag; to draw; to chat; (coll.) to empty one's bowels,别拉我的手。,Don't pull my hand.
辣,là,old variant of 辣,这菜太辣了。,This dish is too spicy.
啦,lā,"(onom.) sound of singing, cheering etc; (phonetic); (dialect) to chat",我走啦！,I'm leaving!
啦啦队,lā lā duì,cheerleading squad,啦啦队在看台上。,The cheerleading squad is on the bleachers.
来,lái,"to come; (used as a substitute for a more specific verb); hither (directional complement for motion toward the speaker, as in 回来); ever since (as in 自古以来); for the past (amount of time); (prefix) the coming ...; the next ... (as in 来世); (between two verbs) in order to; (after a round number) approximately; (used after 得 to indicate possibility, as in 谈得来, or after 不 to indicate impossibility, as in 吃不来)",明天我来。,I'll come tomorrow.
来到,lái dào,to arrive; to come,我来到学校。,I came to school.
来源,lái yuán,source (of information etc); origin,这个信息的来源是什么？,What is the source of this information?
来自,lái zì,to come from (a place); From: (in email header),我来自北京。,I come from Beijing.
蓝,Lán,surname Lan,我朋友姓蓝。,My friend's surname is Lan.
蓝色,lán sè,blue (color),我喜欢蓝色。,I like blue.
篮球,lán qiú,basketball,我喜欢打篮球。,I like playing basketball.
烂,làn,soft; mushy; well-cooked and soft; to rot; to decompose; rotten; worn out; chaotic; messy; utterly; thoroughly; crappy; bad,水果烂了。,The fruit is rotten.
狼,láng,wolf,我看见一只狼。,I saw a wolf.
浪费,làng fèi,to waste; to squander,不要浪费食物。,Don't waste food.
浪漫,làng màn,romantic,这很浪漫。,This is very romantic.
老,lǎo,prefix used before the surname of a person or a numeral indicating the order of birth of the children in a family or to indicate affection or familiarity; old (of people); venerable (person); experienced; of long standing; always; all the time; of the past; very; outdated; (of meat etc) tough,他是个老人。,He is an old man.
老板,lǎo bǎn,variant of 老板,老板在哪里？,Where is the boss?
老大,lǎo dà,old age; very; eldest child in a family; leader of a group; boss; captain of a boat; leader of a criminal gang,他是家里的老大。,He is the eldest child in the family.
老公,lǎo gōng,(coll.) husband,我老公在家。,My husband is at home.
老婆,lǎo pó,(coll.) wife,我老婆很漂亮。,My wife is very pretty.
老人,lǎo rén,old man or woman; the elderly; one's aged parents or grandparents,公园里有位老人。,There is an old man in the park.
老师,lǎo shī,teacher,你是老师吗？,Are you a teacher?
乐,Lè,surname Le,我姓乐。,My surname is Le.
乐队,yuè duì,band; pop group,我喜欢这个乐队。,I like this band.
了,le,"(completed action marker); (modal particle indicating change of state, situation now); (modal particle intensifying preceding clause)",我吃饭了。,I've eaten.
了解,liǎo jiě,to understand; to realize; to find out,我想了解一下。,I'd like to know more about it.
勒,lè,"to rein in; to compel; to force; to carve; to engrave; (literary) to command; to lead; bridle; (physics) abbr. for 斯, lux",别勒太紧。,Don't pull it too tight.
雷,Léi,surname Lei,他姓雷。,His surname is Lei.
类,lèi,kind; type; class; category; similar; like; to resemble,这类书很有趣。,This kind of book is interesting.
类似,lèi sì,similar; analogous,这两个故事类似。,These two stories are similar.
类型,lèi xíng,type; kind; category; (computer programming) type,这是什么类型？,What type is this?
累,lěi,to accumulate; to involve or implicate (Taiwan pr. [lèi]); continuous; repeated,别连累我。,Don't drag me into it.
冷,Lěng,surname Leng,我朋友姓冷。,My friend's surname is Leng.
冷静,lěng jìng,calm; cool-headed; dispassionate; (of a place) deserted; quiet,请冷静一下。,Please calm down.
离,chī,mythical beast (archaic),传说里有一种叫离的兽。,Legends mention an archaic mythical beast called Li.
离婚,lí hūn,to divorce,他们想离婚。,They want to divorce.
离开,lí kāi,to depart; to leave,我要离开了。,I'm leaving now.
礼,Lǐ,"surname Li; abbr. for 礼记, Classic of Rites",我姓礼。,My surname is Li.
礼物,lǐ wù,gift; present,谢谢你的礼物。,Thank you for your gift.
里,lǐ,variant of 里,我在家里。,I am at home.
里面,lǐ miàn,inside; interior; also pr. [lǐ mian],我在里面。,I am inside.
理,lǐ,texture; grain (of wood); inner essence; intrinsic order; reason; logic; truth; science; natural science (esp. physics); to manage; to pay attention to; to run (affairs); to handle; to put in order; to tidy up,你别不理我。,Don't ignore me.
理解,lǐ jiě,to comprehend; to understand,我理解你的意思。,I understand what you mean.
理论,lǐ lùn,theory; to argue; to take notice of,他的理论很有道理。,His theory makes a lot of sense.
理想,lǐ xiǎng,an ideal; a dream; ideal; perfect,我的理想是当老师。,My ideal is to be a teacher.
理由,lǐ yóu,reason; grounds; justification,你的理由是什么？,What is your reason?
力,Lì,surname Li,我姓力。,My surname is Li.
力量,lì liang,power; force; strength,他很有力量。,He is very strong.
历史,lì shǐ,history,我喜欢历史。,I like history.
厉害,lì hai,"(used to describe sb or sth that makes a very strong impression, whether favorable or unfavorable) terrible; intense; severe; devastating; amazing; awesome; outstanding; (of a person) stern; strict; harsh; shrewd; tough; (of an animal) fierce; (of a resemblance) striking; (of liquor or chili pepper) strong; (of bacteria) virulent",他真厉害！,He's really amazing!
立,Lì,surname Li,他姓立。,His surname is Li.
立即,lì jí,immediately,他立即走了。,He left immediately.
立刻,lì kè,forthwith; immediate; prompt; promptly; straightway; thereupon; at once,我立刻去。,I'll go right away.
利,Lì,surname Li,我姓利。,My surname is Li.
利润,lì rùn,profits,今年利润不错。,The profits this year are good.
利益,lì yì,benefit; (in sb's) interest,这符合你的利益吗？,Is this in your interest?
利用,lì yòng,to exploit; to make use of; to use; to take advantage of; to utilize,他善于利用时间。,He is good at making use of time.
例如,lì rú,for example; for instance; such as,我喜欢水果，例如苹果。,"I like fruits, for example apples."
俩,liǎ,two (colloquial equivalent of 两个); both; some,我们俩去吃饭。,The two of us are going to eat.
连,Lián,surname Lian,连先生是我老师。,Mr. Lian is my teacher.
连接,lián jiē,to link; to join; to connect,请连接网络。,Please connect to the network.
连续,lián xù,continuous; in a row; serial; consecutive,他连续三天迟到。,He was late three days in a row.
联邦,lián bāng,federal; federation; commonwealth; federal union; federal state; union,美国是联邦国家。,The US is a federal country.
联合,lián hé,to combine; to join; unite; alliance,我们联合做项目吧。,Let's team up for the project.
联盟,lián méng,alliance; union; coalition,咱们结成联盟吧。,Let's form an alliance.
联系,lián xì,variant of 联系,请保持联系。,Please keep in touch.
脸,liǎn,face,你脸红了。,You are blushing.
练,liàn,to practice; to train; to drill; to perfect (one's skill); exercise; (literary) white silk; to boil and scour raw silk,我每天练钢琴。,I practice piano every day.
练习,liàn xí,to practice; exercise; drill; practice,我每天练习汉语。,I practice Chinese every day.
恋爱,liàn ài,(romantic) love; in love; to have an affair,我想谈恋爱。,I want to fall in love.
良好,liáng hǎo,good; favorable; well; fine,我们关系良好。,We have a good relationship.
两,liǎng,"two; both; some; a few; tael, unit of weight equal to 50 grams (modern) or 1⁄16 of a catty 斤 (old)",我买了两本书。,I bought two books.
亮,liàng,bright; clear; resonant; to shine; to show; to reveal,房间很亮。,The room is bright.
辆,liàng,classifier for vehicles,我买了一辆车。,I bought a car.
量,liáng,to measure,请量一下尺寸。,Please measure the size.
聊,liáo,to chat; to depend upon (literary); temporarily; just; slightly,我们晚上聊聊吧。,Let's chat tonight.
聊天,liáo tiān,to chat; to gossip,我们聊天吧。,Let's chat.
料,liào,material; stuff; grain; feed; to expect; to anticipate; to guess,我料到你会来。,I expected you would come.
列,liè,to arrange; to line up; file; series; (in data tables) column; (Tw) row,请列个名单。,Please make a list.
邻居,lín jū,neighbor; next door,我的邻居很好。,My neighbor is very nice.
临时,lín shí,as the time draws near; at the last moment; temporary; interim; ad hoc,我临时有事。,I have something come up at the last minute.
灵,líng,quick; alert; efficacious; effective; to come true; spirit; departed soul; coffin,这药真灵。,This medicine really works.
灵魂,líng hún,soul; spirit,他的灵魂很美。,His soul is beautiful.
凌晨,líng chén,very early in the morning; in the wee hours,凌晨三点我醒了。,I woke up at three in the morning.
零,líng,zero; nought; zero sign; fractional; fragmentary; odd (of numbers); (placed between two numbers to indicate a smaller quantity followed by a larger one); fraction; (in mathematics) remainder (after division); extra; to wither and fall; to wither,他考了零分。,He scored zero.
领,lǐng,"neck; collar; to lead; to receive; classifier for clothes, mats, screens etc",请整理好衣领。,Please straighten your collar.
领导,lǐng dǎo,lead; leading; to lead; leadership; leader,他是我们的领导。,He is our leader.
领先,lǐng xiān,to lead; to be in front,我们一直领先。,We are always ahead.
领袖,lǐng xiù,leader,他是个好领袖。,He is a good leader.
领域,lǐng yù,domain; sphere; field; territory; area,我选了这个领域。,I chose this field.
令,líng,used in 令; used in 狐 (Taiwan pr. [lìng]),这令我高兴。,This makes me happy.
另,lìng,other; another; separate; separately,我们另找时间吧。,Let's find another time.
另外,lìng wài,additional; in addition; besides; separate; other; moreover; furthermore,我还有另外一本书。,I have another book.
流,liú,"to flow; to disseminate; to circulate or spread; to move or drift; to degenerate; to banish or send into exile; stream of water or sth resembling one; class, rate or grade",泪水流下来。,The tears are flowing down.
流行,liú xíng,"(of a contagious disease etc) to spread; to propagate; (of a style of clothing, song etc) popular; fashionable",这首歌很流行。,This song is very popular.
留,liú,old variant of 留,我留下来。,I will stay.
留下,liú xià,to leave behind; to stay behind; to remain; to keep; not to let (sb) go,别把我留下。,Don't leave me behind.
六,liù,six; 6,我有六本书。,I have six books.
龙,Lóng,surname Long,我姓龙。,My surname is Long.
楼,Lóu,surname Lou,我姓楼。,My surname is Lou.
录,lù,to carve wood,请录下这段视频。,Please record this video.
录像,lù xiàng,to videotape; to videorecord; video recording,我在录像。,I am recording a video.
路,Lù,surname Lu,我认识路先生。,I know Mr. Lu.
路上,lù shang,on the road; on a journey; road surface,我在路上等你。,I'll wait for you on the way.
路线,lù xiàn,itinerary; route; political line (e.g. right revisionist road),我们走哪条路线？,Which route should we take?
露,Lù,surname Lu,我姓露。,My surname is Lu.
旅行,lǚ xíng,to travel; journey; trip,我想去旅行。,I want to travel.
旅游,lǚ yóu,trip; journey; tourism; travel; tour; to travel,我们打算去旅游。,We plan to travel.
律师,lǜ shī,lawyer,我请了律师。,I hired a lawyer.
率,lǜ,rate; frequency,成功率高吗？,Is the success rate high?
绿,lǜ,green; (slang) (derived from 绿帽子) to cheat on (one's spouse or boyfriend or girlfriend),这棵树很绿。,This tree is very green.
绿色,lǜ sè,green,我喜欢绿色。,I like green.
乱,luàn,in confusion or disorder; in a confused state of mind; disorder; upheaval; riot; illicit sexual relations; to throw into disorder; to mix up; indiscriminate; random; arbitrary,房间太乱了。,The room is too messy.
轮,lún,"wheel; disk; ring; steamship; to take turns; to rotate; classifier for big round objects: disk, or recurring events: round, turn",轮到你了。,It's your turn.
罗,Luó,surname Luo,我姓罗。,My surname is Luo.
落,là,to leave out; to be missing; to leave behind or forget to bring; to lag or fall behind,我落在家了。,I left it at home.
落后,luò hòu,to fall behind; to lag (in technology etc); backward; to retrogress,我们别落后。,Let's not fall behind.
妈,mā,ma; mom; mother,妈在厨房。,Mom is in the kitchen.
妈妈,mā ma,mama; mommy; mother,妈妈在厨房。,Mom is in the kitchen.
麻烦,má fan,trouble; inconvenience; inconvenient; troublesome; annoying; to bother sb; to put sb to trouble,这事真麻烦。,This is really troublesome.
马,Mǎ,surname Ma; abbr. for Malaysia 马来西亚,马老师来了。,Teacher Ma is here.
马上,mǎ shàng,at once; right away; immediately; on horseback (i.e. by military force),我马上到。,I'll be there right away.
码,mǎ,"weight; number; code; to pile; to stack; classifier for length or distance (yard), happenings etc",你的密码是多少？,What is your password?
骂,mà,to scold; to abuse; to curse,别骂我。,Don't scold me.
吗,má,(coll.) what?,你吃饭了吗？,Have you eaten?
嘛,má,used in 吽; (Tw) (coll.) what?,這是嘛？,What is this?
埋,mái,to bury,我埋了颗种子。,I buried a seed.
买,mǎi,to buy; to purchase,我要买书。,I want to buy a book.
买卖,mǎi mài,buying and selling; business; business transactions,他做小买卖。,He runs a small business.
卖,mài,to sell; to betray; to spare no effort; to show off or flaunt,我在卖苹果。,I am selling apples.
蛮,mán,barbarian; bullying; very; quite; rough; reckless,天气蛮冷的。,The weather is quite cold.
满,Mǎn,Manchu ethnic group,他是满人。,He is of the Manchu ethnic group.
满意,mǎn yì,satisfied; pleased; to one's satisfaction,我对结果很满意。,I am very satisfied with the result.
满足,mǎn zú,to satisfy; to meet (the needs of); satisfied; content,我已经很满足了。,I am already very satisfied.
慢,màn,slow,他说话很慢。,He speaks very slowly.
慢慢,màn màn,slowly,慢慢走，别着急。,"Walk slowly, don't rush."
忙,máng,busy; hurriedly; to hurry; to rush,我今天很忙。,I am very busy today.
猫,māo,cat; (dialect) to hide oneself; (coll.) modem,我家有一只猫。,I have a cat at home.
毛,Máo,surname Mao,我朋友姓毛。,My friend's surname is Mao.
矛盾,máo dùn,contradiction; conflicting views; contradictory,你的话有矛盾。,Your words are contradictory.
冒,mào,old variant of 冒,外面冒烟了。,Smoke is coming out outside.
冒险,mào xiǎn,to take risks; to take chances; foray; adventure,这太冒险了。,This is too risky.
帽子,mào zi,hat; cap; (fig.) label; bad name,你的帽子真好看。,Your hat looks really nice.
没,méi,(negative prefix for verbs) have not; not,我没吃饭。,I haven't eaten.
没关系,méi guān xi,it doesn't matter,没关系，我不累。,"No problem, I'm not tired."
没什么,méi shén me,nothing; it doesn't matter; it's nothing; never mind,别担心，没什么。,"Don't worry, it's nothing."
没有,méi yǒu,haven't; hasn't; doesn't exist; to not have; to not be,我没有钱。,I don't have money.
枚,Méi,surname Mei,你姓枚吗？,Do you have the surname Mei?
玫瑰,méi guī,rugosa rose (shrub) (Rosa rugosa); rose flower,我喜欢玫瑰。,I like roses.
媒体,méi tǐ,"media, esp. news media",媒体在报道这事。,The media is reporting on this.
每,měi,each; every,我每天喝咖啡。,I drink coffee every day.
美,Měi,(bound form) the Americas (abbr. for 洲); (bound form) USA (abbr. for 美国),他在美工作。,He works in the US.
美好,měi hǎo,beautiful; fine,拥有美好的一天。,Have a beautiful day.
美丽,měi lì,beautiful,这朵花很美丽。,This flower is very beautiful.
美女,měi nǚ,beautiful woman,那位美女是谁？,Who is that beautiful woman?
美元,Měi yuán,American dollar; US dollar,这件衣服要多少美元？,How many US dollars is this shirt?
妹,mèi,younger sister,我有个妹妹。,I have a younger sister.
妹妹,mèi mei,younger sister; young woman,我妹妹很漂亮。,My younger sister is very pretty.
魅力,mèi lì,charm; fascination; glamor; charisma,他很有魅力。,He is very charming.
门,Mén,surname Men,我姓门。,My surname is Men.
门口,mén kǒu,doorway; gate,我在门口等你。,I'm waiting for you at the door.
们,men,"plural marker for pronouns, and nouns referring to individuals",我们明天见。,See you tomorrow.
蒙,méng,drizzle; mist,外面下着蒙蒙雨。,It's drizzling outside.
猛,měng,ferocious; fierce; violent; brave; suddenly; abrupt; (slang) awesome,这只狗很猛。,This dog is very fierce.
梦,mèng,dream; (bound form) to dream,我梦见你了。,I dreamed of you.
梦想,mèng xiǎng,(fig.) to dream of; dream,你的梦想是什么？,What is your dream?
迷,mí,to bewilder; crazy about; fan; enthusiast; lost; confused,他是篮球迷。,He is a basketball fan.
米,Mǐ,surname Mi,米老师来了。,Teacher Mi is here.
秘密,mì mì,secret; private; confidential; clandestine; a secret,我有一个小秘密。,I have a little secret.
密,Mì,surname Mi; name of an ancient state,他姓密。,His surname is Mi.
密码,mì mǎ,cipher; secret code; password; PIN,我忘了密码。,I forgot the password.
免,miǎn,to excuse sb; to exempt; to remove or dismiss from office; to avoid; to avert; to escape; to be prohibited,老师免了我的作业。,The teacher exempted me from homework.
免费,miǎn fèi,free (of charge),门票免费吗？,Is the ticket free?
面,miàn,"face; side; surface; aspect; top; classifier for objects with flat surfaces such as drums, mirrors, flags etc",看那面旗。,Look at that flag.
面对,miàn duì,to face; to confront,我们要面对现实。,We need to face reality.
面临,miàn lín,to face sth; to be confronted with,我们面临选择。,We face a choice.
面前,miàn qián,in front of; facing; (in the) presence (of),我面前有一杯水。,There is a cup of water in front of me.
描述,miáo shù,to describe; description,请描述一下。,Please describe it.
秒,miǎo,second (unit of time); arc second (angular measurement unit); (coll.) instantly,请等我一秒。,Please wait one second for me.
民主,mín zhǔ,democracy,民主很重要。,Democracy is very important.
民族,mín zú,nationality; ethnic group,你是哪个民族的？,What is your ethnicity?
敏感,mǐn gǎn,sensitive; susceptible,他对这个话题很敏感。,He is very sensitive about this topic.
名,míng,name; noun (part of speech); place (e.g. among winners); famous; classifier for people,他很有名。,He is very famous.
名单,míng dān,list of names,名单上有你的名字。,Your name is on the list.
名人,míng rén,personage; celebrity,他是个名人。,He is a celebrity.
名字,míng zi,name (of a person or thing),你叫什么名字？,What is your name?
明白,míng bai,clear; obvious; unequivocal; to understand; to realize,我现在明白了。,I understand now.
明明,míng míng,obviously; plainly; undoubtedly; definitely,他明明来了。,He obviously came.
明年,míng nián,next year,我明年去北京。,I will go to Beijing next year.
明确,míng què,clear-cut; definite; explicit; to clarify; to specify; to make definite,请明确你的意思。,Please clarify your meaning.
明天,míng tiān,tomorrow,我们明天见。,See you tomorrow.
明显,míng xiǎn,clear; distinct; obvious,他的变化很明显。,His change is very obvious.
明星,míng xīng,star; celebrity,他是大明星。,He is a big star.
命,mìng,"life; fate; order or command; to assign a name, title etc",别拿命开玩笑。,Don't joke with your life.
命令,mìng lìng,order; command,老板下了命令。,The boss gave an order.
命运,mìng yùn,fate; destiny,他的命运改变了。,His fate changed.
摸,mō,to feel with the hand; to touch; to stroke; to grope; to steal; to abstract,别乱摸东西。,Don't touch things randomly.
模式,mó shì,mode; method; pattern,换个新模式吧。,Let's try a new mode.
模型,mó xíng,model; mold; matrix; pattern,我喜欢这个模型。,I like this model.
末,mò,tip; end; final stage; latter part; inessential detail; powder; dust; opera role of old man,周末见！,See you on the weekend!
某,mǒu,some; a certain; sb or sth indefinite; such-and-such,某人在等我。,Someone is waiting for me.
母,mǔ,mother; elderly female relative; origin; source; (of animals) female,母鸡下蛋了。,The hen laid an egg.
母亲,mǔ qīn,mother; also pr. [mǔ qin],我爱我的母亲。,I love my mother.
目标,mù biāo,target; goal; objective,我的目标是学好中文。,My goal is to learn Chinese well.
目的,mù dì,purpose; aim; goal; target; objective,我的目的是学习中文。,My goal is to learn Chinese.
目前,mù qián,at the present time; currently,目前我在学习中文。,Currently I am learning Chinese.
幕,mù,curtain or screen; canopy or tent; headquarters of a general; act (of a play),音乐会开幕了。,The concert has started.
嗯,ēn,(a groaning sound),嗯，我知道了。,"Hmm, I know."
拿,ná,old variant of 拿,请拿一杯水。,Please get a cup of water.
哪,nǎ,how; which,这是哪本书？,Which book is this?
哪儿,nǎ r,where?; wherever; anywhere; somewhere; (used in rhetorical questions) how can ...?; how could ...?,你去哪儿？,Where are you going?
哪里,nǎ lǐ,where?; somewhere; anywhere; wherever; nowhere (negative answer to question); humble expression denying compliment; also written 哪里,你在哪里？,Where are you?
哪些,nǎ xiē,which ones?; who?; what?,你想要哪些？,Which ones do you want?
那,Nā,surname Na,我姓那。,My surname is Na.
那边,nà bian,over there; yonder,我们去那边吧。,Let's go over there.
那儿,nà r,there,我们去那儿吧。,Let's go there.
那里,nà li,there; that place,我们去那里吧。,Let's go there.
那么,nà me,like that; in that way; or so; so; so very much; about; in that case,天气那么冷。,The weather is so cold.
那时,nà shí,then; at that time; in those days,那时我很忙。,I was very busy then.
那些,nà xiē,those,那些是什么？,What are those?
那样,nà yàng,that kind; that sort,别那样做。,Don't do that.
奶,nǎi,breast; milk; to breastfeed,我想喝奶。,I want to drink milk.
奶奶,nǎi nai,(informal) grandma (paternal grandmother); (respectful) mistress of the house; (coll.) boobies; breasts,我想奶奶了。,I miss grandma.
耐心,nài xīn,to be patient; patience,他很有耐心。,He is very patient.
男,nán,"male; Baron, lowest of five orders of nobility 位",他是男的。,He is male.
男朋友,nán péng you,boyfriend,他是我男朋友。,He is my boyfriend.
男人,nán rén,a man; a male; men,那个男人很帅。,That man is very handsome.
男生,nán shēng,schoolboy; male student; boy; guy (young adult male),那个男生是我同学。,That boy is my classmate.
男性,nán xìng,the male sex; a male,我是男性。,I am male.
男子,nán zǐ,a man; a male,那位男子是我朋友。,That man is my friend.
南,Nán,surname Nan,南先生来了。,Mr. Nan is here.
南方,nán fāng,south; the southern part of the country; the South,我想去南方。,I want to go south.
难,nán,difficult (to...); problem; difficulty; difficult; not good,这道题很难。,This question is very difficult.
难道,nán dào,don't tell me ...; could it be that...?,难道你忘了？,Don't tell me you forgot?
难过,nán guò,to feel sad; to feel unwell; (of life) to be difficult,我今天很难过。,I feel sad today.
难受,nán shòu,to feel unwell; to suffer pain; to be difficult to bear,我今天很难受。,I feel very unwell today.
难以,nán yǐ,"hard to (predict, imagine etc)",未来难以预测。,The future is hard to predict.
脑袋,nǎo dai,head; skull; brains; mental capability,他挠了挠脑袋。,He scratched his head.
脑子,nǎo zi,brains; mind,我脑子转不动了。,My brain isn't working.
闹,nào,variant of 闹,别闹了！,Stop messing around!
呢,ne,"particle indicating that a previously asked question is to be applied to the preceding word (""What about ...?"", ""And ...?""); particle for inquiring about location (""Where is ...?""); particle signaling a pause, to emphasize the preceding words and allow the listener time to take them on board (""ok?"", ""are you with me?""); (at the end of a declarative sentence) particle indicating continuation of a state or action; particle indicating strong affirmation",你呢？,What about you?
内,nèi,inside; inner; internal; within; interior,请进室内。,Please come inside.
内部,nèi bù,"interior; inside (part, section); internal",内部空间很大。,The interior space is large.
内容,nèi róng,content; substance; details,这本书的内容很有趣。,The content of this book is very interesting.
内心,nèi xīn,heart; innermost being; (math.) incenter,我内心很平静。,I feel calm inside.
能,Néng,surname Neng,我能老师好。,"Hello, Teacher Neng."
能不能,néng bùnéng,Can you,能不能帮我？,Can you help me?
能否,néng fǒu,whether or not; can it or can't it; is it possible?,能否帮帮我？,Could you help me?
能够,néng gòu,to be capable of; to be able to; can,他能够说中文。,He can speak Chinese.
能力,néng lì,capability; ability,我有这个能力。,I have this ability.
能量,néng liàng,energy; capabilities,我需要一点能量。,I need a little energy.
能源,néng yuán,energy; power source,我们需要更多能源。,We need more energy.
你,nǐ,"you (informal, as opposed to courteous 您)",你好吗？,How are you?
你们,nǐ men,you (plural),你们好吗？,How are you all?
年,Nián,surname Nian,明年见。,See you next year.
年代,nián dài,a decade of a century (e.g. the Sixties); age; era; period,我们喜欢那个年代。,We like that era.
年度,nián dù,"year (e.g. school year, fiscal year); annual",年度聚会真开心。,The annual gathering was really fun.
年纪,nián jì,age,你年纪多大？,How old are you?
年龄,nián líng,(a person's) age,你的年龄是多少？,What is your age?
年轻,nián qīng,young,她看起来很年轻。,She looks young.
念,niàn,"variant of 念, to read aloud",请大声念出来。,Please read it out loud.
娘,niáng,mother; young lady; (coll.) effeminate,我娘在家。,My mother is at home.
鸟,diǎo,variant of 屌; penis,这鸟事真烦,This damn thing is so annoying.
尿,niào,to urinate; urine,我想去尿尿。,I want to go pee.
您,nín,"you (courteous, as opposed to informal 你)",您好吗？,How are you?
牛,Niú,surname Niu,牛老师来了。,Teacher Niu is here.
牛奶,niú nǎi,cow's milk,我想喝牛奶。,I want to drink milk.
农民,nóng mín,peasant; farmer,我爸爸是农民。,My father is a farmer.
弄,lòng,lane; alley,我家住在弄里。,I live in the alley.
努力,nǔ lì,to make an effort; to try hard; to strive; hard-working; conscientious,请继续努力。,Please keep trying hard.
女,nǚ,female; woman; daughter,她是我的女儿。,She is my daughter.
女儿,nǚ ér,daughter,我女儿很乖。,My daughter is very well-behaved.
女朋友,nǚ péng you,girlfriend,我女朋友很漂亮。,My girlfriend is very pretty.
女人,nǚ rén,woman,那个女人很漂亮。,That woman is very pretty.
女生,nǚ shēng,schoolgirl; female student; girl,那个女生是我同学。,That girl is my classmate.
女士,nǚ shì,lady; madam; Miss; Ms,这位女士请坐。,"Madam, please take a seat."
女性,nǚ xìng,woman; the female sex,很多女性喜欢旅行。,Many women like traveling.
女子,nǚ zǐ,woman; female,那位女子很漂亮。,That woman is very pretty.
暖,nuǎn,old variant of 暖,天气真暖。,The weather is really warm.
哦,é,to chant,我喜欢哦诗。,I like to chant poems.
欧洲,Oū zhōu,Europe (abbr. for 欧罗巴洲),我想去欧洲。,I want to go to Europe.
偶尔,ǒu ěr,occasionally; once in a while; sometimes,我偶尔喝咖啡。,I occasionally drink coffee.
偶像,ǒu xiàng,idol,他是我的偶像。,He is my idol.
爬,pá,to crawl; to climb; to get up or sit up,小猫爬上树了。,The cat climbed the tree.
怕,Pà,surname Pa,我怕黑。,I am afraid of the dark.
拍,pāi,to pat; to clap; to slap; to swat; to take (a photo); to shoot (a film); racket (sports); beat (music),请帮我拍个照。,Please take a photo for me.
拍摄,pāi shè,to take (a picture); to shoot (a film),我在拍摄照片。,I am taking photos.
拍照,pāi zhào,to take a picture,请帮我拍照。,Please take a picture for me.
排,pái,"a row; a line; to set in order; to arrange; to line up; to eliminate; to drain; to push open; platoon; raft; classifier for lines, rows etc",我们排成一队吧。,Let's line up in a row.
排除,pái chú,to eliminate; to remove; to exclude; to rule out,先排除干扰。,Rule out distractions first.
牌,pái,mahjong tile; playing card; game pieces; signboard; plate; tablet; medal,他抽到一张牌。,He drew a card.
派,pài,clique; school; group; faction; to dispatch; to send; to assign; to appoint; pi (Greek letter Ππ); the circular ratio pi = 3.1415926; (loanword) pie,公司派他出差。,The company sent him on a business trip.
盘,pán,"plate; dish; tray; board; hard drive (computing); to build; to coil; to check; to examine; to transfer (property); to make over; classifier for food: dish, helping; to coil; classifier for coils of wire; classifier for games of chess",这盘菜真好吃。,This dish is really delicious.
判,pàn,to judge; to sentence; to discriminate; to discern; clearly distinguishable,这事不好判。,It is hard to judge.
判断,pàn duàn,to judge; to determine; judgment,这很难判断。,It's hard to judge.
判决,pàn jué,judgment (by a court of law); to pass judgment on; to sentence,法院今天下判决。,The court will give the verdict today.
旁,páng,"one side; other; different; lateral component of a Chinese character (such as 刂, 亻 etc)",我坐在旁边。,I sit on the side.
旁边,páng biān,side; adjacent place,我坐在旁边。,I'm sitting on the side.
胖,pán,healthy; at ease,他最近变胖了。,He has gotten a bit chubby lately.
抛,pāo,to throw; to toss; to fling; to cast; to abandon,他把球抛给我。,He threw the ball to me.
跑,páo,(of an animal) to paw (the ground),马跑地。,The horse paws the ground.
泡,pāo,puffed; swollen; spongy; small lake (esp. in place names); classifier for urine or feces,我们去那个小泡吧。,Let's go to that small lake.
陪,péi,to accompany; to keep sb company; to assist; old variant of 赔,我陪你吃饭。,I'll eat with you.
培训,péi xùn,to cultivate; to train; to groom; training,明天有培训吗？,Is there training tomorrow?
培养,péi yǎng,to cultivate; to breed; to foster; to nurture; to educate; to groom (for a position); education; fostering; culture (biology),父母培养孩子。,Parents nurture children.
赔偿,péi cháng,to compensate,请赔偿我的损失。,Please compensate for my loss.
配,pèi,to join; to fit; to mate; to mix; to match; to deserve; to make up (a prescription); to allocate,衣服很配你。,The clothes suit you well.
配合,pèi hé,matching; fitting in with; compatible with; to correspond; to fit; to conform to; rapport; to coordinate with; to act in concert with; to cooperate; to become man and wife; to combine parts of machine,请配合一下。,Please cooperate.
喷,pēn,to puff; to spout; to spray; to spurt,水从管子里喷出来。,Water is spraying out of the pipe.
朋友,péng you,friend,他是我的朋友。,He is my friend.
碰,pèng,variant of 碰,别碰我的电脑。,Don't touch my computer.
碰到,pèng dào,to come across; to run into; to meet; to hit,昨天碰到你了。,I ran into you yesterday.
批,pī,"to ascertain; to act on; to criticize; to pass on; classifier for batches, lots, military flights; tier (for the ranking of universities and colleges)",我买了一批书。,I bought a batch of books.
批评,pī píng,to criticize; criticism,老师批评了我。,The teacher criticized me.
批准,pī zhǔn,to approve; to ratify,请批准我的申请。,Please approve my application.
皮,Pí,surname Pi,我朋友姓皮。,My friend's surname is Pi.
皮肤,pí fū,skin,我的皮肤很干。,My skin is very dry.
啤酒,pí jiǔ,beer (loanword),我想喝啤酒。,I want to drink beer.
匹,pī,mate; one of a pair,找匹合适的。,Find a suitable mate.
屁股,pì gu,buttocks; bottom; butt; back part,我摔到屁股了。,I fell on my butt.
偏,piān,to lean; to slant; oblique; prejudiced; to deviate from average; to stray from the intended line; stubbornly; contrary to expectations,衣服偏小了。,The clothes are a bit small.
篇,piān,"sheet; piece of writing; bound set of bamboo slips used for record keeping (old); classifier for written items: chapter, article",我写了一篇作文。,I wrote an essay.
片,piān,disk; sheet,请给我一片纸。,Please give me a sheet of paper.
骗,piàn,to cheat; to swindle; to deceive; to get on (a horse etc) by swinging one leg over,别骗我。,Don't lie to me.
票,piào,"ticket; ballot; banknote; person held for ransom; amateur performance of Chinese opera; classifier for groups, batches, business transactions",我有一张票。,I have a ticket.
漂亮,piào liang,pretty; beautiful,这花真漂亮。,This flower is really beautiful.
拼,pīn,to piece together; to join together; to stake all; adventurous; at the risk of one's life; to spell,拼一把吧！,Let's give it a shot!
频道,pín dào,frequency; (television) channel,换个频道吧。,Let's change the channel.
品,pǐn,(bound form) article; commodity; product; goods; (bound form) grade; rank; kind; type; variety; character; disposition; nature; temperament; to taste sth; to sample; to criticize; to comment; to judge; to size up; fret (on a guitar or lute),我在品茶。,I am tasting tea.
品牌,pǐn pái,brand name; trademark,这个品牌很好。,This brand is very good.
平,Píng,surname Ping,我姓平。,My surname is Ping.
平安,píng ān,safe and sound; well; without mishap; quiet and safe; at peace,祝你一路平安。,Wish you a safe journey.
平衡,píng héng,balance; equilibrium,生活需要平衡。,Life needs balance.
平静,píng jìng,tranquil; undisturbed; serene,湖面很平静。,The lake is very tranquil.
平均,píng jūn,average; on average; evenly; in equal proportions,平均价格是多少？,What is the average price?
平时,píng shí,ordinarily; in normal times; in peacetime,平时你几点起床？,What time do you usually wake up?
评估,píng gū,to evaluate; to assess; assessment; evaluation,请评估这个方案。,Please evaluate this plan.
评价,píng jià,to evaluate; to assess,请评价一下。,Please evaluate this.
评论,píng lùn,to comment on; to discuss; comment; commentary,你的评论很棒。,Your comment is great.
评委,píng wěi,evaluation committee; judging panel; judging panel member; adjudicator (abbr. for 评选委员会委员),评委是谁？,Who is the judge?
凭,píng,variant of 凭,你凭什么这么说？,Why do you say that?
苹果,píng guǒ,apple,我喜欢吃苹果。,I like to eat apples.
屏幕,píng mù,"screen (TV, computer or movie)",别一直看屏幕,Don't keep staring at the screen.
瓶,píng,bottle; vase; pitcher; classifier for wine and liquids,请给我一瓶水。,Please give me a bottle of water.
破,pò,"broken; damaged; worn out; lousy; rotten; to break, split or cleave; to get rid of; to destroy; to break with; to defeat; to capture (a city etc); to expose the truth of",衣服破了一个洞。,The clothes have a hole.
破坏,pò huài,destruction; damage; to wreck; to break; to destroy,别破坏我的计划。,Don't ruin my plan.
普通,pǔ tōng,common; ordinary; general; average,我就是个普通人。,I am just an ordinary person.
七,qī,seven; 7,我有七本书。,I have seven books.
妻子,qī zǐ,wife and children,我妻子喜欢做饭。,My wife likes cooking.
期,qī,variant of 期; period; cycle,假期快到了。,The holiday is almost here.
期待,qī dài,to look forward to; to await; expectation,我很期待你的回复。,I look forward to your reply.
期间,qī jiān,period of time; time; time period; period,出差期间我很忙。,I was very busy during the trip.
期望,qī wàng,to have expectations; to earnestly hope; expectation; hope,我期望你能来。,I hope you can come.
齐,Qí,(name of states and dynasties at several different periods); surname Qi,我姓齐。,My surname is Qi.
其,qí,his; her; its; their; that; such; it (refers to sth preceding it),其书在桌上。,His book is on the table.
其次,qí cì,next; secondly,其次，我们吃饭吧。,"Next, let's eat."
其实,qí shí,actually; in fact; really,其实我不饿。,"Actually, I'm not hungry."
其他,qí tā,other; (sth or sb) else; the rest,我要这个，其他不要。,"I want this one, not the others."
其中,qí zhōng,among; in; included among these,五本书，其中一本丢了。,"Of the five books, one is missing."
奇怪,qí guài,strange; odd; to marvel; to be baffled,这事真奇怪。,This is really strange.
奇迹,qí jì,miracle; miraculous; wonder; marvel,这是一个奇迹。,This is a miracle.
骑,jì,(Tw) saddle horse; mounted soldier,他骑马打仗。,He fights on horseback.
企业,qǐ yè,company; firm; enterprise; corporation,我在一家企业工作。,I work at a company.
启动,qǐ dòng,to start (a machine); (fig.) to set in motion; to launch (an operation); to activate (a plan),我们启动计划吧。,Let's launch the plan.
起,qǐ,"to rise; to raise; to get up; to set out; to start; to appear; to launch; to initiate (action); to draft; to establish; to get (from a depot or counter); verb suffix, to start; starting from (a time, place, price etc); classifier for occurrences or unpredictable events: case, instance; classifier for groups: batch, group",我起床了。,I got up.
起床,qǐ chuáng,to get out of bed; to get up,你几点起床？,What time do you get up?
起来,qǐ lai,to stand up; to get up; also pr. [qǐ lái],他站起来。,He stands up.
起诉,qǐ sù,to sue; to bring a lawsuit against; to prosecute,我要起诉他,I want to sue him.
气,qì,gas; air; smell; weather; to make angry; to annoy; to get angry; vital energy; qi,我有点生气。,I am a little angry.
气氛,qì fēn,atmosphere; mood,今天的气氛很好。,The atmosphere today is very good.
汽车,qì chē,car; automobile; bus,我坐汽车去学校。,I take the car to school.
千,qiān,thousand,我有一千块钱。,I have a thousand yuan.
千万,qiān wàn,ten million; countless; many; one must by all means,千万别迟到。,Absolutely don't be late.
牵,qiān,to lead along; to pull (an animal on a tether); (bound form) to involve; to draw in,妈妈牵着我的手。,Mom holds my hand.
签,qiān,to sign one's name; to write brief comments on a document; inscribed bamboo stick (variant of 签); visa,请在这里签。,Please sign here.
签名,qiān míng,to sign (one's name with a pen etc); to autograph; signature,请在这里签名。,Please sign here.
前,qián,front; forward; ahead; first; top (followed by a number); future; ago; before; BC (e.g. 前293年); former; formerly,我在前面等你。,I'll wait for you ahead.
前进,qián jìn,to go forward; to forge ahead; to advance; onward,我们继续前进。,Let's keep moving forward.
前面,qián miàn,ahead; in front; preceding; above; also pr. [qián mian],请坐前面。,Please sit in the front.
前往,qián wǎng,to leave for; to proceed towards; to go to,我明天前往北京。,I am going to Beijing tomorrow.
钱,Qián,surname Qian,我有钱。,I have money.
潜力,qián lì,potential; capacity,他有很大潜力。,He has great potential.
欠,qiàn,to owe; to lack; (literary) to be deficient in; (bound form) yawn; to raise slightly (a part of one's body),我欠你一百块。,I owe you a hundred yuan.
枪,Qiāng,surname Qiang,他有一把枪。,He has a gun.
强,Qiáng,surname Qiang,强老师来了。,Teacher Qiang is here.
强大,qiáng dà,large; formidable; powerful; strong,他的团队很强大。,His team is very strong.
强调,qiáng diào,to emphasize (a statement); to stress,我强调一下规则。,I'll emphasize the rules.
强烈,qiáng liè,strong; intense,阳光太强烈了。,The sunlight is very intense.
墙,qiáng,"variant of 墙, wall",墙上有一幅画。,There is a picture on the wall.
抢,qiāng,(literary) to knock against (esp. to knock one's head on the ground in grief or rage); opposite in direction; contrary,他头抢地。,He knocked his head on the ground.
抢劫,qiǎng jié,to rob; looting,他抢劫了银行。,He robbed a bank.
桥,qiáo,bridge,我们过桥吧。,Let's cross the bridge.
瞧,qiáo,to look at; to see; to see (a doctor); to visit,你瞧见了吗？,Did you see it?
巧克力,qiǎo kè lì,chocolate (loanword),我喜欢吃巧克力。,I like to eat chocolate.
且,qiě,and; moreover; yet; for the time being; to be about to; both (... and...),且看再说吧。,Let's wait and see first.
切,qiē,to cut; to slice; to carve; (math) tangential,请切苹果。,Please cut the apple.
亲,qīn,parent; one's own (flesh and blood); relative; related; marriage; bride; close; intimate; in person; first-hand; in favor of; pro-; to kiss; (Internet slang) dear,我们很亲。,We are very close.
亲爱,qīn ài,dear; beloved; darling,亲爱的，你好吗？,"Dear, how are you?"
亲自,qīn zì,personally; in person; oneself,我亲自去接你。,I'll go pick you up myself.
青,Qīng,"abbr. for 海, Qinghai Province",我去过青。,I have been to Qinghai.
青年,qīng nián,youth; youthful years; young person; the young,他是个好青年。,He is a good young man.
轻,qīng,light; easy; gentle; soft; reckless; unimportant; frivolous; small in number; unstressed; neutral; to disparage,这个箱子很轻。,This box is very light.
轻松,qīng sōng,light; gentle; relaxed; effortless; uncomplicated; to relax; to take things less seriously,今天工作很轻松。,Today's work is very relaxing.
轻易,qīng yì,easily; lightly; rashly,别轻易相信别人。,Don't trust others easily.
倾向,qīng xiàng,trend; tendency; orientation,他有当老师的倾向。,He has a tendency to become a teacher.
清,Qīng,Qing (Wade-Giles: Ch'ing) dynasty of imperial China (1644-1911); surname Qing,他喜欢清朝。,He likes the Qing dynasty.
清楚,qīng chu,clear; distinct; to understand thoroughly; to be clear about,请说清楚点。,Please speak more clearly.
清理,qīng lǐ,to clear up; to tidy up; to dispose of,我要清理房间。,I need to clean up the room.
清醒,qīng xǐng,clear-headed; sober; awake,我需要清醒一下。,I need to clear my head.
情,qíng,feeling; emotion; passion; situation,他对我有情,He has feelings for me.
情报,qíng bào,information; intelligence,我收到了重要情报。,I received important intelligence.
情感,qíng gǎn,feeling; emotion; to move (emotionally),这种情感很真实。,This feeling is very real.
情况,qíng kuàng,circumstances; state of affairs; situation,情况怎么样？,How is the situation?
情绪,qíng xù,mood; state of mind; moodiness,他今天情绪不好。,He's in a bad mood today.
请,qǐng,to ask; to invite; please (do sth); to treat (to a meal etc); to request,请你吃饭。,I will treat you to a meal.
请求,qǐng qiú,to request; to ask; request,我请求帮忙。,I request help.
请问,qǐng wèn,"Excuse me, may I ask...?",请问厕所在哪里？,"Excuse me, where is the restroom?"
庆祝,qìng zhù,to celebrate,我们庆祝生日。,We are celebrating a birthday.
求,qiú,to seek; to look for; to request; to demand; to beseech,我求你帮帮我。,I'm begging you to help me.
球,qiú,ball; sphere; globe; ball game; match,我要买一个球。,I want to buy a ball.
球队,qiú duì,"sports team (basketball, soccer, football etc)",我们球队赢了。,Our team won.
球员,qiú yuán,(ball sports) player; team member,这位球员很强。,This player is very strong.
区,Oū,surname Ou,我姓区。,My surname is Ou.
区别,qū bié,difference; to distinguish; to discriminate; to make a distinction,它们有什么区别？,What's the difference between them?
区域,qū yù,area; region; district,这个区域很安静。,This area is very quiet.
曲,Qū,surname Qu,他姓曲。,His surname is Qu.
取,qǔ,to take; to get; to choose; to fetch,我去银行取钱。,I'm going to the bank to get some money.
取得,qǔ dé,to acquire; to get; to obtain,我取得了好成绩。,I got good grades.
取消,qǔ xiāo,to cancel; cancellation,请取消会议。,Please cancel the meeting.
娶,qǔ,to take a wife; to marry (a woman),他打算娶她。,He plans to marry her.
去,qù,to go; to go to (a place); (of a time etc) last; just passed; to send; to remove; to get rid of; to reduce; to be apart from in space or time; to die (euphemism); to play (a part); (when used either before or after a verb) to go in order to do sth; (after a verb of motion indicates movement away from the speaker); (used after certain verbs to indicate detachment or separation),你去哪里？,Where are you going?
去年,qù nián,last year,去年我去北京。,Last year I went to Beijing.
去世,qù shì,to pass away; to die,爷爷去年去世了。,Grandpa passed away last year.
圈,juān,to confine; to lock up; to pen in,他把羊圈起来了。,He penned the sheep up.
全,Quán,surname Quan,我姓全。,My surname is Quan.
全部,quán bù,whole; all,全部在这里。,Everything is here.
全都,quán dōu,all; without exception,我们全都到了。,We all arrived.
全国,quán guó,whole nation; nationwide; countrywide; national,全国都有分店。,There are branches nationwide.
全力,quán lì,with all one's strength; full strength; all-out (effort); fully (support),我会全力帮你。,I'll help you with all my strength.
全面,quán miàn,all-around; comprehensive; total; overall,他的知识很全面。,His knowledge is very comprehensive.
全球,quán qiú,entire; total; global; the (whole) world; worldwide,全球都在用智能手机。,People around the world use smartphones.
全身,quán shēn,the whole body; (typography) em,我全身都湿了。,My whole body is soaked.
全世界,quán shì jiè,worldwide; entire world,全世界都在看你。,The whole world is watching you.
全体,quán tǐ,all; entire,我们全体都到了。,We all arrived.
全新,quán xīn,all new; completely new,这是全新电脑。,This is a completely new computer.
权,Quán,surname Quan,他姓权。,His surname is Quan.
权力,quán lì,power; authority,你有权力决定吗？,Do you have the power to decide?
权利,quán lì,right (i.e. an entitlement to sth); (classical) power and wealth,你有投票的权利。,You have the right to vote.
拳,quán,fist; boxing,他打了一拳。,He threw a punch.
劝,quàn,to advise; to urge; to try to persuade; to exhort; to console; to soothe,妈妈劝我早睡。,Mom advised me to sleep early.
缺,quē,deficiency; lack; scarce; vacant post; to run short of,店里缺货。,The store is out of stock.
缺乏,quē fá,to lack; to be short of,他缺乏经验。,He lacks experience.
却,què,old variant of 却,我想去，却不行。,"I want to go, but I can't."
确保,què bǎo,to ensure; to guarantee,我会确保没问题。,I will ensure there are no problems.
确定,què dìng,definite; certain; fixed; to fix (on sth); to determine; to be sure; to ensure; to make certain; to ascertain; to clinch; to recognize; to confirm; OK (on computer dialog box),你确定吗？,Are you sure?
确认,què rèn,to confirm; to verify; confirmation,请确认一下。,Please confirm.
确实,què shí,indeed; really; reliable; real; true,他确实来了。,He really came.
群,qún,variant of 群,我们加个新群吧。,Let's join a new group.
群众,qún zhòng,mass; multitude; the masses,群众都很开心。,The people are very happy.
然而,rán ér,however; yet; but,我想去，然而没时间。,"I want to go, but I have no time."
然后,rán hòu,then; after that; afterwards,我先吃饭，然后睡觉。,"I'll eat first, then sleep."
让,ràng,"to yield; to permit; to let sb do sth; to have sb do sth; to make sb (feel sad etc); by (indicates the agent in a passive clause, like 被)",让我看看。,Let me see.
绕,rào,to wind; to coil (thread); to rotate around; to spiral; to move around; to go round (an obstacle); to by-pass; to make a detour; to confuse; to perplex,我们绕路回家。,We are taking a detour home.
惹,rě,to provoke; to irritate; to vex; to stir up; to anger; to attract (troubles); to cause (problems),别惹我生气。,Don't make me angry.
热,rè,to warm up; to heat up; hot (of weather); heat; fervent,今天天气很热。,It's very hot today.
热情,rè qíng,cordial; enthusiastic; passion; passionate; passionately,他待人很热情。,He is very warm and friendly.
人,rén,person; people,那个人很好。,That person is very nice.
人才,rén cái,talent; talented person; looks; attractive looks,他是个人才。,He is a talented person.
人家,rén jiā,household; dwelling; family; sb else's house; household business; house of woman's husband-to-be,人家都知道了。,Others already know.
人口,rén kǒu,population; people,中国人口很多。,China has a large population.
人类,rén lèi,humanity; human race; mankind,人类要保护地球。,Humans should protect the Earth.
人们,rén men,people,人们喜欢喝茶。,People like drinking tea.
人民,rén mín,the people,人民的生活很好。,The people's lives are good.
人群,rén qún,crowd,他走进人群。,He walked into the crowd.
人生,rén shēng,life (one's time on earth),人生只有一次。,Life happens only once.
人士,rén shì,person; figure; public figure,他是位知名人士。,He is a well-known figure.
人数,rén shù,number of people,参加人数是多少？,How many people are participating?
人体,rén tǐ,human body,人体很重要。,The human body is very important.
人物,rén wù,"person; personage; figure (esp. sb of importance); character (in a play, novel etc); figure painting (as a genre of traditional Chinese painting)",他是书里的重要人物。,He is an important character in the book.
人员,rén yuán,staff; crew; personnel,值班人员是谁？,Who is the staff on duty?
忍,rěn,to bear; to endure; to tolerate; to restrain oneself,我忍不住了。,I can't stand it anymore.
认,rèn,to recognize; to know; to admit,我认得他。,I know him.
认识,rèn shi,to know; to recognize; to be familiar with; to get acquainted with sb; knowledge; understanding; awareness; cognition,我认识他。,I know him.
认为,rèn wéi,to believe; to think; to consider; to feel,我认为是真的。,I think it's true.
认真,rèn zhēn,conscientious; earnest; serious; to take seriously; to take to heart,他工作很认真。,He works very seriously.
任,Rén,surname Ren; Ren County 任县 in Hebei,任老师来了。,Teacher Ren is here.
任何,rèn hé,any; whatever; whichever; whatsoever,有任何问题吗？,Do you have any questions?
任务,rèn wu,mission; assignment; task; duty; role,我的任务是写作业。,My task is to do homework.
扔,rēng,to throw; to throw away,别扔垃圾。,Don't throw away the trash.
仍,réng,still; yet; to remain; (literary) frequently; often,他仍在学习。,He is still studying.
仍然,réng rán,still; as before; yet,他仍然没来。,He still hasn't arrived.
日,Rì,"abbr. for 本, Japan",我去日本。,I am going to Japan.
日期,rì qī,date,今天的日期是？,What is today's date?
日子,rì zi,day; a (calendar) date; days of one's life,今天是个好日子。,Today is a good day.
荣誉,róng yù,honor; credit; glory; (honorable) reputation; honorary,这是我们的荣誉。,This is our honor.
容易,róng yì,easy; straightforward; likely; liable to; apt to,学中文不容易。,Learning Chinese isn't easy.
肉,ròu,meat; flesh; pulp (of a fruit); (coll.) (of a fruit) squashy; (of a person) flabby; irresolute; Kangxi radical 130,我喜欢吃肉。,I like to eat meat.
如,rú,as; as if; such as,比如喝茶。,"For example, drinking tea."
如此,rú cǐ,like this; so; such,他如此努力。,He works so hard.
如果,rú guǒ,if; in case; in the event that,如果下雨，我不去。,"If it rains, I won't go."
如何,rú hé,how; what way; what,你觉得如何？,What do you think?
如今,rú jīn,nowadays; now,如今生活很好。,Life is good nowadays.
如同,rú tóng,like; as,你的笑容如同阳光。,Your smile is like sunshine.
入,rù,to enter; to go into; to join; to become a member of; to confirm or agree with; abbr. for 入声,我明天入学。,I will enroll in school tomorrow.
软,ruǎn,soft; flexible,这枕头很软。,This pillow is very soft.
软件,ruǎn jiàn,(computer) software,这个软件很好用。,This software is very easy to use.
若,ruò,to seem; like; as; if,你若来，我就去。,"If you come, I will go."
弱,ruò,weak; feeble; young; inferior; not as good as; (following a decimal or fraction) slightly less than,他身体很弱。,He is very weak.
撒,sā,to let go; to cast; to let loose; to discharge; to give expression to; (coll.) to pee,他撒了手。,He let go.
塞,Sāi,Serbia; Serbian; abbr. for 塞尔维亚,我去过塞。,I have been to Serbia.
赛,sài,to compete; competition; match; to surpass; better than; superior to; to excel,我们去比赛吧。,Let's go compete.
三,Sān,surname San,他姓三。,His surname is San.
散,sàn,variant of 散,人散了，我们回家吧。,"The crowd has dispersed, let's go home."
色,sè,color; look; appearance; sex,我喜欢这个色。,I like this color.
森林,sēn lín,forest,我们去森林玩吧。,Let's go play in the forest.
杀,shā,to kill; to murder; to attack; to weaken or reduce; to smart (dialect); (used after a verb) extremely,他杀了只鸡。,He killed a chicken.
杀手,shā shǒu,killer; murderer; hit man; (sports) formidable player,他是电影里的杀手。,He is the killer in the movie.
沙发,shā fā,sofa (loanword); (Internet slang) the first reply or replier to a forum post,这沙发真舒服。,This sofa is really comfortable.
傻,shǎ,foolish,你太傻了。,You are too foolish.
啥,shá,dialectal equivalent of 什么; also pr. [shà],这是啥？,What is this?
晒,shài,variant of 晒,我去晒衣服。,I'm going to hang the clothes out to dry.
山,Shān,surname Shan,我姓山。,My surname is Shan.
闪,Shǎn,surname Shan,我朋友姓闪。,My friend's surname is Shan.
扇,shān,to fan; to slap sb on the face,妈妈给我扇风。,Mom fans me.
善,shàn,good (virtuous); benevolent; well-disposed; good at sth; to improve or perfect,他为人很善良。,He is very kind.
伤,shāng,to injure; injury; wound,别伤到自己。,Don't hurt yourself.
伤害,shāng hài,to injure; to harm,别伤害自己。,Don't hurt yourself.
伤口,shāng kǒu,wound; cut,我的伤口不疼了。,My wound doesn't hurt anymore.
伤心,shāng xīn,to grieve; to be broken-hearted; to feel deeply hurt,别伤心了。,Don't be sad.
商店,shāng diàn,store; shop,我去商店买东西。,I go to the store to buy things.
商品,shāng pǐn,commodity; goods; merchandise,这件商品多少钱？,How much is this product?
商业,shāng yè,business; trade; commerce,他喜欢商业。,He likes business.
上,shǎng,used in 上声,这个字是上声。,This character has the third tone.
上班,shàng bān,to go to work; to be on duty; to start work; to go to the office,你几点上班？,What time do you go to work?
上次,shàng cì,last time,上次我去北京。,Last time I went to Beijing.
上帝,Shàng dì,God,我相信上帝。,I believe in God.
上课,shàng kè,to go to class; to attend class; to go to teach a class,我明天上课。,I have class tomorrow.
上来,shàng lái,to come up; to approach; (verb complement indicating success),你上来一下。,Come up for a moment.
上面,shàng miàn,on top of; above-mentioned; also pr. [shàng mian],书在桌子上面。,The book is on top of the table.
上去,shàng qù,to go up,他走上去。,He walked up.
上升,shàng shēng,to rise; to go up; to ascend,气温上升了。,The temperature rose.
上午,shàng wǔ,morning,我上午去学校。,I go to school in the morning.
上学,shàng xué,to go to school; to attend school,我每天去上学。,I go to school every day.
上周,shàng zhōu,last week,上周我去公园。,I went to the park last week.
尚,Shàng,surname Shang,尚老师来了。,Teacher Shang is here.
烧,shāo,"to burn; to cook; to stew; to bake; to roast; to heat; to boil (tea, water etc); fever; to run a temperature; (coll.) to let things go to one's head",我去烧水。,I'll go boil some water.
稍,shāo,somewhat; a little,价格稍贵。,The price is somewhat expensive.
少,shǎo,few; less; to lack; to be missing; to stop (doing sth); seldom,他话很少。,He speaks very little.
少年,shào nián,early youth; youngster; (literary) youth; young man,那个少年很勇敢。,That young man is very brave.
少女,shào nǚ,girl; young lady,那位少女在唱歌。,That girl is singing.
蛇,shé,variant of 蛇,我看到一条蛇。,I saw a snake.
设,shè,to set up; to put in place; (math.) given; suppose; if,假设你赢了。,Suppose you win.
设备,shè bèi,equipment; facilities; installations,我们需要新设备。,We need new equipment.
设计,shè jì,to design; to plan; design; plan,我来设计房间。,I'll design the room.
设计师,shè jì shī,designer; architect,他是设计师。,He is a designer.
设施,shè shī,facilities; installation,这里的设施很好。,The facilities here are very good.
设置,shè zhì,to set up; to install,帮我设置闹钟。,Help me set an alarm.
社,shè,(bound form) society; organization; agency; (old) god of the land,我在社区工作。,I work in the community.
社会,shè huì,society,社会变化很快。,Society changes quickly.
社区,shè qū,community; neighborhood,我喜欢这个社区。,I like this neighborhood.
射,shè,old variant of 射,他爱射箭。,He loves shooting arrows.
涉及,shè jí,to involve; to touch upon (a topic),这个话题不涉及钱。,This topic doesn't involve money.
摄影,shè yǐng,to take a photograph; photography; to shoot (a movie),我喜欢摄影。,I like photography.
申请,shēn qǐng,to apply for sth; application form,我想申请签证。,I want to apply for a visa.
身边,shēn biān,at one's side; on hand,他总在我身边。,He is always by my side.
身材,shēn cái,stature; build (height and weight); figure,她身材很好。,Her figure is very good.
身份,shēn fèn,"identity; aspect of one's identity (i.e. sth that one is – mayor, father, permanent resident etc); role; capacity (as in ""in his capacity as a ..."" 以…份); status (social, legal etc); position; rank",他的身份是什么？,What is his identity?
身上,shēn shang,on the body; at hand; among,我身上没钱。,I don't have money on me.
身体,shēn tǐ,the body; one's health; in person,我身体不舒服。,I'm not feeling well.
深,shēn,old variant of 深,这水很深。,The water is very deep.
深刻,shēn kè,profound; deep; deep-going,让我印象很深刻。,It left a deep impression on me.
深入,shēn rù,to penetrate deeply; thorough,我们深入讨论了一下。,We discussed it in depth.
什么,shén me,what?; something; anything,这是什么？,What is this?
什么样,shén me yàng,what kind?; what sort?,你想要什么样？,What kind do you want?
甚至,shèn zhì,even; so much so that,他甚至没空回消息。,He didn't even have time to reply.
神,Shén,God; abbr. for 舟,你信神吗？,Do you believe in God?
神经,shén jīng,nerve; mental state; (coll.) unhinged; nutjob,你别太神经了。,Don't be so crazy.
神秘,shén mì,mysterious; mystery,这个地方很神秘。,This place is very mysterious.
神奇,shén qí,magical; mystical; miraculous,这个药很神奇。,This medicine is miraculous.
审判,shěn pàn,a trial; to try sb,法官正在审判他。,The judge is trying him.
升,shēng,to ascend; to rise to the rank of; to promote; to hoist; liter; measure for dry grain equal to one-tenth dou 斗,太阳升起来了。,The sun has risen.
升级,shēng jí,to go up by one grade; to be promoted; to escalate (in intensity); (computing) to upgrade,我要升级软件。,I want to upgrade the software.
生,shēng,to be born; to give birth; life; to grow; raw; uncooked; student,这菜是生的。,This dish is raw.
生产,shēng chǎn,to produce; to manufacture; to give birth to a child,工厂生产手机。,The factory produces phones.
生存,shēng cún,to exist; to survive,为了生存，他努力工作。,He works hard to survive.
生活,shēng huó,to live; life; livelihood,我喜欢简单的生活。,I like a simple life.
生命,shēng mìng,life (as the characteristic of living beings); living being; creature,生命很宝贵。,Life is precious.
生气,shēng qì,to get angry; to take offense; angry; vitality; liveliness,别生气了。,Don't be angry.
生日,shēng rì,birthday,今天是我生日。,Today is my birthday.
生物,shēng wù,organism; living creature; life form; biological,我喜欢生物。,I like living things.
生意,shēng yì,life force; vitality,这棵树很有生意。,This tree has a lot of vitality.
声,shēng,sound; voice; tone; noise; reputation; classifier for sounds,请别出声。,Please don't make a sound.
声明,shēng míng,to state; to declare; statement; declaration,公司发表了一份声明。,The company issued a statement.
声音,shēng yīn,voice; sound,你的声音真好听。,Your voice sounds really good.
省,shěng,to save; to economize; to be frugal; to omit; to delete; to leave out; province; provincial capital; a ministry (of the Japanese government),我想省点钱。,I want to save some money.
圣诞节,Shèng dàn jié,Christmas time; Christmas season; Christmas,圣诞节你打算做什么？,What do you plan to do on Christmas?
胜,shèng,victory; success; to beat; to defeat; to surpass; victorious; superior to; to get the better of; better than; surpassing; superb (of vista); beautiful (scenery); wonderful (view); (Taiwan pr. [shēng]) able to bear; equal to (a task),这次我胜了。,I won this time.
胜利,shèng lì,victory,我们终于胜利了。,We finally won.
剩,shèng,to remain; to be left; to have as remainder,还剩多少？,How much is left?
剩下,shèng xià,to remain; to be left over,蛋糕全剩下了。,The cake is all left over.
尸体,shī tǐ,dead body; corpse; carcass,他们发现了尸体。,They found the dead body.
失败,shī bài,to be defeated; to lose; to fail (e.g. experiments); failure; defeat,这次我失败了。,I failed this time.
失去,shī qù,to lose,我失去了机会。,I lost the opportunity.
失望,shī wàng,disappointed; to lose hope; to despair,我很失望。,I am disappointed.
失踪,shī zōng,to be missing; to disappear; unaccounted for,他失踪了。,He is missing.
诗,Shī,"abbr. for Shijing 诗经, the Book of Songs",我喜欢写诗。,I like writing poems.
湿,shī,variant of 湿,衣服湿了。,The clothes are wet.
十,shí,ten; 10,我十点见。,See you at ten o'clock.
十分,shí fēn,very; completely; utterly; extremely; absolutely; hundred percent; to divide into ten equal parts,我今天十分开心。,I am very happy today.
石头,shí tou,stone,地上有块石头。,There is a stone on the ground.
石油,shí yóu,oil; petroleum,中国有很多石油。,China has a lot of oil.
时,shí,old variant of 时,这时天气很好。,The weather is nice right now.
时代,Shí dài,"Time, US weekly news magazine",我们生活在新时代。,We live in a new era.
时光,shí guāng,time; era; period of time,时光过得真快。,Time passes so quickly.
时候,shí hou,time; length of time; moment; period,你什么时候来？,When are you coming?
时机,shí jī,opportunity; opportune moment,这是个好时机。,This is a good opportunity.
时间,shí jiān,time; period,我没有时间。,I don't have time.
时刻,shí kè,time; juncture; moment; period of time; constantly; always,他时刻关心我。,He always cares about me.
时期,shí qī,period; phase,那段时期真不错。,That period was really nice.
时尚,shí shàng,fashion; fad; fashionable,这件衣服很时尚。,This outfit is very fashionable.
实际,shí jì,reality; practice; practical; realistic; real; actual,实际成本是多少？,What is the actual cost?
实际上,shí jì shàng,in fact; in reality; as a matter of fact; in practice,实际上很简单。,Actually it is very simple.
实力,shí lì,strength,他们很有实力。,They have great strength.
实施,shí shī,to implement; to carry out,公司要实施新规了。,The company is implementing new rules now.
实现,shí xiàn,to achieve; to implement; to realize; to bring about,我终于实现了梦想。,I finally achieved my dream.
实验,shí yàn,experiment; test; experimental; to experiment,我们明天做实验。,We will do an experiment tomorrow.
实验室,shí yàn shì,laboratory,我们去实验室吧。,Let's go to the lab.
实在,shí zài,really; actually; indeed; true; real; honest; dependable; (philosophy) reality,我实在不知道。,I really don't know.
食品,shí pǐn,foodstuff; food; provisions,这些食品很新鲜。,These foods are very fresh.
食物,shí wù,food,这些食物很好吃。,This food is delicious.
使,shǐ,to make; to cause; to enable; to use; to employ; to send; to instruct sb to do sth; envoy; messenger,这使我很高兴。,This makes me very happy.
使得,shǐ de,usable; workable; feasible; doable; to make; to cause,你的帮助使得我成功。,Your help made me succeed.
使用,shǐ yòng,to use; to employ; to apply; to make use of,我会使用电脑。,I can use a computer.
始终,shǐ zhōng,from beginning to end; all along,我始终相信你。,I always believe in you.
士兵,shì bīng,soldier,他是新来的士兵。,He is a new soldier.
世纪,shì jì,century,我们活在二十一世纪。,We live in the 21st century.
世界,shì jiè,world,世界很大。,The world is big.
市,shì,market; city,我想去大城市。,I want to go to a big city.
市场,shì chǎng,marketplace; market (also in abstract),我们去市场吧。,Let's go to the market.
市民,shì mín,city resident,市民喜欢去公园。,City residents like going to the park.
市长,shì zhǎng,mayor,市长今天来了。,The mayor came today.
似的,shì de,seems as if; rather like; Taiwan pr. [sì de],他跑得像风似的。,He runs as if he were the wind.
似乎,sì hū,it seems; seemingly; as if,他似乎很高兴。,He seems very happy.
式,shì,type; form; pattern; style,喜欢这种式吗？,Do you like this style?
事,shì,matter; thing; item; work; affair,有事吗？,Do you need anything?
事故,shì gù,accident,路上发生了事故。,There was an accident on the road.
事件,shì jiàn,event; happening; incident,今天有个大事件。,There is a big event today.
事情,shì qing,affair; matter; thing; business,今天有什么事情？,Do you have anything to do today?
事实,shì shí,fact,这就是事实。,This is the fact.
事实上,shì shí shàng,in fact; in reality; actually; as a matter of fact; de facto; ipso facto,事实上他是对的。,"Actually, he is right."
事物,shì wù,thing; object,这些事物真有趣。,These things are really interesting.
事业,shì yè,"undertaking; project; activity; (charitable, political or revolutionary) cause; publicly funded institution, enterprise or foundation; career; occupation",我的事业刚开始。,My career just started.
视频,shì pín,video,这个视频很好。,This video is very good.
试,shì,to test; to try; experiment; examination; test,我试一下。,I'll try it.
试图,shì tú,to attempt; to try,他试图解释。,He tries to explain.
试验,shì yàn,experiment; test; to experiment; experimental,我们做个试验吧。,Let's do an experiment.
室,Shì,surname Shi,我姓室。,My surname is Shi.
是,shì,to be (followed by substantives only); correct; right; true; (respectful acknowledgement of a command) very well; (adverb for emphatic assertion),我是学生。,I am a student.
是不是,shì bù shì,is or isn't; yes or no; whether or not,你是不是学生？,Are you a student?
是否,shì fǒu,whether (or not); if; is or isn't,你是否需要帮忙？,Do you need help?
适当,shì dàng,suitable; appropriate,适当休息一下吧。,Take a suitable rest.
适合,shì hé,to fit; to suit,这件衣服很适合你。,This shirt suits you well.
适应,shì yìng,to adapt; to fit; to suit,我需要适应这里。,I need to get used to it here.
释放,shì fàng,to release; to set free; to liberate (a prisoner); to discharge,我想释放压力。,I want to relieve some stress.
收,shōu,to receive; to accept; to collect; to put away; to restrain; to stop; in care of (used on address line after name),我收到快递了。,I received the package.
收藏,shōu cáng,"to collect (works of art, dolls, antiques etc); to put away for safekeeping; (Internet) to bookmark; a collection",我喜欢收藏邮票。,I like collecting stamps.
收到,shōu dào,to receive,我收到你的消息了。,I received your message.
收获,shōu huò,variant of 收获,这次旅行收获很大。,This trip was very rewarding.
收集,shōu jí,to gather; to collect,我喜欢收集邮票。,I like collecting stamps.
收入,shōu rù,to take in; income; revenue,你的月收入多少？,How much is your monthly income?
收拾,shōu shi,to put in order; to tidy up; to pack; to repair; (coll.) to sort sb out; to fix sb,快收拾房间。,Hurry up and tidy the room.
手,shǒu,hand; (formal) to hold; person engaged in certain types of work; person skilled in certain types of work; personal(ly); convenient; classifier for skill,我手很冷。,My hands are cold.
手段,shǒu duàn,method; means (of doing sth); strategy; trick,别用这种手段。,Don't use this kind of trick.
手机,shǒu jī,cell phone; mobile phone,我的手机丢了。,I lost my phone.
手里,shǒu lǐ,in hand; (a situation is) in sb's hands,钱在我手里。,Money is in my hands.
手术,shǒu shù,(surgical) operation; surgery,他明天要做手术。,He is having surgery tomorrow.
手指,shǒu zhǐ,finger,我手指疼。,My finger hurts.
守,shǒu,to guard; to defend; to keep watch; to abide by the law; to observe (rules or ritual); nearby; adjoining,他守信用。,He keeps his word.
首,shǒu,"head; chief; first (occasion, thing etc); classifier for poems, songs etc",我写了一首新歌。,I wrote a new song.
首先,shǒu xiān,first (of all); in the first place,首先，我们先开始吧。,"First, let's get started."
受,shòu,to receive; to accept; to suffer; subjected to; to bear; to stand; pleasant; (passive marker),我受不了了。,I can't stand it.
受不了,shòu bù liǎo,unbearable; unable to endure; can't stand,这天气太热，我受不了。,I can't stand this heat.
受到,shòu dào,"to receive (praise, an education, punishment etc); to be ...ed (praised, educated, punished etc)",他受到了表扬。,He was praised.
受伤,shòu shāng,to sustain injuries; wounded (in an accident etc); harmed,他骑车受伤了。,He got hurt riding a bike.
授权,shòu quán,to authorize,请授权给我。,Please authorize me.
瘦,shòu,thin; to lose weight; (of clothing) tight; (of meat) lean; (of land) unproductive,你最近瘦了。,You've lost weight recently.
书,Shū,abbr. for 书经,我喜欢看书。,I like reading books.
叔叔,shū shu,father's younger brother; uncle; Taiwan pr. [shú shu],我叔叔住在北京。,My uncle lives in Beijing.
舒服,shū fu,comfortable; feeling well,这张床很舒服。,This bed is very comfortable.
输,shū,to lose; to be beaten; (bound form) to transport; (literary) to donate; to contribute; (coll.) to enter (a password),我输了。,I lost.
熟,shú,ripe; mature; thoroughly cooked; done; familiar; acquainted; experienced; skilled; (of sleep etc) deep; profound; also pr. [shóu],饭熟了。,The rice is cooked.
熟悉,shú xī,to be familiar with; to know well,我熟悉这个地方。,I am familiar with this place.
属,shǔ,category; genus (taxonomy); family members; dependents; to belong to; subordinate to; affiliated with; be born in the year of (one of the 12 animals); to be; to prove to be; to constitute,我属狗。,I am born in the year of the dog.
属于,shǔ yú,to be classified as; to belong to; to be part of,这本书属于我。,This book belongs to me.
鼠,shǔ,(bound form) rat; mouse,我家有只小老鼠。,I have a little mouse at home.
树,shù,tree; to cultivate; to set up,我喜欢这棵树。,I like this tree.
数,shǔ,to count; to count as; to regard as; to enumerate; to list,我们一起数星星吧。,Let's count the stars together.
数据,shù jù,data,数据发给我吧。,Please send me the data.
数量,shù liàng,amount; quantity; quantitative,数量是多少？,What's the amount?
数学,shù xué,mathematics; mathematical,我喜欢数学。,I like math.
数字,shù zì,numeral; digit; number; figure; amount; digital (electronics etc),我的幸运数字是七。,My lucky number is seven.
刷,shuā,to brush; to paint; to daub; to paste up; to skip class (of students); to fire from a job,我每天刷牙。,I brush my teeth every day.
耍,Shuǎ,surname Shua,别在这儿耍。,Don't play here.
摔,shuāi,to throw down; to fall; to drop and break,手机摔坏了。,The phone broke when it fell.
甩,shuǎi,to throw; to fling; to swing; to leave behind; to throw off; to dump (sb),他甩开了我的手。,He shook off my hand.
帅,Shuài,surname Shuai,我姓帅。,My surname is Shuai.
双,Shuāng,surname Shuang,我朋友姓双。,My friend's surname is Shuang.
双方,shuāng fāng,bilateral; both sides; both parties involved,双方都同意了。,Both sides agreed.
双手,shuāng shǒu,both hands,我用双手抱你,I hug you with both hands.
爽,shuǎng,bright; clear; crisp; open; frank; straightforward; to feel well; fine; pleasurable; invigorating; to deviate,今天天气真爽。,The weather is so refreshing today.
谁,shéi,who; also pr. [shuí],你是谁？,Who are you?
水,Shuǐ,surname Shui,我姓水。,My surname is Shui.
水果,shuǐ guǒ,fruit,我喜欢吃水果。,I like eating fruit.
水平,shuǐ píng,level (of achievement etc); standard; horizontal,他的中文水平很高。,His Chinese level is very high.
税,shuì,taxes; duties,我要交税。,I need to pay taxes.
睡,shuì,to sleep; to lie down,今天早点睡。,Go to bed early today.
睡觉,shuì jiào,to go to bed; to sleep,我想睡觉了。,I want to go to sleep now.
睡着,shuì zháo,to fall asleep,我昨晚睡着了。,I fell asleep last night.
顺,shùn,to obey; to follow; to arrange; to make reasonable; along; favorable,顺路回家吧。,Let's go home on the way.
顺便,shùn biàn,conveniently; in passing; without much extra effort,我去超市，顺便买牛奶。,I'll go to the supermarket and buy milk on the way.
顺利,shùn lì,smoothly; without a hitch,祝你一切顺利！,May everything go smoothly for you!
瞬间,shùn jiān,in an instant; in a flash,我瞬间懂了。,I understood in an instant.
说,shuì,to persuade,谋士说王。,The advisor persuaded the king.
说法,shuō fǎ,to expound Buddhist teachings,师父正在说法。,The master is expounding Buddhist teachings.
说话,shuō huà,to speak; to say; to talk; to gossip; to tell stories; talk; word,他平时不爱说话。,He usually doesn't like to talk.
说明,shuō míng,to explain; to illustrate; to indicate; to show; to prove; explanation; directions; caption,请说明原因。,Please explain the reason.
说实话,shuō shí huà,to speak the truth; truth to tell; frankly,说实话，我不知道。,"Frankly, I don't know."
丝,sī,"silk; thread; trace; (cuisine) shreds or julienne strips; classifier: a thread (of cloud, smoke etc), a bit, an iota, a hint (of sth) etc",这是一条丝巾。,This is a silk scarf.
司法,sī fǎ,judicial; (administration of) justice,司法很重要。,Justice is very important.
司机,sī jī,chauffeur; driver,我的司机来了。,My driver has arrived.
私人,sī rén,private; personal; interpersonal; sb with whom one has a close personal relationship; a member of one's clique,这是私人的事。,It's a personal matter.
思考,sī kǎo,to reflect on; to ponder over,我需要思考一下。,I need to think about it.
思维,sī wéi,(line of) thought; thinking,你的思维很清晰。,Your thinking is very clear.
思想,sī xiǎng,thought; thinking; idea; ideology,换种思想试试。,Try changing your mindset.
死,sǐ,to die; impassable; uncrossable; inflexible; rigid; extremely; damned,他死了。,He died.
死亡,sǐ wáng,to die; death,他因意外死亡了。,He died in an accident.
四,sì,four; 4,我们四点见。,Let's meet at four o'clock.
松,Sōng,surname Song,松老师来了。,Teacher Song is here.
送,sòng,to send; to deliver; to transmit; to give (as a present); to see (sb) off; to accompany; to go along with,我送你回家。,I'll take you home.
送给,sòng gěi,to send; to give as a present,我把书送给你。,I'll give you the book.
搜,sōu,to search,我去搜一下。,I'll search for it.
搜索,sōu suǒ,to search (a place); to search (a database); to search for (sth),我在网上搜索。,I am searching online.
艘,sōu,classifier for ships; Taiwan pr. [sāo],我们租了一艘船。,We rented a boat.
素,sù,"raw silk; white; plain, unadorned; vegetarian (food); essence; nature; element; constituent; usually; always; ever",我喜欢吃素。,I like eating vegetarian food.
速度,sù dù,speed; rate; velocity; (music) tempo,你的速度真快！,Your speed is really fast!
诉讼,sù sòng,lawsuit,我们不想提诉讼。,We don't want to file a lawsuit.
酸,suān,sour; tart; sick at heart; grieved; sore; aching; pedantic; impractical; to make sarcastic remarks about sb; an acid,这柠檬真酸。,This lemon is really sour.
算,suàn,to regard as; to figure; to calculate; to compute,你算一下多少钱。,Calculate how much it costs.
算了,suàn le,let it be; let it pass; forget about it,算了，不去了。,"Forget it, I'm not going."
算是,suàn shì,considered to be; at last,这算是我的错。,This is considered my fault.
虽然,suī rán,although; even though (often used correlatively with 是 or 是 etc),虽然下雨，我不去。,"Although it's raining, I won't go."
随,Suí,surname Sui,他姓随。,He is surnamed Sui.
随便,suí biàn,as one wishes; as one pleases; at random; negligent; casual; wanton,你想吃什么？随便。,What do you want to eat? Anything is fine.
随后,suí hòu,soon after,我先吃饭，随后去睡觉。,"I will eat first, then go to sleep."
随时,suí shí,at any time; at all times; at the right time; whenever necessary,有事随时找我。,Contact me anytime.
随意,suí yì,as one wishes; according to one's wishes; at will; voluntary; conscious,座位你随意。,Sit wherever you like.
随着,suí zhe,along with; in the wake of; following,随着长大，我懂了。,"As I grew up, I understood."
岁,suì,"variant of 岁, year; years old",我今年三岁。,I am three years old this year.
碎,suì,(transitive or intransitive verb) to break into pieces; to shatter; to crumble; broken; fragmentary; scattered; garrulous,杯子碎了。,The cup broke.
损伤,sǔn shāng,to harm; to damage; to injure; impairment; loss; disability,吸烟会损伤肺部。,Smoking damages the lungs.
损失,sǔn shī,loss; damage; to lose; to suffer damage,这次损失很大。,The loss this time is huge.
所,suǒ,"actually; place; classifier for houses, small buildings, institutions etc; that which; particle introducing a relative clause or passive",这是一所学校。,This is a school.
所谓,suǒ wèi,so-called; what is called,所谓的专家也不一定对。,So-called experts aren't always right.
所以,suǒ yǐ,therefore; as a result; so; the reason why,他病了，所以没来。,"He was sick, so he didn't come."
所有,suǒ yǒu,all; to have; to possess; to own,所有人都在吗？,Is everyone here?
所在,suǒ zài,place; location; (after a noun) place where it is located,公司的所在在市区。,The company's location is in the city.
锁,suǒ,to lock; to lock up; a lock,请锁门。,Please lock the door.
他,tā,he; him (used for either sex when the sex is unknown or unimportant); (used before sb's name for emphasis); (used as a meaningless mock object); (literary) other,他是我朋友。,He is my friend.
他们,tā men,they,他们去学校。,They go to school.
他人,tā rén,another person; sb else; other people,请尊重他人。,Please respect others.
它,tā,it,我喜欢它。,I like it.
它们,tā men,they (for inanimate objects),它们在桌子上。,They are on the table.
她,tā,she,她喜欢唱歌。,She likes to sing.
她们,tā men,they; them (for females),她们是我的朋友。,They are my friends.
塔,tǎ,pagoda; tower; minaret; stupa (abbr. loanword from Sanskrit tapo),我们去看那座塔。,We are going to see that tower.
踏,tā,see 踏实,他做事很踏实。,He works very reliably.
台,Tái,Taiwan (abbr.); surname Tai,我朋友姓台。,My friend's surname is Tai.
抬,tái,to lift; to raise; (of two or more persons) to carry,请帮我抬箱子。,Please help me lift the box.
太,tài,highest; greatest; too (much); very; extremely,今天太热了。,It is too hot today.
太空,tài kōng,outer space,我想去太空。,I want to go to outer space.
太太,tài tai,married woman; Mrs.; Madam; wife,我太太在家。,My wife is at home.
太阳,tài yang,sun; abbr. for 太阳穴,太阳出来了。,The sun is out.
态度,tài du,manner; bearing; attitude; approach,他的态度很好。,His attitude is very good.
谈,Tán,surname Tan,谈老师来了。,Teacher Tan is here.
谈话,tán huà,to talk (with sb); to have a conversation; talk; conversation,我想和你谈话。,I want to have a conversation with you.
谈判,tán pàn,to negotiate; negotiation; talks; conference,我们去谈判吧。,Let's go negotiate.
探,tàn,to explore; to search out; to scout; to visit; to stretch forward,我想去探险。,I want to go exploring.
汤,Tāng,surname Tang,汤先生来了。,Mr. Tang is here.
堂,táng,"(main) hall; large room for a specific purpose; relationship between cousins etc on the paternal side of a family; of the same clan; classifier for classes, lectures etc; classifier for sets of furniture",今天有三堂课。,There are three classes today.
糖,táng,sugar; sweets; candy,我喜欢吃糖。,I like eating candy.
躺,tǎng,to recline; to lie down,我想躺一会儿。,I want to lie down for a while.
趟,tāng,old variant of 趟,我去一趟。,I will go there.
逃,táo,to escape; to run away; to flee,他逃走了。,He ran away.
淘汰,táo tài,to wash out; (fig.) to cull; to weed out; to eliminate; to die out; to phase out,旧手机被淘汰了。,Old phones are phased out.
讨论,tǎo lùn,to discuss; to talk over,我们讨论一下。,Let's discuss it.
讨厌,tǎo yàn,to dislike; to loathe; disagreeable; troublesome; annoying,我讨厌下雨。,I hate rain.
套,tào,"to cover; to encase; cover; sheath; to overlap; to interleave; to model after; to copy; formula; harness; loop of rope; (fig.) to fish for; to obtain slyly; classifier for sets, collections; bend (of a river or mountain range, in place names); tau (Greek letter Ττ)",我买了一套书。,I bought a set of books.
特,tè,"special; unique; distinguished; especially; unusual; very; abbr. for 斯, tex",我特想去。,I really want to go.
特别,tè bié,unusual; special; very; especially; particularly; expressly; for a specific purpose; (often followed by 是) in particular,我今天特别开心。,I'm very happy today.
特殊,tè shū,special; particular; unusual; extraordinary,这是特殊情况。,This is a special situation.
特征,tè zhēng,characteristic; diagnostic property; distinctive feature; trait,他的特征是爱笑。,His trait is loving to smile.
疼,téng,(it) hurts; sore; to love dearly,我肚子疼。,My stomach hurts.
疼痛,téng tòng,pain; (of a body part) to be painful; to be sore; to hurt; (of a person) to be in pain,我的头有点疼痛。,My head hurts a little.
踢,tī,to kick; to play (e.g. soccer); (slang) butch (in a lesbian relationship),我们去踢足球吧。,Let's go play soccer.
提,dī,used in 防 and 溜,出门要提防小偷。,Be careful of pickpockets when going out.
提出,tí chū,to raise (an issue); to propose; to put forward; to suggest; to post (on a website); to withdraw (cash),他提出了一个好主意。,He proposed a good idea.
提到,tí dào,to mention; to raise (a subject); to refer to,他提到明天开会。,He mentioned tomorrow's meeting.
提高,tí gāo,to raise; to increase; to improve,我要提高成绩。,I want to improve my grades.
提供,tí gōng,to offer; to supply; to provide; to furnish,公司提供免费午餐。,The company provides free lunch.
提起,tí qǐ,"to mention; to speak of; to lift; to pick up; to arouse; to raise (a topic, a heavy weight, one's fist, one's spirits etc)",你提起过他吗？,Have you mentioned him?
提前,tí qián,to shift to an earlier date; to do sth ahead of time; in advance,我们提前走吧。,Let's leave early.
提升,tí shēng,to promote (to a higher-ranking position); to lift; to hoist; (fig.) to elevate; to raise; to improve,我想提升自己的能力。,I want to improve my skills.
提示,tí shì,to point out; to remind (sb of sth); to suggest; suggestion; tip; reminder; notice,谢谢你的提示。,Thanks for your tip.
提醒,tí xǐng,to remind; to call attention to; to warn of,请提醒我明天开会。,Please remind me about tomorrow's meeting.
题,Tí,surname Ti,这道题很难。,This question is very hard.
体会,tǐ huì,to know from experience; to learn through experience; to realize; understanding; experience,你会有体会的。,You'll come to understand through experience.
体验,tǐ yàn,to experience for oneself,我想亲自体验。,I want to experience it myself.
体育,tǐ yù,sports; physical education,我喜欢体育。,I like sports.
替,tì,to substitute for; to take the place of; to replace; for; on behalf of; to stand in for,我替你去吧。,I'll go for you.
天,tiān,day; sky; heaven,今天天气很好。,The weather is very nice today.
天空,tiān kōng,sky,我喜欢看天空。,I like looking at the sky.
天气,tiān qì,weather,今天天气很好。,The weather is great today.
天使,tiān shǐ,angel,你是我的小天使。,You are my little angel.
天堂,tiān táng,paradise; heaven,这里就是天堂。,This place is paradise.
天下,tiān xià,land under heaven; the whole world; the whole of China; realm; rule,天下真大啊！,The world is really big!
田,Tián,surname Tian,我姓田。,My surname is Tian.
甜,tián,sweet,这苹果很甜。,This apple is very sweet.
挑,tiāo,to carry on a shoulder pole; to choose; to pick; to nitpick,你挑一件吧。,You pick one.
挑战,tiǎo zhàn,to challenge; challenge,我想挑战你。,I want to challenge you.
条,tiáo,"strip; item; article; clause (of law or treaty); classifier for long thin things (ribbon, river, road, trousers etc)",我买了一条裤子。,I bought a pair of trousers.
条件,tiáo jiàn,condition; circumstance; term; factor; requirement; prerequisite; qualification; situation; state; condition,你有什么条件？,What are the conditions?
跳,tiào,to jump; to hop; to skip over; to bounce; to palpitate,他跳得很高。,He jumps very high.
跳舞,tiào wǔ,to dance,我喜欢跳舞。,I like to dance.
贴,tiē,to stick; to paste; to post (e.g. on a blog); to keep close to; to fit snugly; to subsidize; allowance (e.g. money for food or housing); sticker; classifier for sticking plaster: strip,我在墙上贴了海报。,I pasted a poster on the wall.
铁,Tiě,surname Tie,我姓铁。,My surname is Tie.
厅,tīng,(reception) hall; living room; office; provincial government department,我们在客厅看电视。,We watch TV in the living room.
听,yǐn,smile (archaic),请仔细听。,Please listen carefully.
听到,tīng dào,to hear,你听到音乐了吗？,Did you hear the music?
听见,tīng jiàn,to hear,你听见了吗？,Did you hear that?
听说,tīng shuō,to hear (sth said); one hears (that); hearsay; listening and speaking,听说你要来。,I heard you're coming.
停,tíng,to stop; to halt; to park (a car),请在这里停。,Please stop here.
停车,tíng chē,to pull up (stop one's vehicle); to park; (of a machine) to stop working; to stall,前面可以停车吗？,Can I park in front?
停下,tíng xià,to stop,请停下吧。,Please stop.
停止,tíng zhǐ,to stop; to halt; to cease,请停止说话。,Please stop talking.
挺,tǐng,straight; erect; to stick out (a part of the body); to (physically) straighten up; to support; to withstand; outstanding; (coll.) quite; very; classifier for machine guns,今天天气挺好的。,The weather is quite nice today.
通,tōng,"to go through; to know well; (suffix) expert; to connect; to communicate; open; to clear; classifier for letters, telegrams, phone calls etc",网不通了。,The internet isn't connecting.
通常,tōng cháng,regular; usual; normal; usually; normally,我通常七点起床。,I usually wake up at seven.
通道,Tōng dào,"Tongdao Dong autonomous county in Huaihua 怀化, Hunan",请走安全通道。,Please use the safety passage.
通过,tōng guò,to pass through; to get through; to adopt (a resolution); to pass (legislation); to pass (a test); by means of; through; via,我通过了考试。,I passed the test.
通讯,tōng xùn,communications; news story; dispatch,我们靠手机通讯。,We communicate via mobile phones.
通知,tōng zhī,to notify; to inform; notice; notification,我会通知你。,I will notify you.
同,tóng,like; same; similar; together; alike; with,我们同班。,We are in the same class.
同时,tóng shí,at the same time; simultaneously,我们同时出发吧。,Let's leave at the same time.
同事,tóng shì,colleague; co-worker,我的同事很友好。,My colleague is very friendly.
同学,tóng xué,to study at the same school; fellow student; classmate,他是我的同学。,He is my classmate.
同样,tóng yàng,same; equal; equivalent,我们同样喜欢音乐。,We both like music equally.
同意,tóng yì,to agree; to consent; to approve,我完全同意。,I completely agree.
同志,tóng zhì,comrade; (slang) homosexual,你好，同志。,"Hello, comrade."
统计,tǒng jì,statistics; to count; to add up,请统计一下人数。,Please count the number of people.
统一,tǒng yī,to unify; to integrate; unified; integrated,我们统一意见吧。,Let's all agree on the same thing.
桶,tǒng,bucket; (trash) can; barrel (of oil etc),请给我一桶水。,Please give me a bucket of water.
痛,tòng,ache; pain; sorrow; deeply; thoroughly,我肚子痛。,I have a stomachache.
痛苦,tòng kǔ,pain; suffering; painful,心里真痛苦。,I feel so much pain inside.
偷,tōu,to steal; to pilfer; to snatch; thief; stealthily,他偷了我的钱。,He stole my money.
头,tóu,head; hair style; the top; end; beginning or end; a stub; remnant; chief; boss; side; aspect; first; leading; classifier for pigs or livestock,我头疼。,My head hurts.
头部,tóu bù,head,你的头部还好吗？,Is your head okay?
头发,tóu fa,hair (on the head),你的头发很长。,Your hair is very long.
投,tóu,to cast; to send; to throw oneself (into the river etc); to seek refuge; to place oneself into the hands of,你投票了吗？,Did you cast your vote?
投票,tóu piào,to vote; vote,我们一起投票吧。,Let's vote together.
投入,tóu rù,to throw into; to put into; to throw oneself into; to participate in; to invest in; absorbed; engrossed,他投入了全部精力。,He devoted all his energy.
投诉,tóu sù,complaint; to complain; to register a complaint (esp. as a customer),我要投诉这家店。,I want to complain about this store.
投资,tóu zī,investment; to invest,我想投资。,I want to invest.
透,tòu,(bound form) to penetrate; to seep through; to tell secretly; to leak; thoroughly; through and through; to appear; to show,衣服湿透了。,The clothes are completely soaked through.
透露,tòu lù,to leak out; to divulge; to reveal,他透露了消息。,He revealed the news.
突出,tū chū,prominent; outstanding; to give prominence to; to protrude; to project,他的成绩很突出。,His grades are very outstanding.
突破,tū pò,to break through; to make a breakthrough; to surmount (an obstacle); (sports) to break through the opponent's defense,我们突破了纪录。,We broke the record.
突然,tū rán,sudden; abrupt; unexpected,他突然走了。,He suddenly left.
图,tú,diagram; picture; drawing; chart; map; to plan; to scheme; to attempt; to pursue; to seek,请看这张图。,Please look at this picture.
图片,tú piàn,picture; photograph,我喜欢这张图片。,I like this picture.
图书馆,tú shū guǎn,library,我们去图书馆吧。,Let's go to the library.
土,Tǔ,Tu (ethnic group); surname Tu,他姓土。,He is surnamed Tu.
土地,tǔ dì,land; soil; territory,我们有一块土地。,We have a piece of land.
吐,tǔ,"to spit; to send out (silk from a silkworm, bolls from cotton flowers etc); to say; to pour out (one's grievances)",别随地吐痰。,Don't spit on the ground.
涂,tú,to apply (paint etc); to smear; to daub; to blot out; to scribble; to scrawl; (literary) mud; street,请涂点胶水。,Please apply some glue.
团,tuán,"round; lump; ball; to roll into a ball; to gather; regiment; group; society; classifier for a lump or a soft mass: wad (of paper), ball (of wool), cloud (of smoke)",他把纸揉成一团。,He rolled the paper into a ball.
团队,tuán duì,team,我们团队很棒。,Our team is great.
团结,tuán jié,to unite; unity; solidarity; united,大家很团结。,Everyone is very united.
团体,tuán tǐ,group; organization; team,我们是志愿者团体。,We are a volunteer group.
推,tuī,to push; to cut; to refuse; to reject; to decline; to shirk (responsibility); to put off; to delay; to push forward; to nominate; to elect; massage,请你推开门。,Please push the door open.
推荐,tuī jiàn,to recommend; recommendation,我推荐这本书。,I recommend this book.
推进,tuī jìn,to impel; to carry forward; to push on; to advance; to drive forward,我们推进项目。,We are advancing the project.
腿,tuǐ,leg,我的腿很痛。,My leg hurts.
退,tuì,to retreat; to withdraw; to reject; to return (sth); to decline,我想退货。,I want to return this item.
退出,tuì chū,to withdraw; to abort; to quit; to log out (computing),我想退出群聊。,I want to quit the group chat.
退休,tuì xiū,to retire (from the workforce); to go into retirement,我想早点退休。,I want to retire early.
托,tuō,prop; support (for weight); rest (e.g. arm rest); thanks to; to hold in one's hand; to support in one's palm; to give; to base; to commit; to set; torr (unit of pressure),他用手托着下巴。,He rests his chin on his hand.
拖,tuō,variant of 拖,我明天拖地。,I will mop the floor tomorrow.
脱,tuō,to shed; to take off; to escape; to get away from,我脱了外套。,I took off my jacket.
挖,wā,to dig; to excavate; to scoop out,他在挖坑。,He is digging a hole.
瓦,wǎ,roof tile; abbr. for 特,这是一片瓦。,This is a roof tile.
哇,wā,Wow!; sound of a child's crying; sound of vomiting,哇，好漂亮！,"Wow, so beautiful!"
外,wài,outside; in addition; foreign; external,我在外面等你。,I'm waiting for you outside.
外面,wài miàn,outside (also pr. [wài mian] for this sense); surface; exterior; external appearance,外面下雨了。,It's raining outside.
外套,wài tào,coat; jacket,记得带外套哦。,Remember to bring a coat.
完,wán,to finish; to be over; whole; complete; entire,我写完作业了。,I finished my homework.
完毕,wán bì,to finish; to end; to complete,任务完毕，可以走了。,"Task done, we can leave."
完成,wán chéng,to complete; to accomplish,我完成了作业。,I finished my homework.
完美,wán měi,perfect,这个设计真完美。,This design is really perfect.
完全,wán quán,complete; whole; totally; entirely,我完全同意。,I completely agree.
完整,wán zhěng,complete; intact,他的回答很完整。,His answer is very complete.
玩,wán,to play; to have fun; to trifle with; toy; sth used for amusement; curio or antique (Taiwan pr. [wàn]); to keep sth for entertainment,我们出去玩吧。,Let's go out and play.
玩具,wán jù,plaything; toy,我喜欢这个玩具。,I like this toy.
晚,wǎn,evening; night; late,今晚吃什么？,What are we eating tonight?
晚安,wǎn ān,Good night!; Good evening!,晚安，好梦。,"Good night, sweet dreams."
晚餐,wǎn cān,evening meal; dinner,晚餐吃什么？,What's for dinner?
晚饭,wǎn fàn,evening meal; dinner; supper,晚饭吃什么？,What's for dinner?
晚会,wǎn huì,evening party,我们今晚去晚会。,We are going to the evening party tonight.
晚上,wǎn shang,evening; night; in the evening,我们晚上见。,See you tonight.
碗,wǎn,variant of 碗,请给我一碗面。,Please give me a bowl of noodles.
万,mò,used in 俟,我有一万块钱。,I have ten thousand yuan.
万一,wàn yī,just in case; if by any chance; contingency,带把伞，万一下雨。,"Bring an umbrella, just in case it rains."
王,Wáng,surname Wang,我姓王。,My surname is Wang.
王子,wáng zǐ,prince; son of a king,我想见王子。,I want to see the prince.
网,wǎng,net; network,我喜欢上网。,I like to go online.
网络,Wǎng luò,Internet,我喜欢用网络。,I like using the internet.
网上,wǎng shàng,online,我在网上买东西。,I shop online.
网站,wǎng zhàn,website; network station; node,这个网站很好用。,This website is very easy to use.
往,wǎng,to go (in a direction); to; towards; (of a train) bound for; past; previous,请往这边走。,Please come this way.
忘,wàng,to forget; to overlook; to neglect,我忘了带钥匙。,I forgot to bring my keys.
忘记,wàng jì,to forget,我忘记带伞了。,I forgot to bring my umbrella.
望,wàng,full moon; to hope; to expect; to visit; to gaze (into the distance); to look towards; towards,他望著窗外。,He looks out the window.
危机,wēi jī,crisis,经济危机来了。,The economic crisis is here.
危险,wēi xiǎn,danger; dangerous,这里太危险了。,It's too dangerous here.
威胁,wēi xié,to threaten; to menace,别威胁我！,Don't threaten me!
微笑,wēi xiào,smile; to smile,她对我微笑。,She smiled at me.
围,Wéi,surname Wei,他姓围。,He is surnamed Wei.
违法,wéi fǎ,illegal; to break the law,这违法吗？,Is this illegal?
违反,wéi fǎn,to violate (a law),你违反法律了。,You violated the law.
唯,wéi,"only; alone; -ism (in Chinese, a prefix, often combined with a suffix such as 主义 or 论, e.g. 唯理论, rationalism)",唯有你能行。,Only you can do it.
唯一,wéi yī,only; sole,你是我的唯一。,You are my only one.
维持,wéi chí,to keep; to maintain; to preserve,他努力维持生活。,He works hard to make a living.
维护,wéi hù,to defend; to safeguard; to protect; to uphold; to maintain,我要维护我的权利。,I want to defend my rights.
伟大,wěi dà,huge; great; grand; worthy of the greatest admiration; important (contribution etc),妈妈真伟大。,Mom is so great.
委托,wěi tuō,to entrust; to trust; to commission,我委托朋友帮忙。,I entrusted a friend to help me.
委员会,wěi yuán huì,committee,委员会今天开会。,The committee is meeting today.
卫生,wèi shēng,health; hygiene; sanitation,这里很卫生。,This place is very hygienic.
卫星,wèi xīng,satellite; moon,天上有一颗卫星。,There is a satellite in the sky.
为,wéi,as (in the capacity of); to take sth as; to act as; to serve as; to behave as; to become; to be; to do; by (in the passive voice),他为班长。,He is the class monitor.
为此,wèi cǐ,for this reason; with regards to this; in this respect; in order to do this; to this end,为此我存了好多钱。,I saved a lot of money for this.
为何,wèi hé,why,你为何不来？,Why aren't you coming?
为了,wèi le,for; for the purpose of; in order to,为了健康，我多运动。,"For my health, I exercise more."
为什么,wèi shén me,why?; for what reason?,你为什么迟到？,Why are you late?
为止,wéi zhǐ,until; (used in combination with words like 到 or 至 in constructs of the form 到...到...为止),我等到八点为止。,I will wait until eight o'clock.
未,wèi,"not yet; did not; have not; not; 8th earthly branch: 1-3 p.m., 6th solar month (7th July-6th August), year of the Sheep; ancient Chinese compass point: 210°",他未到。,He hasn't arrived yet.
未来,wèi lái,future; tomorrow; approaching; coming; pending,未来会更好。,The future will be better.
位,wèi,position; location; place; seat; classifier for people (honorific); classifier for binary bits (e.g. 十六位 16-bit or 2 bytes); (physics) potential,我的位在左边。,My seat is on the left.
位于,wèi yú,to be located at; to be situated at; to lie,学校位于市中心。,The school is located in the city center.
位置,wèi zhi,position; place; seat,这个位置很好。,This place is good.
味道,wèi dao,flavor; taste; (fig.) feeling (of ...); sense (of ...); hint (of ...); (fig.) interest; delight; (dialect) smell; odor,这汤味道很好。,This soup tastes great.
胃,wèi,stomach,我胃不舒服。,My stomach feels uncomfortable.
喂,wéi,hello (when answering the phone),喂，你好！,Hello!
温度,wēn dù,temperature,今天温度多少？,What's the temperature today?
温暖,wēn nuǎn,warm,阳光很温暖。,The sunshine is very warm.
温柔,wēn róu,gentle and soft; tender; sweet (commonly used to describe a girl or woman),她说话很温柔。,She speaks very gently.
文,Wén,surname Wen,我姓文。,My surname is Wen.
文化,wén huà,culture; civilization; cultural,我喜欢中国文化。,I like Chinese culture.
文件,wén jiàn,document; file,请发给我文件。,Please send me the file.
文明,wén míng,civilized; civilization; culture,我们要讲文明。,We should be polite and civilized.
文章,wén zhāng,article; essay; literary works; writings; hidden meaning,我写了一篇文章。,I wrote an article.
闻,Wén,surname Wen,我姓闻。,My surname is Wen.
吻,wěn,kiss; to kiss; mouth,我想吻你。,I want to kiss you.
稳,wěn,settled; steady; stable,他走路很稳。,He walks very steadily.
稳定,wěn dìng,steady; stable; stability; to stabilize; to pacify,工作很稳定。,My job is very stable.
问,wèn,to ask; to inquire,我可以问你吗？,Can I ask you?
问题,wèn tí,question; problem; issue; topic,我有个问题。,I have a question.
我,wǒ,I; me; my,我是学生。,I am a student.
我们,wǒ men,we; us; ourselves; our,我们一起去吃饭吧。,Let's go eat together.
污染,wū rǎn,to pollute; to contaminate (lit. and fig.),别污染这里的水。,Don't pollute the water here.
屋,wū,(bound form) house; (bound form) room,我的小屋很干净。,My small room is very clean.
无,wú,not to have; no; none; not; to lack; un-; -less,我一无所有,I have nothing.
无比,wú bǐ,incomparable; matchless,他无比开心。,He is incomparably happy.
无法,wú fǎ,unable; incapable,我无法回答。,I can't answer.
无关,wú guān,unrelated; having nothing to do (with sth else),这跟你无关。,It has nothing to do with you.
无聊,wú liáo,bored; boring; senseless,今天好无聊。,Today is so boring.
无论,wú lùn,no matter what or how; regardless of whether...,无论多忙，都要吃饭。,"No matter how busy, always eat."
无数,wú shù,countless; numberless; innumerable,我有无数问题。,I have countless questions.
无疑,wú yí,undoubtedly; without doubt; for sure,他无疑是对的。,He is undoubtedly right.
五,wǔ,five; 5,我五点起床。,I get up at five o'clock.
武器,wǔ qì,weapon; arms,这把武器很重。,This weapon is heavy.
武装,wǔ zhuāng,arms; equipment; to arm; military; armed (forces),他们全副武装。,They are fully armed.
舞,wǔ,to dance; to wield; to brandish,她在跳舞。,She is dancing.
舞蹈,wǔ dǎo,dance (performance art); dancing,我想学舞蹈。,I want to learn dance.
舞台,wǔ tái,(lit. and fig.) stage; arena,他在舞台上唱歌。,He sings on stage.
物品,wù pǐn,articles; goods,请带走你的物品。,Please take your items.
物质,wù zhì,matter; substance; material; materialistic,物质确实很重要。,Material things are indeed very important.
吸,xī,to breathe; to suck in; to absorb; to inhale,请深呼吸。,Please take a deep breath.
吸引,xī yǐn,to attract; to appeal to; to fascinate,这本书很吸引我。,This book really attracts me.
希望,xī wàng,to hope; a hope; a wish,我希望你喜欢。,I hope you like it.
牺牲,xī shēng,to sacrifice one's life; to sacrifice (sth valued); beast slaughtered as a sacrifice,他为了救人牺牲了。,He sacrificed himself to save someone.
习惯,xí guàn,habit; custom; usual practice; to be used to,这是个好习惯。,This is a good habit.
袭击,xí jī,attack (esp. surprise attack); raid; to attack,敌人袭击了我们的村庄。,The enemy attacked our village.
洗,xǐ,to wash; to bathe; to develop (photographs); to shuffle (cards etc); to erase (a recording),我去洗澡了。,I'm going to take a shower.
洗澡,xǐ zǎo,to bathe; to take a shower,我想去洗澡。,I want to take a shower.
喜欢,xǐ huan,to like; to be fond of,我喜欢苹果。,I like apples.
戏,xì,variant of 戏,我们去看戏吧。,Let's go watch a play.
系,xì,to connect; to relate to; to tie up; to bind; to be (literary),请系好安全带,Please fasten your seatbelt.
系列,xì liè,series; set,喜欢这个系列吗？,Do you like this series?
系统,xì tǒng,system,这个系统很好用。,This system is very easy to use.
细,xì,thin or slender; finely particulate; thin and soft; fine; delicate; trifling; (of a sound) quiet; frugal,头发很细。,The hair is very fine.
细胞,xì bāo,cell (biology),人体有很多细胞。,The human body has many cells.
细节,xì jié,details; particulars,细节很重要。,Details are important.
西,Xī,the West; abbr. for Spain 牙; Spanish,他爱吃西餐。,He likes Western food.
西部,xī bù,western part,他住在西部。,He lives in the western part.
瞎,xiā,blind; groundlessly; foolishly; to no purpose,别瞎说。,Don't talk nonsense.
下,xià,"down; downwards; below; lower; later; next (week etc); second (of two parts); to decline; to go down; to arrive at (a decision, conclusion etc); measure word to show the frequency of an action",请等一下。,Please wait a moment.
下班,xià bān,to finish work; to get off work,你几点下班？,What time do you get off work?
下次,xià cì,next time,我们下次见。,See you next time.
下降,xià jiàng,to decline; to drop; to fall; to go down; to decrease,气温下降了。,The temperature dropped.
下来,xià lai,"to come down; (completed action marker); (after verb of motion, indicates motion down and towards us, also fig.); (indicates continuation from the past towards us); to be harvested (of crops); to be over (of a period of time); to go among the masses (said of leaders)",你快下来吧。,Come down quickly.
下面,xià miàn,below; under; next; the following; also pr. [xià mian],答案在下面。,The answer is below.
下去,xià qù,to go down; to descend; to go on; to continue; (of a servant) to withdraw,请继续说下去。,Please keep talking.
下午,xià wǔ,afternoon; p.m.,你下午有空吗？,Are you free this afternoon?
吓,hè,to scare; to intimidate; to threaten; (interjection showing disapproval) tut-tut; (interjection showing astonishment),别拿话吓他。,Don't threaten him with words.
夏,Xià,the Xia or Hsia dynasty c. 2000 BC; Xia of the Sixteen Kingdoms (407-432); surname Xia,我姓夏。,I'm surnamed Xia.
夏天,xià tiān,summer,我喜欢夏天。,I like summer.
先,xiān,early; prior; former; in advance; first,我先走了。,I'll leave first.
先进,xiān jìn,advanced (technology); to advance,这技术真先进。,This technology is really advanced.
先生,xiān sheng,teacher; gentleman; sir; mister (Mr.); husband; (dialect) doctor,请问先生贵姓？,"May I ask your surname, sir?"
显,xiǎn,to make visible; to reveal; prominent; conspicuous; (prefix) phanero-,这衣服很显眼。,This shirt is very conspicuous.
显得,xiǎn de,to seem; to look; to appear,你穿这件显得很高。,You look tall in this outfit.
显然,xiǎn rán,clearly; evidently; obviously,显然他错了。,Obviously he is wrong.
显示,xiǎn shì,to show; to illustrate; to display; to demonstrate,手机显示电量。,The phone shows the battery level.
显著,xiǎn zhù,outstanding; notable; remarkable; statistically significant,他的进步显著。,His progress is remarkable.
险,xiǎn,danger; dangerous; rugged,这路很险。,This road is very dangerous.
县,xiàn,county,我家在隔壁县。,My family lives in the neighboring county.
现场,xiàn chǎng,"the scene (of a crime, accident etc); (on) the spot; (at) the site",我们直接去现场吧。,Let's go to the site directly.
现代,Xiàn dài,"Hyundai, South Korean company",我开现代。,I drive a Hyundai.
现金,xiàn jīn,cash,我只带现金。,I only brought cash.
现实,xiàn shí,reality; actuality; real; actual; realistic; pragmatic; materialistic; self-interested,面对现实吧。,Face reality.
现象,xiàn xiàng,phenomenon; appearance,这种现象很正常。,This phenomenon is very normal.
现在,xiàn zài,now; at present; at the moment; modern; current; nowadays,我现在在家。,I am at home now.
线,xiàn,variant of 线,请给我一根线。,Please give me a string.
线索,xiàn suǒ,trail; clues; thread (of a story),你找到线索了吗？,Did you find the clues?
限制,xiàn zhì,to restrict; to limit; to confine; restriction; limit,时间有限制吗？,Is there a time limit?
陷入,xiàn rù,to sink into; to get caught up in; to land in (a predicament),他陷入了沉默。,He fell into silence.
相比,xiāng bǐ,to compare,相比去年，便宜多了。,"Compared to last year, it's much cheaper."
相处,xiāng chǔ,"to be in contact (with sb); to associate; to interact; to get along (well, poorly)",我们相处得很好。,We get along well.
相当,xiāng dāng,equivalent to; appropriate; considerably; to a certain extent; fairly; quite,天气相当冷。,The weather is quite cold.
相对,xiāng duì,relatively; opposite; to resist; to oppose; relative; vis-a-vis; counterpart,天气相对暖和。,The weather is relatively warm.
相反,xiāng fǎn,opposite; contrary,正好相反。,Exactly the opposite.
相关,xiāng guān,related; relevant; pertinent; to be interrelated; (statistics) correlation,这两件事相关吗？,Are these two things related?
相互,xiāng hù,each other; mutual,我们要相互帮助。,We should help each other.
相机,xiàng jī,camera (abbr. for 照相机); at the opportune moment; as the circumstances allow,你带相机了吗？,Did you bring the camera?
相同,xiāng tóng,identical; same,我们的意见相同。,Our opinions are the same.
相信,xiāng xìn,to be convinced (that sth is true); to believe; to accept sth as true,我相信你。,I believe you.
香,xiāng,fragrant; sweet smelling; aromatic; savory or appetizing; (to eat) with relish; (of sleep) sound; perfume or spice; joss or incense stick,这饭真香。,This food smells so good.
箱,xiāng,box; trunk; chest,钥匙在箱子里。,The keys are in the box.
详细,xiáng xì,detailed; in detail; minute,你能详细说说吗？,Can you explain it in detail?
享受,xiǎng shòu,to enjoy; to live it up; pleasure,我喜欢享受生活。,I like to enjoy life.
响,xiǎng,echo; sound; noise; to make a sound; to sound; to ring; loud; classifier for noises,电话响了。,The phone rang.
想,xiǎng,to think (about); to think of; to devise; to think (that); to believe (that); to desire; to want (to); to miss (feel wistful about the absence of),我想回家。,I want to go home.
想到,xiǎng dào,to think of; to call to mind; to anticipate,我想到一个好主意。,I thought of a good idea.
想法,xiǎng fǎ,way of thinking; opinion; notion; to think of a way (to do sth),你有什么想法？,Do you have any ideas?
想念,xiǎng niàn,to miss; to remember with longing; to long to see again,我很想念你。,I miss you very much.
想起,xiǎng qǐ,to recall; to think of; to call to mind,我想起你了。,I thought of you.
想象,xiǎng xiàng,to imagine; to envision; imagination,你能想象吗？,Can you imagine?
向,Xiàng,surname Xiang,我姓向。,My surname is Xiang.
项,Xiàng,surname Xiang,我叫项伟。,My name is Xiang Wei.
项目,xiàng mù,item; project; (sports) event,你负责哪个项目？,Which project are you responsible for?
像,xiàng,to resemble; to be like; to look as if; such as; appearance; image; portrait; image under a mapping (math.),你像爸爸。,You look like your dad.
消除,xiāo chú,to eliminate; to remove,消除误会吧。,Let's clear up the misunderstanding.
消防,xiāo fáng,firefighting; fire control,消防演习开始了。,The fire drill has started.
消失,xiāo shī,to disappear; to fade away,他忽然消失了。,He suddenly disappeared.
消息,xiāo xi,news; information,有最新消息吗？,Do you have any new news?
销售,xiāo shòu,"to sell; to market; sales (representative, agreement etc)",我做销售。,I work in sales.
小,xiǎo,small; tiny; few; young,这朵花很小。,This flower is very small.
小姐,xiǎo jie,young lady; miss; (slang) prostitute,那位小姐是谁？,Who is that young lady?
小时,xiǎo shí,hour,我等了你一小时。,I waited for you for an hour.
小时候,xiǎo shí hou,in one's childhood,小时候我喜欢玩。,I liked playing in my childhood.
小说,xiǎo shuō,novel; fiction,我喜欢看小说。,I like reading novels.
小心,xiǎo xīn,to be careful; to take care,走路小心点。,Be careful when walking.
小学,xiǎo xué,elementary school; primary school,我妹妹上小学。,My younger sister goes to elementary school.
小组,xiǎo zǔ,group,我们是一个小组。,We are a group.
效果,xiào guǒ,result; effect; efficacy; (theater) sound or visual effects,这个药效果很好。,The medicine works very well.
校长,xiào zhǎng,"(college, university) president; headmaster",我想见校长。,I want to see the headmaster.
笑,xiào,old variant of 笑,别笑我。,Don't laugh at me.
笑容,xiào róng,smile; smiling expression,你的笑容很甜。,Your smile is very sweet.
些,xiē,"classifier indicating a small amount or small number greater than 1: some, a few, several",买些苹果吧。,Buy some apples.
协会,xié huì,an association; a society,我加入了摄影协会。,I joined the photography association.
协议,xié yì,agreement; pact; protocol,我们签了协议。,We signed an agreement.
协助,xié zhù,to provide assistance; to aid,你能协助我吗？,Can you assist me?
鞋,xié,shoe,这双鞋多少钱？,How much is this pair of shoes?
写,xiě,to write,你写什么？,What are you writing?
谢谢,xiè xie,to thank; thanks; thank you,谢谢你的帮助。,Thank you for your help.
心,xīn,heart; mind; intention; center; core,我心里很高兴。,I am very happy.
心里,xīn li,chest; heart; mind,我心里很高兴。,I feel very happy inside.
心理,xīn lǐ,psychology; mentality,心理很重要。,Mentality is very important.
心灵,xīn líng,bright; smart; quick-witted; heart; thoughts; spirit,他有一颗善良的心灵。,He has a kind heart.
心情,xīn qíng,mood; frame of mind,我今天心情很好。,I'm in a good mood today.
心脏,xīn zàng,heart,我的心脏很好。,My heart is fine.
心中,xīn zhōng,central point; in one's thoughts; in one's heart,我心中只有你。,You are the only one in my heart.
辛苦,xīn kǔ,exhausting; hard; tough; arduous; to work hard; to go to a lot of trouble; hardship(s),你辛苦了。,You've worked hard.
欣赏,xīn shǎng,to appreciate; to enjoy; to admire,我喜欢欣赏音乐。,I like to appreciate music.
新,Xīn,abbr. for Xinjiang 疆 or Singapore 坡; surname Xin,我买了一本新书。,I bought a new book.
新年,xīn nián,New Year,新年快乐！,Happy New Year!
新闻,xīn wén,news,今天有新闻吗？,Is there any news today?
新鲜,xīn xiān,"fresh (experience, food etc); freshness; novel; uncommon",这苹果很新鲜。,The apples are fresh.
信,xìn,letter; mail; to trust; to believe; to profess faith in; truthful; confidence; trust; at will; at random,我信你。,I trust you.
信号,xìn hào,signal,手机没信号。,The phone has no signal.
信任,xìn rèn,to trust; to have confidence in,我们互相信任。,We trust each other.
信息,xìn xī,information; news; message,请发信息给我。,Please send me a message.
信心,xìn xīn,confidence; faith (in sb or sth),我有信心。,I have confidence.
信仰,xìn yǎng,to believe in (a religion); firm belief; conviction,他有自己的信仰。,He has his own beliefs.
信用卡,xìn yòng kǎ,credit card,我用信用卡付款。,I pay with a credit card.
星期,xīng qī,week; day of the week; Sunday,今天星期几？,What day is today?
行,háng,"row; line; commercial firm; line of business; profession; to rank (first, second etc) among one's siblings (by age); (in data tables) row; (Tw) column",他干哪一行？,What line of work is he in?
行动,xíng dòng,operation; action; to move about; mobile,我们马上行动。,We will take action right away.
行为,xíng wéi,action; conduct; behavior; activity,这种行为不对。,This behavior is wrong.
行业,háng yè,trade; profession; industry; business,你在哪个行业工作？,Which industry do you work in?
行政,xíng zhèng,administration; (attributive) administrative; executive,我在行政部工作。,I work in the administrative department.
形,xíng,to appear; to look; form; shape,这字形真好看。,This character's shape looks really nice.
形成,xíng chéng,to form; to take shape,习惯形成了。,A habit has formed.
形式,xíng shì,outer appearance; form; shape; formality,这只是形式。,It's just a formality.
形势,xíng shì,circumstances; situation; terrain,当前形势很好。,The current situation is good.
形象,xíng xiàng,image; form; figure; visualization; vivid,他的形象很好。,His image is good.
型,xíng,mold; type; style; model,我喜欢这款发型。,I like this hairstyle.
醒,xǐng,to wake up; to be awake; to become aware; to sober up; to come to,我醒了。,I woke up.
醒来,xǐng lái,to waken,我刚醒来。,I just woke up.
兴奋,xīng fèn,excited; excitement; (physiology) excitation,听到这个消息很兴奋。,Very excited hearing the news.
兴趣,xìng qù,interest (desire to know about sth); interest (thing in which one is interested); hobby,我的兴趣是读书。,My hobby is reading.
姓,xìng,family name; surname; to be surnamed,你姓什么？,What is your surname?
幸福,xìng fú,happiness; happy; blessed,我很幸福。,I am very happy.
幸运,xìng yùn,fortunate; lucky; fortune; luck,我很幸运。,I am very lucky.
性,xìng,"nature; character; property; quality; attribute; sexuality; sex; gender; suffix forming adjective from verb; suffix forming noun from adjective, corresponding to -ness or -ity; essence",他性格很好。,He has a good personality.
性感,xìng gǎn,sex appeal; eroticism; sexuality; sexy,这件衣服很性感。,This outfit is very sexy.
性格,xìng gé,nature; disposition; temperament; character,他性格很好。,He has a good personality.
兄弟,xiōng dì,"brothers; younger brother; I, me (humble term used by men in public speech); brotherly; fraternal",他是我的好兄弟。,He is my good brother.
胸,xiōng,variant of 胸,我胸口疼。,My chest hurts.
熊,Xióng,surname Xiong,我姓熊。,My surname is Xiong.
休息,xiū xi,rest; to rest,我想休息。,I want to rest.
修,Xiū,surname Xiu,我朋友姓修。,My friend's surname is Xiu.
修改,xiū gǎi,to amend; to alter; to modify,请修改这篇文章。,Please modify this article.
需,xū,to require; to need; to want; necessity; need,我需要帮助。,I need help.
需求,xū qiú,requirement; to require; (economics) demand,你有什么需求？,What are your requirements?
需要,xū yào,to need; to want; to demand; to require; needs,我需要帮忙。,I need help.
许,Xǔ,surname Xu,我姓许。,My surname is Xu.
许多,xǔ duō,many; a lot of; much,这里有许多人。,There are many people here.
宣布,xuān bù,to declare; to announce; to proclaim,妈妈宣布开饭了。,Mom announced dinner is ready.
宣传,xuān chuán,to disseminate; to give publicity to; propaganda,他在宣传新书。,He is promoting a new book.
选,xuǎn,to choose; to pick; to select; to elect,我选红色。,I choose red.
选举,xuǎn jǔ,to elect; election,我们明天选举班长。,We will elect a class monitor tomorrow.
选手,xuǎn shǒu,athlete; contestant,这位选手赢了。,This contestant won.
选择,xuǎn zé,to select; to pick; choice; option; alternative,你的选择是什么？,What is your choice?
学,xué,to learn; to study; to imitate; science; -ology,今天学什么？,What are we learning today?
学会,xué huì,to learn; to master; institute; learned society; (scholarly) association,我学会游泳了。,I learned to swim.
学生,xué sheng,student; schoolchild,我是学生。,I am a student.
学习,xué xí,to learn; to study,我喜欢学习中文。,I like learning Chinese.
学校,xué xiào,school,学校在哪儿？,Where is the school?
学院,xué yuàn,college; educational institute; school; faculty,学院离我家很近。,The college is close to my home.
雪,Xuě,surname Xue,今天下雪了。,It's snowing today.
血,xuè,blood; colloquial pr. [xiě],我流了一点血。,I bled a little.
血液,xuè yè,blood,他的血液有问题。,His blood has problems.
勋章,xūn zhāng,medal; decoration,我得到了一枚勋章。,I got a medal.
寻,xún,to search; to look for; to seek,我在寻钥匙。,I'm looking for my keys.
寻求,xún qiú,to seek; to look for,我想寻求帮助。,I want to seek help.
寻找,xún zhǎo,to seek; to look for,我在寻找钥匙。,I am looking for my keys.
询问,xún wèn,to inquire,我想询问价格。,I want to inquire about the price.
迅速,xùn sù,rapid; speedy; fast,他迅速跑开了。,He ran away quickly.
训练,xùn liàn,to train; to drill; training,我们每天训练。,We train every day.
压,yā,to press; to push down; to keep under (control); pressure,请压一下按钮。,Press the button.
压力,yā lì,pressure,别给自己压力。,Don't put too much pressure on yourself.
牙,yá,tooth; ivory,我牙疼。,I have a toothache.
亚洲,Yà zhōu,Asia (abbr. for 亚细亚洲),我住在亚洲。,I live in Asia.
呀,ya,"(particle equivalent to 啊 after a vowel, expressing surprise or doubt)",原来是你呀！,"Oh, it's you!"
烟,yān,cigarette or pipe tobacco; smoke; mist; vapour; tobacco plant; (of the eyes) to be irritated by smoke,屋里全是烟。,The room is full of smoke.
严格,yán gé,strict; stringent; tight; rigorous,老师很严格。,The teacher is very strict.
严肃,yán sù,solemn; grave; serious; earnest; severe,老师很严肃。,The teacher is very serious.
严重,yán zhòng,grave; serious; severe; critical,病情很严重。,The illness is very serious.
研究,yán jiū,research; a study; to research; to look into,我想研究这个。,I want to research this.
盐,yán,salt,请给我一点盐。,Please give me some salt.
颜色,yán sè,color; countenance; appearance; facial expression; pigment; dyestuff,我喜欢这个颜色。,I like this color.
眼,yǎn,"eye; small hole; crux (of a matter); classifier for big hollow things (wells, stoves, pots etc)",针上有个眼。,The needle has a small hole.
眼镜,yǎn jìng,spectacles; eyeglasses,我忘带眼镜了。,I forgot to bring my glasses.
眼睛,yǎn jing,eye,请闭上眼睛。,Please close your eyes.
眼泪,yǎn lèi,tears; crying,别流眼泪。,Don't cry.
眼前,yǎn qián,before one's eyes; now; at present,幸福就在眼前。,Happiness is right in front of you.
眼神,yǎn shén,expression or emotion showing in one's eyes; meaningful glance; wink; eyesight (dialect),别用那种眼神看我。,Don't look at me with that expression.
演,yǎn,to develop; to evolve; to practice; to perform; to play; to act,她喜欢演戏。,She likes acting.
演唱,yǎn chàng,sung performance; to sing for an audience,她今晚要演唱一首歌。,She will sing a song tonight.
演唱会,yǎn chàng huì,vocal recital or concert,我想去演唱会。,I want to go to a concert.
演出,yǎn chū,to act (in a play); to perform; to put on (a performance); performance; concert; show,今晚有演出吗？,Is there a show tonight?
演讲,yǎn jiǎng,lecture; to make a speech,他明天要演讲。,He will give a speech tomorrow.
演员,yǎn yuán,actor or actress; performer,我想当演员。,I want to be an actor.
羊,Yáng,surname Yang,他姓羊。,His surname is Yang.
阳光,yáng guāng,sunshine; (of personality) upbeat; energetic; transparent (open to public scrutiny),今天阳光真好。,The sunshine is really nice today.
养,yǎng,to raise (animals); to bring up (children); to keep (pets); to support; to give birth,我养了一只猫。,I keep a cat.
样,yàng,"manner; pattern; way; appearance; shape; classifier: kind, type",你长什么样？,What do you look like?
样子,yàng zi,appearance; manner; pattern; model,这包的样子不错。,This bag's style is nice.
腰,yāo,waist; lower back; pocket; middle; loins,我腰疼。,My waist hurts.
邀请,yāo qǐng,to invite; invitation,他邀请我去吃饭。,He invited me to dinner.
摇,Yáo,surname Yao,别摇椅子。,Don't shake the chair.
咬,yǎo,to bite; to nip,蚊子咬我。,A mosquito bit me.
药,yào,leaf of the iris; variant of 药,吃药了吗？,Did you take your medicine?
药品,yào pǐn,medicaments; medicine; drug,这些药品很便宜。,These medicines are cheap.
药物,yào wù,medicaments; pharmaceuticals; medication; medicine; drug,这种药物有效。,This medicine is effective.
要,yāo,(bound form) to demand; to coerce,他向我要钱。,He demanded money from me.
要不,yào bù,otherwise; or else; how about...?; either... (or...),要不我们走吧？,How about we leave?
要么,yào me,or; either one or the other,要么喝茶，要么喝咖啡。,Either drink tea or coffee.
要求,yāo qiú,to request; to require; requirement; to stake a claim; to ask; to demand,你的要求是什么？,What is your requirement?
要是,yào shi,(coll.) if,要是下雨，我就不去了。,"If it rains, I won't go."
钥匙,yào shi,key,我的钥匙在哪？,Where is my key?
也,Yě,surname Ye,我也喜欢喝茶。,I also like drinking tea.
也就是说,yě jiù shì shuō,in other words; that is to say; so; thus,他迟到，也就是说没来。,That means he didn't come.
也许,yě xǔ,perhaps; maybe,也许他会来。,Maybe he will come.
野,yě,old variant of 野,我们去野外吧。,Let's go to the outdoors.
业,Yè,surname Ye,我姓业。,My surname is Ye.
业务,yè wù,business; professional work; service,我负责新业务。,I handle the new business.
页,xié,head,请翻到下一页。,Please turn to the next page.
夜,yè,variant of 夜,夜里风很大。,The wind is strong at night.
夜晚,yè wǎn,night,我喜欢夜晚。,I like the night.
爷爷,yé ye,(coll.) father's father; paternal grandfather,爷爷在家吗？,Is grandpa at home?
一,yī,"one; single; a (article); as soon as; entire; whole; all; throughout; ""one"" radical in Chinese characters (Kangxi radical 1); also pr. [yāo] for greater clarity when spelling out numbers digit by digit",我有一个苹果。,I have an apple.
一般,yī bān,same; ordinary; so-so; common; general; generally; in general,他的成绩一般。,His grades are so-so.
一半,yī bàn,half,我吃了一半苹果。,I ate half an apple.
一辈子,yī bèi zi,(for) a lifetime,我想陪你一辈子。,I want to stay with you for a lifetime.
一边,yī biān,one side; either side; on the one hand; on the other hand; doing while,他一边吃饭一边看书。,He eats while reading.
一旦,yī dàn,"in case (sth happens); if; once (sth happens, then...); when; in a short time; in one day",一旦下雨我就回家。,"Once it rains, I'll go home."
一定,yī dìng,surely; certainly; necessarily; fixed; a certain (extent etc); given; particular; must,我一定去。,I will definitely go.
一番,yì fān,Some,他做了一番努力。,He made some effort.
一会儿,yī huì r,a moment; a while; in a moment; now...now...; also pr. [yī huǐ r],我一会儿来。,I'll come in a moment.
一句话,yī jù huà,in a word; in short,一句话，很简单。,"In short, it's very simple."
一路,yī lù,the whole journey; all the way; going the same way; going in the same direction; of the same kind,他一路走回家。,He walked home all the way.
一面,yī miàn,one side; one aspect; simultaneously... (and...); one's whole face,他一面走一面笑。,He walks and smiles at the same time.
一起,yī qǐ,in the same place; together; with; altogether (in total),我们一起去吃饭。,Let's go eat together.
一切,yī qiè,everything; every; all,别担心，一切都会好的。,"Don't worry, everything will be fine."
一生,yī shēng,all one's life; throughout one's life,我想用一生学习。,I want to study all my life.
一时,yī shí,a period of time; a while; for a short while; temporary; momentary; at the same time,我一时忘了。,I forgot for a moment.
一些,yī xiē,some; a few; a little; (following an adjective) slightly ...er,我想买一些苹果。,I want to buy some apples.
一样,yī yàng,same; like; equal to; the same as; just like,我们俩一样。,We are the same.
一一,yī yī,one by one; one after another,大家一一排队。,Everyone lines up one by one.
一阵,yī zhèn,a burst; a fit; a peal; a spell (period of time),刚才刮了一阵风。,There was a gust of wind just now.
一直,yī zhí,straight (in a straight line); continuously; always; all the way through,他一直在学习。,He has been studying continuously.
一致,yī zhì,unanimous; identical (views or opinions),我们意见一致。,Our opinions are the same.
衣服,yī fu,clothes,我的衣服很漂亮。,My clothes are very pretty.
医疗,yī liáo,medical treatment,这里的医疗很好。,Medical treatment here is good.
医生,yī shēng,doctor,我是医生。,I am a doctor.
医学,yī xué,medicine; medical science; study of medicine,我想学医学。,I want to study medicine.
医院,yī yuàn,hospital,明天去医院。,I will go to the hospital tomorrow.
依,yī,to depend on; to comply with or listen to sb; according to; in the light of,依我看，这样好。,"In my opinion, this is better."
依靠,yī kào,to rely on sth (for support etc); to depend on,我依靠父母生活。,I rely on my parents for a living.
依然,yī rán,still; as before,我依然记得。,I still remember.
仪式,yí shì,ceremony,今天的仪式很简单。,Today's ceremony is very simple.
移,yí,to move; to shift; to change; to alter; to remove,请把椅子移开。,Please move the chair away.
移动,yí dòng,to move; movement; migration; mobile; portable,请移动一下椅子。,Please move the chair.
遗憾,yí hàn,regret; to regret; to be sorry that,我很遗憾不能去。,I'm sorry I can't go.
已,yǐ,already; to stop; then; afterwards,我已到了。,I'm already here.
已经,yǐ jīng,already,我已经吃饭了。,I have already eaten.
以,yǐ,old variant of 以,我以手机付款。,I pay by phone.
以后,yǐ hòu,after; later; afterwards; following; later on; in the future,以后常联系。,Keep in touch in the future.
以及,yǐ jí,as well as; too; and,我带了书以及笔。,I brought a book as well as a pen.
以来,yǐ lái,since (a previous event),毕业以来，我很忙。,"Since graduation, I've been busy."
以前,yǐ qián,before; formerly; previous; ago,我以前住北京。,I used to live in Beijing.
以上,yǐ shàng,that level or higher; that amount or more; the above-mentioned; (used to indicate that one has completed one's remarks) That is all.,十八岁以上可以参加。,Those eighteen and older can join.
以外,yǐ wài,apart from; other than; except for; external; outside of; on the other side of; beyond,他以外，还有谁？,"Apart from him, who else?"
以为,yǐ wéi,to think (i.e. to take it to be true that ...) (Usually there is an implication that the notion is mistaken – except when expressing one's own current opinion.),我以为今天下雨。,I thought it would rain today.
以下,yǐ xià,that level or lower; that amount or less; the following,十元以下免费。,Ten yuan or less is free.
义务,yì wù,duty; obligation; volunteer (work etc),这是我的义务。,This is my duty.
亿,yì,100 million,他赚了一亿块钱。,He earned one hundred million yuan.
艺术,yì shù,art,我喜欢艺术。,I like art.
亦,yì,also,我亦想去。,I also want to go.
异常,yì cháng,unusual; abnormal; extremely; exceptionally,今天天气异常冷。,The weather is extremely cold today.
意见,yì jiàn,idea; opinion; suggestion; objection; complaint,你有什么意见？,Do you have any suggestions?
意识,yì shí,consciousness; awareness; to be aware; to realize,我意识到错了。,I realized I was wrong.
意思,yì si,"idea; opinion; meaning; wish; desire; interest; fun; token of appreciation, affection etc; to give as a small token; to do sth as a gesture of goodwill etc",一点小意思。,Just a small token.
意外,yì wài,unexpected; accident; mishap,这真是个大意外。,This is really unexpected.
意味着,yì wèi zhe,to signify; to mean; to imply,这意味着什么？,What does this mean?
意义,yì yì,sense; meaning; significance; importance,这有什么意义？,What's the meaning of this?
因,yīn,old variant of 因,我因忙没去。,I didn't go because I was busy.
因此,yīn cǐ,thus; consequently; as a result,他病了，因此没来。,"He was sick, so he didn't come."
因素,yīn sù,element; factor,天气是重要因素。,Weather is an important factor.
因为,yīn wèi,because; owing to; on account of,因为下雨，我不去。,"Because it's raining, I won't go."
音乐,yīn yuè,music,我喜欢音乐。,I like music.
银,yín,silver; silver-colored; relating to money or currency,这枚戒指是银的。,This ring is silver.
银行,yín háng,bank,我去银行。,I go to the bank.
引,yǐn,"to draw (e.g. a bow); to pull; to stretch sth; to extend; to lengthen; to involve or implicate in; to attract; to lead; to guide; to leave; to provide evidence or justification for; old unit of distance equal to 10 丈, one-thirtieth of a km or 33.33 meters",他引着我去参观。,He led me around.
引导,yǐn dǎo,to guide; to lead (around); to conduct; to boot; introduction; primer,请引导客人入座。,Please guide the guests to their seats.
引发,yǐn fā,to lead to; to trigger; to initiate; to cause; to evoke (emotions),他的话引发了争吵。,His words caused an argument.
引起,yǐn qǐ,to give rise to; to lead to; to cause; to arouse,这引起了很多问题。,This caused many problems.
饮料,yǐn liào,drink; beverage,我想喝饮料。,I want to drink a beverage.
隐藏,yǐn cáng,to hide; to conceal; to mask; to shelter; to harbor (i.e. keep sth hidden); to hide oneself; to lie low; to nestle; hidden; implicit; private; covert; recessed (lighting),他喜欢隐藏在沙发下。,He likes to hide under the sofa.
印,Yìn,surname Yin; abbr. for 度,他姓印。,His last name is Yin.
印象,yìn xiàng,impression (sth that stays in one's mind); a memory,第一印象很重要。,First impressions are important.
应,Yīng,surname Ying; Taiwan pr. [Yìng],你姓应吗？,Is your surname Ying?
应当,yīng dāng,should; ought to,你应当早点休息。,You should get some rest early.
应该,yīng gāi,ought to; should; must,你应该早点休息。,You should rest early.
英雄,yīng xióng,hero,他是我们的英雄。,He is our hero.
英语,Yīng yǔ,English (language),你会说英语吗？,Can you speak English?
婴儿,yīng ér,infant; baby; lead (Pb),这个婴儿很可爱。,This baby is very cute.
赢,yíng,to beat; to win; to profit,我们赢了比赛。,We won the match.
赢得,yíng dé,to win; to gain,他赢得了比赛。,He won the match.
影片,yǐng piàn,a copy of a film; film; motion picture; movie,这部影片很好看。,This movie is very good.
影响,yǐng xiǎng,influence; effect; to influence; to affect (usually adversely); to disturb,别影响我工作。,Don't affect my work.
硬,yìng,hard; stiff; solid; (fig.) strong; firm; resolutely; uncompromisingly; laboriously; with great difficulty; good (quality); able (person); (of food) filling; substantial,这面包太硬了。,This bread is too hard.
拥抱,yōng bào,to embrace; to hug,我想拥抱你。,I want to hug you.
拥有,yōng yǒu,to have; to possess,我拥有很多书。,I have many books.
永远,yǒng yuǎn,forever; eternal,我永远爱你。,I will always love you.
勇敢,yǒng gǎn,brave; courageous,你真勇敢！,You are very brave!
勇气,yǒng qì,courage; valor,我需要勇气。,I need courage.
用,yòng,to use; to employ; to have to; to eat or drink; expense or outlay; usefulness; hence; therefore,我用手机上网。,I use my phone to browse the internet.
用来,yòng lái,to be used for,钥匙用来开门。,Keys are used to open doors.
用于,yòng yú,to use in; to use on; to use for,这笔钱用于买书。,This money is used to buy books.
优势,yōu shì,superiority; dominance; advantage,他的优势是英语。,His advantage is English.
优秀,yōu xiù,outstanding; excellent,她是个优秀的学生。,She is an excellent student.
尤其,yóu qí,especially; particularly,我喜欢水果，尤其苹果。,"I like fruit, especially apples."
由,yóu,to follow; from; because of; due to; by; via; through; (before a noun and a verb) it is for ... to ...,这事由我负责。,I will be responsible for this.
由于,yóu yú,due to; as a result of; thanks to; owing to; since; because,由于下雨，我没去。,"Because of the rain, I didn't go."
邮件,yóu jiàn,mail; post; email,我发了一封邮件。,I sent an email.
油,yóu,"oil; fat; grease; petroleum; to apply tung oil, paint or varnish; oily; greasy; glib; cunning",这汤太油了。,This soup is too oily.
游,Yóu,surname You,你好，我姓游。,"Hello, my surname is You."
游戏,yóu xì,game; to play,我喜欢玩游戏。,I like playing games.
游泳,yóu yǒng,swimming; to swim,我喜欢游泳。,I like swimming.
有,yǒu,to have; there is; (bound form) having; with; -ful; -ed; -al (as in 意 intentional),我有一本书。,I have a book.
有的,yǒu de,(there are) some (who are...); some (exist),有的人喜欢喝茶。,Some people like drinking tea.
有关,yǒu guān,to have sth to do with; to relate to; related to; to concern; concerning,这跟钱有关。,This is related to money.
有趣,yǒu qù,interesting; fascinating; amusing,这本书很有趣。,This book is interesting.
有人,yǒu rén,someone; people; anyone; there is someone there; occupied (as in restroom),有人敲门。,Someone is knocking on the door.
有时,yǒu shí,sometimes; now and then,我有时喝咖啡。,I sometimes drink coffee.
有时候,yǒu shí hou,sometimes,有时候我想家。,Sometimes I miss home.
有所,yǒu suǒ,somewhat; to some extent,情况有所改善。,The situation has somewhat improved.
有效,yǒu xiào,effective; in effect; valid,这个方法很有效。,This method is very effective.
有些,yǒu xiē,some; somewhat,我有些累了。,I'm somewhat tired.
有意思,yǒu yì si,interesting; meaningful; enjoyable; fun,这本书很有意思。,This book is very interesting.
有着,yǒu zhe,to have; to possess,他有着好习惯。,He has good habits.
又,yòu,(once) again; also; both... and...; and yet; (used for emphasis) anyway,他又迟到了。,He is late again.
右,yòu,(bound form) right; right-hand side; (bound form) (politics) right of center; (bound form) (old) west; (literary) the right side as the side of precedence,请往右走。,Please walk to the right.
右边,yòu bian,"right side; right, to the right",书在右边。,The book is on the right.
诱惑,yòu huò,to entice; to lure; to induce; to attract,金钱诱惑了他。,Money tempted him.
友好,Yǒu hǎo,"Youhao district of Yichun city 市, Heilongjiang",他们很友好。,They are very friendly.
友谊,yǒu yì,companionship; fellowship; friendship,我们珍惜这份友谊。,We cherish this friendship.
于,Yú,surname Yu,于老师来了。,Teacher Yu is here.
于是,yú shì,thereupon; as a result; consequently; thus; hence,下雨了，于是我不出门。,So I didn't go out.
鱼,Yú,surname Yu,他姓鱼。,His surname is Yu.
娱乐,yú lè,to entertain; to amuse; entertainment; recreation; amusement; hobby; fun; joy,我喜欢娱乐。,I like entertainment.
愉快,yú kuài,cheerful; cheerily; delightful; pleasant; pleasantly; pleasing; happy; delighted,今天真愉快。,Today was really pleasant.
与,yú,variant of 欤,此事甚好与？,"That's very good, isn't it?"
宇宙,yǔ zhòu,universe; cosmos,宇宙很大。,The universe is very big.
雨,yǔ,rain,今天下雨了。,It's raining today.
语言,yǔ yán,language,我喜欢学语言。,I like learning languages.
玉米,yù mǐ,corn; maize,我喜欢吃玉米。,I like to eat corn.
预测,yù cè,to forecast; to predict,你能预测天气吗？,Can you predict the weather?
预计,yù jì,to forecast; to predict; to estimate,预计明天会下雨。,It is expected to rain tomorrow.
预算,yù suàn,budget,我的预算不够。,My budget isn't enough.
遇,Yù,surname Yu,我遇见过他。,I have met him before.
遇到,yù dào,to meet; to run into; to come across,我昨天遇到朋友了。,I met a friend yesterday.
遇见,yù jiàn,to meet,我遇见了朋友。,I met a friend.
元,Yuán,surname Yuan; the Yuan or Mongol dynasty (1279-1368),我姓元。,My surname is Yuan.
员,yuán,person; employee; member,他是新成员。,He is a new member.
员工,yuán gōng,staff; personnel; employee,公司有很多员工。,The company has many employees.
原,Yuán,surname Yuan; (Japanese surname) Hara,原老师来了。,Teacher Yuan is here.
原本,yuán běn,originally; original,我原本想去。,I originally wanted to go.
原来,yuán lái,"original; former; originally; formerly; at first; so, actually, as it turns out",原来是你啊。,So it's you!
原谅,yuán liàng,to excuse; to forgive; to pardon,请原谅我。,Please forgive me.
原因,yuán yīn,cause; origin; root cause; reason,我不知道原因。,I don't know the reason.
原则,yuán zé,principle; doctrine,这是我的原则。,That's my principle.
圆,yuán,circle; round; circular; spherical; (of the moon) full; unit of Chinese currency (yuan); tactful; to make consistent and whole (the narrative of a dream or a lie),今晚的月亮真圆。,The moon is so round tonight.
远,yuǎn,far; distant; remote; (intensifier in a comparison) by far; much (lower etc),学校离我家很远。,The school is far from my home.
远离,yuǎn lí,to be far from; to keep away from,请远离危险。,Please stay away from danger.
远远,yuǎn yuǎn,distant; by far,他远远地看着我。,He watched me from a distance.
院,yuàn,courtyard; institution,我们在院子里玩。,We play in the courtyard.
愿,yuàn,honest; prudent; variant of 愿,愿你每天开心。,May you be happy every day.
愿望,yuàn wàng,desire; wish,我有一个小愿望。,I have a small wish.
愿意,yuàn yì,to wish; to want; ready; willing (to do sth),你愿意去吗？,Are you willing to go?
约,yāo,to weigh in a balance or on a scale,请帮我约两斤。,Please weigh two jin for me.
约会,yuē huì,appointment; engagement; date; to arrange to meet,今晚去约会吧。,Let's go on a date tonight.
月,yuè,moon; month; monthly,今晚的月亮真美。,The moon is so beautiful tonight.
越,Yuè,generic word for peoples or states of south China or south Asia at different historical periods; abbr. for Vietnam 越南,他是越人。,He is Vietnamese.
越来越,yuè lái yuè,more and more,天气越来越热。,The weather is getting hotter and hotter.
晕,yūn,confused; dizzy; giddy; to faint; to swoon; to lose consciousness; to pass out,我有点晕。,I'm a bit dizzy.
云,yún,(classical) to say,古人云：“知足常乐。”,"The ancients say, ""Contentment brings happiness."""
允许,yǔn xǔ,to permit; to allow,这里不允许拍照。,No photos allowed here.
运,yùn,to move; to transport; to use; to apply; fortune; luck; fate,你的运气真好。,You're so lucky.
运动,yùn dòng,to move; to exercise; sports; exercise; motion; movement; campaign,我喜欢运动。,I like to exercise.
运动员,yùn dòng yuán,athlete,我想当运动员。,I want to be an athlete.
运气,yùn qi,luck (good or bad),今天运气真好。,My luck is really good today.
运输,yùn shū,to transport; to carry; transportation,我们每天运输货物。,We transport goods every day.
运行,yùn xíng,to move along one's course (of celestial bodies etc); (fig.) to function; to be in operation; (of a train service etc) to operate; to run; (of a computer) to run,电脑运行正常。,The computer is running normally.
运用,yùn yòng,to use; to put to use,我会运用这个技巧。,I will use this technique.
运作,yùn zuò,to operate; operations; workings; activities (usu. of an organization); thread (computing),公司运作很顺利。,The company runs smoothly.
杂志,zá zhì,magazine,我喜欢看杂志。,I like reading magazines.
砸,zá,to smash; to pound; to fail; to muck up; to bungle,他把花瓶砸了。,He smashed the vase.
再,zài,"again; once more; re-; second; another; then (after sth, and not until then); no matter how ... (followed by an adjective or verb, and then (usually) 也 or 都 for emphasis)",请再试一次。,Please try again.
再次,zài cì,one more time; again; one more; once again,我想再次试试。,I want to try again.
再见,zài jiàn,goodbye; see you again later,我们明天再见。,See you tomorrow.
再说,zài shuō,to say again; to put off a discussion until later; moreover; what's more; besides,明天再说吧。,Let's talk about it tomorrow.
在,zài,to exist; to be alive; (of sb or sth) to be (located) at; (used before a verb to indicate an action in progress),我在家。,I am at home.
在场,zài chǎng,to be present; to be on the scene,他不在场。,He is not present.
在乎,zài hu,to care about; equivalent of 在于,我不在乎钱。,I don't care about money.
在家,zài jiā,to be at home; (at a workplace) to be in (as opposed to being away on official business 差); (Buddhism etc) to remain a layman (as opposed to becoming a monk or a nun 家),我今天在家。,I am at home today.
在于,zài yú,to be in; to lie in; to consist in; to depend on; to rest with,成功在于坚持。,Success lies in persistence.
咱,zán,variant of 咱,咱一起去吧。,Let's go together.
咱们,zán men,we or us (including both the speaker and the person(s) spoken to); (dialect) I or me; (dialect) (in a coaxing or familiar way) you; also pr. [zá men],咱们走吧。,Let's go.
暂时,zàn shí,temporary; provisional; for the time being,我暂时住在这里。,I am staying here temporarily.
遭到,zāo dào,to suffer; to meet with (sth unfortunate),他遭到了批评。,He was criticized.
遭遇,zāo yù,to meet with; to encounter; (bitter) experience,我遭遇了意外。,I encountered an accident.
糟糕,zāo gāo,too bad; how terrible; what bad luck; terrible; bad,糟糕，我迟到了。,"Oh no, I'm late."
早,zǎo,early; morning; Good morning!; long ago; prematurely,你起得很早。,You get up very early.
早餐,zǎo cān,breakfast,我想吃早餐。,I want to eat breakfast.
早晨,zǎo chén,early morning; also pr. [zǎo chen],早晨喝杯咖啡吧。,Have a coffee in the morning.
早就,zǎo jiù,already at an earlier time,我早就知道了。,I already knew.
早上,zǎo shang,early morning,你早上几点起？,What time do you wake up in the morning?
造,zào,to make; to build; to manufacture; to invent; to fabricate; to go to; party (in a lawsuit or legal agreement); crop; classifier for crops,他造了一座桥。,He built a bridge.
造成,zào chéng,to bring about; to create; to cause,熬夜造成头痛。,Staying up late causes headaches.
造型,zào xíng,to model; to shape; appearance; style; design; form; pose,这个造型不错。,This style looks good.
则,zé,(literary) (conjunction used to express contrast with a previous clause) but; then; (bound form) standard; norm; (bound form) principle; (literary) to imitate; to follow; classifier for written items,如果下雨，则取消。,"If it rains, then cancel."
责任,zé rèn,responsibility; blame; duty,这是我的责任。,This is my responsibility.
贼,zéi,thief; traitor; wily; deceitful; evil; extremely,今天天气贼冷。,Today is extremely cold.
怎么,zěn me,how?; what?; why?,你怎么去？,How do you get there?
怎么办,zěn me bàn,what's to be done,手机没电了，怎么办？,My phone died. What should I do?
怎么样,zěn me yàng,how?; how about?; how was it?; how are things?,你觉得怎么样？,What do you think?
怎样,zěn yàng,how; what kind,你觉得怎样？,What do you think?
增加,zēng jiā,to raise; to increase,价格增加了。,The price increased.
增长,zēng zhǎng,to grow; to increase,工资增长了。,The salary increased.
扎,zhā,"to prick; to run or stick (a needle etc) into; mug or jug used for serving beer (loanword from ""jar"")",他不小心扎了手。,He accidentally pricked his hand.
炸,zhá,to deep fry; Taiwan pr. [zhà],今天炸鱼吗？,Are we deep-frying fish today?
炸弹,zhà dàn,bomb,别碰那个炸弹。,Don't touch that bomb.
粘,nián,variant of 黏,这糖很粘。,This candy is very sticky.
展开,zhǎn kāi,to unfold; to spread out; to open up; to launch; to carry out,我们展开讨论吧。,Let's start a discussion.
展示,zhǎn shì,to reveal; to display; to show; to exhibit,请展示你的作品。,Please show your work.
展现,zhǎn xiàn,to unfold before one's eyes; to emerge; to reveal; to display,照片展现了她的笑容。,The photo shows her smile.
占,zhàn,variant of 占,这箱子占地方。,This box takes up space.
战斗,zhàn dòu,to fight; to engage in combat; struggle; battle,我们一起战斗吧。,Let's fight together.
战略,zhàn lu:è,strategy,我们的战略是什么？,What is our strategy?
战胜,zhàn shèng,to prevail over; to defeat; to surmount,我们要战胜困难。,We must overcome difficulties.
战士,zhàn shì,fighter; soldier; warrior,我想当一名战士。,I want to be a soldier.
战争,zhàn zhēng,war; conflict,我们讨厌战争。,We hate war.
站,zhàn,station; to stand; to halt; to stop; branch of a company or organization; website,我们在车站见。,Let's meet at the station.
张,Zhāng,surname Zhang,我姓张。,My surname is Zhang.
章,Zhāng,surname Zhang,我姓章。,My surname is Zhang.
长,cháng,length; long; forever; always; constantly,这条路很长。,This road is very long.
长大,zhǎng dà,to grow up,我想快点长大。,I want to grow up soon.
长期,cháng qī,long term; long time; long range (of a forecast),他长期住在这里。,He has lived here for a long time.
掌握,zhǎng wò,"to grasp (often fig.); to control; to seize (initiative, opportunity, destiny); to master; to know well; to understand sth well and know how to use it; fluency",他很快掌握了中文。,He quickly mastered Chinese.
丈夫,zhàng fu,husband,她丈夫是医生。,Her husband is a doctor.
账户,zhàng hù,bank account; online account,我的账户没钱了。,My account has no money.
障碍,zhàng ài,barrier; obstruction; hindrance; impediment; obstacle,语言不是障碍。,Language isn't a barrier.
招,zhāo,to recruit; to provoke; to beckon; to incur; to infect; contagious; a move (chess); a maneuver; device; trick; to confess,这招真管用。,This trick really works.
找,zhǎo,to try to find; to look for; to call on sb; to find; to seek; to return; to give change,我在找钥匙。,I'm looking for my keys.
找到,zhǎo dào,to find,我找到钥匙了。,I found the key.
照,zhào,variant of 照; to shine; to illuminate,太阳照着我。,The sun shines on me.
照顾,zhào gu,to take care of; to show consideration; to attend to; to look after,请照顾好自己。,Please take good care of yourself.
照片,zhào piàn,photograph; picture,我喜欢这张照片。,I like this photo.
折,shé,"to snap; to break (a stick, a bone etc); (bound form) to sustain a loss (in business)",树枝折了。,The branch snapped.
折磨,zhé mó,to torment; to torture,别折磨自己了。,Don't torment yourself anymore.
者,zhě,"(after a verb or adjective) one who (is) ...; (after a noun) person involved in ...; -er; -ist; (used after a number or 后 or 前 to refer to sth mentioned previously); (used after a term, to mark a pause before defining the term); (old) (used at the end of a command); (old) this",他是这本书的作者。,He is the author of this book.
这,zhè,"(pronoun) this; these; (bound form) this; the (followed by a noun); (bound form) this; these (followed by a classifier) (in this sense, commonly pr. [zhèi], esp. in Beijing)",这是什么？,What is this?
这边,zhè biān,this side; here,我坐这边。,I'll sit here.
这儿,zhè r,here,我在这儿等你。,I am waiting for you here.
这里,zhè lǐ,variant of 这里,我喜欢这里。,I like it here.
这么,zhè me,so much; this much; how much?; this way; like this,今天这么冷！,It's so cold today!
这时,zhè shí,at this time; at this moment,这时我饿了。,"At this moment, I'm hungry."
这些,zhè xiē,these,这些书是我的。,These books are mine.
这样,zhè yàng,this kind of; so; this way; like this; such,请这样做。,Please do it like this.
着,zhāo,(chess) move; trick; all right!; (dialect) to add,这招真着！,This trick is great!
著名,zhù míng,famous; noted; well-known; celebrated,他是著名作家。,He is a famous writer.
针,zhēn,needle; pin; injection; stitch,我有一根针。,I have a needle.
针对,zhēn duì,to target; to focus on; to be aimed at or against; in response to,针对这个问题，我们有办法。,"Regarding this problem, we have a solution."
珍惜,zhēn xī,to treasure; to value; to cherish,我们要珍惜时间。,We should cherish time.
真,zhēn,really; truly; indeed; real; true; genuine,今天真冷。,It's really cold today.
真的,zhēn de,"really, truly, indeed",我真的很开心。,I am really happy.
真实,zhēn shí,true; real,这是真实的故事。,This is a true story.
真相,zhēn xiàng,the truth about sth; the actual facts,请告诉我真相。,Please tell me the truth.
真心,zhēn xīn,sincere; heartfelt,我是真心的。,I mean it.
真正,zhēn zhèng,genuine; real; true; really; indeed,他是个真正的朋友。,He is a true friend.
诊断,zhěn duàn,to diagnose,医生能诊断我的病吗？,Can the doctor diagnose my illness?
阵,zhèn,disposition of troops; wave; spate; burst; spell; short period of time; classifier for events or states of short duration,下了一阵雨。,It rained for a short while.
镇,zhèn,to press down; to calm; to subdue; to suppress; to guard; garrison; small town; to cool or chill (food or drinks),我住在小镇上。,I live in a small town.
震惊,zhèn jīng,to shock; to astonish,消息让我很震惊。,The news really shocked me.
争,zhēng,to strive for; to vie for; to argue or debate; deficient or lacking (dialect); how or what (literary),别争了，听我的。,"Stop arguing, listen to me."
争取,zhēng qǔ,to fight for; to strive for; to win over,我争取早点到。,I'll try to arrive early.
整,zhěng,exactly; in good order; whole; complete; entire; in order; orderly; to repair; to mend; to renovate; (coll.) to fix sb; to give sb a hard time; to mess with sb,他吃了整个苹果。,He ate the whole apple.
整个,zhěng gè,whole; entire; total,我花了整个下午。,I spent the whole afternoon.
整理,zhěng lǐ,"to arrange; to tidy up; to sort out; to straighten out; to list systematically; to collate (data, files); to pack (luggage)",我要整理房间。,I need to tidy up my room.
整天,zhěng tiān,all day long; whole day,他整天玩手机。,He plays with his phone all day long.
正,zhēng,first month of the lunar year,我们正月见。,See you in the first lunar month.
正常,zhèng cháng,regular; normal; ordinary,一切正常。,Everything is normal.
正好,zhèng hǎo,just (in time); just right; just enough; to happen to; to chance to; by chance; it just so happens that,我正好有空。,I happen to be free.
正确,zhèng què,correct; sound; right; proper,你的答案正确。,Your answer is correct.
正式,zhèng shì,formal; official,明天是正式会议。,Tomorrow is a formal meeting.
正是,zhèng shì,is precisely,这正是我想要的。,This is precisely what I want.
正在,zhèng zài,just at (that time); right in (that place); right in the middle of (doing sth),我正在吃饭。,I am eating.
证,zhèng,to admonish; variant of 证,我有工作证。,I have my work ID.
证据,zhèng jù,evidence; proof; testimony,你有证据吗？,Do you have evidence?
证明,zhèng míng,proof; certificate; identification; testimonial; to prove; to testify; to confirm the truth of,我需要一份证明。,I need a certificate.
证实,zhèng shí,to confirm (sth to be true); to verify,这证实了我的猜测。,This confirmed my guess.
政策,zhèng cè,policy,公司有新政策吗？,Does the company have a new policy?
政府,zhèng fǔ,government,政府帮了我们。,The government helped us.
政治,zhèng zhì,politics; political,我喜欢政治。,I like politics.
症状,zhèng zhuàng,symptom (of an illness),你的症状是什么？,What are your symptoms?
之,zhī,"(possessive particle, literary equivalent of 的); him; her; it",我知其事。,I know the matter.
之后,zhī hòu,after; behind; (at the beginning of a sentence) afterwards; since then,下课之后，我回家。,"After class, I go home."
之间,zhī jiān,"(after a noun) between; among; amid; (used after certain bisyllabic words to form expressions indicating a short period of time, e.g. 弹指之间)",你我之间没秘密。,There are no secrets between you and me.
之类,zhī lèi,and so on; and such,我想买点水果之类吧。,I want to buy some fruits and such.
之内,zhī nèi,inside; within,三天之内做完。,Finish it within three days.
之前,zhī qián,before; prior to; ago; previously; beforehand,我之前不知道。,I didn't know before.
之所以,zhī suǒ yǐ,"(after a noun N and before a predicate P) the reason why N P; Example: 我之所以讨厌他 ""the reason why I dislike him (is ...)""",我之所以迟到，堵车了。,The reason I was late is the traffic.
之外,zhī wài,outside; excluding,工作之外我喜欢运动。,"Outside of work, I like sports."
之下,zhī xià,under; beneath; less than,桌子之下有只猫。,There is a cat under the table.
之一,zhī yī,"one of (sth); one out of a multitude; one (third, quarter, percent etc)",他是我的同学之一。,He is one of my classmates.
之中,zhī zhōng,inside; among; in the midst of (doing sth); during,我们之中选一个吧。,Let's pick one among us.
支,Zhī,surname Zhi,我姓支。,My surname is Zhi.
支持,zhī chí,to be in favor of; to support; to back; support; backing; to stand by,我支持你。,I support you.
支付,zhī fù,to pay (money),怎么支付？,How do I pay?
汁,zhī,juice,我想喝果汁。,I want to drink some juice.
知道,zhī dào,to know; to become aware of; also pr. [zhī dao],我知道答案。,I know the answer.
知识,zhī shi,knowledge; intellectual,知识很有用。,Knowledge is very useful.
执法,zhí fǎ,to enforce a law; law enforcement,警察正在执法。,The police are enforcing the law.
执行,zhí xíng,to implement; to carry out; to execute; to run,我们执行吧。,Let's carry it out.
直,Zhí,"surname Zhi; Zhi (c. 2000 BC), fifth of the legendary Flame Emperors 帝 descended from Shennong 神农 Farmer God",他说话很直。,He speaks very directly.
直播,zhí bō,"(TV, radio) to broadcast live; live broadcast; (Internet) to livestream; (agriculture) direct seeding",我喜欢看直播。,I like watching livestreams.
直到,zhí dào,until,我工作直到深夜。,I worked until late night.
直接,zhí jiē,direct (opposite: indirect 间接); immediate; straightforward,请直接告诉我。,Please tell me directly.
值,zhí,value; (to be) worth; to happen to; to be on duty,这书值多少钱？,How much is this book worth?
值得,zhí de,to be worth; to deserve,这本书值得看。,This book is worth reading.
职业,zhí yè,occupation; profession; vocation; professional,你的职业是什么？,What is your profession?
职责,zhí zé,duty; responsibility; obligation,这是我的职责。,This is my duty.
植物,zhí wù,plant; vegetation,这盆植物很漂亮。,This potted plant is very pretty.
止,zhǐ,to stop; to prohibit; until; only,到此为止。,Stop here.
只,zhǐ,only; merely; just; but,我只吃苹果。,I only eat apples.
只不过,zhǐ bu guò,only; merely; nothing but; no more than; it's just that ...,他只不过是个新手。,He is just a beginner.
只好,zhǐ hǎo,to have no other option but to ...; to have to; to be forced to,雨太大，我只好回家。,"The rain was too heavy, so I had to go home."
只能,zhǐ néng,can only; obliged to do sth; to have no other choice,我今天只能在家。,I can only stay home today.
只是,zhǐ shì,merely; only; just; nothing but; simply; but; however,我只是看看。,I'm just looking.
只要,zhǐ yào,if only; so long as,只要你开心就好。,"As long as you're happy, that's fine."
只有,zhǐ yǒu,"only have ...; there is only ...; (used in combination with 才) it is only if one ... (that one can ...) (Example: 只有通过治疗才能痊愈 ""the only way to cure it is with therapy""); it is only ... (who ...) (Example: 要 ""only men would have such a requirement""); (used to indicate that one has no alternative) one can only (do a certain thing) (Example: 服 ""the only thing you can do is give in"")",这里只有我一个人。,There is only me here.
纸,zhǐ,variant of 纸,请给我一张纸。,Please give me a piece of paper.
指,zhǐ,finger; to point at or to; to indicate or refer to; to depend on; to count on; (of hair) to stand on end,我指给你看。,I'll point it out to you.
指出,zhǐ chū,to indicate; to point out,老师指出了错误。,The teacher pointed out the mistake.
指导,zhǐ dǎo,to guide; to give directions; to direct; to coach; guidance; tuition,谢谢你的指导。,Thank you for your guidance.
指挥,zhǐ huī,to conduct; to command; to direct; conductor (of an orchestra),他指挥乐队。,He conducts the orchestra.
指示,zhǐ shì,to point out; to indicate; to instruct; directives; instructions,按指示做就行。,Just follow the instructions.
至,zhì,to arrive; most; to; until,我们至少五个。,We have at least five.
至今,zhì jīn,so far; to this day; until now,他至今没回信。,He still hasn't replied.
至少,zhì shǎo,at least; (to say the) least,至少吃一个吧。,At least eat one.
至于,zhì yú,as for; as to; to go so far as to,至于明天，再说吧。,"As for tomorrow, we'll see."
制,zhì,system; to control; to regulate; variant of 制,制度很好。,The system is good.
制定,zhì dìng,to draw up; to formulate,我们制定计划吧。,Let's make a plan.
制度,zhì dù,"system (e.g. political, adminstrative etc); institution",这个制度很好。,This system is very good.
制造,zhì zào,to manufacture; to make,工厂制造手机。,The factory makes phones.
制作,zhì zuò,to make; to manufacture,我喜欢制作蛋糕。,I like making cakes.
治,zhì,to rule; to govern; to manage; to control; to harness (a river); to treat (a disease); to wipe out (a pest); to punish; to research,他治好了感冒。,He cured the cold.
治安,zhì ān,law and order; public security,这里治安很好。,Public security here is very good.
治疗,zhì liáo,to treat (an illness); medical treatment; therapy,这病能治疗吗？,Can this illness be treated?
质量,zhì liàng,quality; (physics) mass,这衣服质量很好。,The quality of these clothes is very good.
致,zhì,(bound form) fine; delicate; exquisite,这礼物真精致。,This gift is really exquisite.
智慧,zhì huì,wisdom; knowledge; intelligent; intelligence,他很有智慧。,He is very wise.
置,zhì,to install; to place; to put; to buy,我们购置了新沙发。,We bought a new sofa.
中,Zhōng,China; Chinese; surname Zhong,我在中国。,I am in China.
中国,Zhōng guó,China,我喜欢中国。,I like China.
中间,zhōng jiān,the middle; the inside; in the middle; within; between; among; during; in the meantime,他在中间坐着。,He sits in the middle.
中午,zhōng wǔ,noon; midday,我们中午吃饭。,We eat lunch at noon.
中心,zhōng xīn,center; heart; core,市中心很热闹。,The city center is very lively.
中央,zhōng yāng,central; middle; center; central authorities (of a state),我们在中央等你。,We are waiting for you in the center.
终于,zhōng yú,at last; in the end; finally; eventually,我终于到家了。,I'm finally home.
钟,Zhōng,surname Zhong,我姓钟。,My surname is Zhong.
肿瘤,zhǒng liú,tumor,他得了肿瘤。,He has a tumor.
种,zhǒng,"seed; species; kind; type; classifier for types, kinds, sorts",这是哪种水果？,What kind of fruit is this?
重,chóng,to repeat; repetition; again; re-; classifier: layer,我们重来一次。,Let's start over.
重大,zhòng dà,great; important; major; significant,这是重大决定。,This is a major decision.
重点,chóng diǎn,to recount (e.g. results of election); to re-evaluate,我们重点讨论。,We focus on the key points.
重复,chóng fù,to repeat; to duplicate,请重复一下。,Please repeat it.
重视,zhòng shì,to attach importance to sth; to value,我们要重视健康。,We should value our health.
重新,chóng xīn,again; once more; re-,请重新说一遍。,Please say it again.
重要,zhòng yào,important; significant; major,这件事很重要。,This is very important.
州,zhōu,prefecture; (old) province; (old) administrative division; state (e.g. of US); oblast (Russia); canton (Switzerland),美国有五十个州。,The US has fifty states.
周,Zhōu,surname Zhou; Zhou Dynasty (1046-256 BC),我姓周。,My surname is Zhou.
周末,zhōu mò,weekend,你周末忙吗？,Are you busy on the weekend?
周年,zhōu nián,anniversary; annual,明天是一周年。,Tomorrow is our first anniversary.
周围,zhōu wéi,environs; surroundings; periphery,周围很安静。,It's quiet around here.
猪,zhū,hog; pig; swine,我养了一只猪。,I raised a pig.
逐渐,zhú jiàn,gradually,天气逐渐变冷。,The weather is gradually getting colder.
主,zhǔ,owner; master; host; individual or party concerned; God; Lord; main; to indicate or signify; trump card (in card games),今天谁做主？,Who's in charge today?
主持,zhǔ chí,to take charge of; to manage or direct; to preside over; to uphold; to stand for (justice etc); to host (a TV or radio program etc); (TV) anchor,他主持节目。,He hosts the program.
主持人,zhǔ chí rén,TV or radio presenter; host; anchor,谁是今晚的主持人？,Who is the host tonight?
主动,zhǔ dòng,to take the initiative; to do sth of one's own accord; spontaneous; active; opposite: passive 被动; drive (of gears and shafts etc),他主动帮我。,He took the initiative to help me.
主管,zhǔ guǎn,in charge; responsible for; person in charge; manager,他是主管。,He is the manager.
主角,zhǔ jué,leading role; lead; protagonist,他是电影的主角。,He is the protagonist of the movie.
主人,zhǔ rén,master; host; owner,狗的主人在哪？,Where is the dog's owner?
主任,zhǔ rèn,director; head,他是我们的主任。,He is our director.
主题,zhǔ tí,theme; subject,你的主题是什么？,What is your theme?
主席,zhǔ xí,chairperson; premier; chairman,王主席来了吗？,Is Chairman Wang here?
主要,zhǔ yào,main; principal; major; primary,主要问题是钱。,The main problem is money.
主义,zhǔ yì,-ism; ideology,他信什么主义？,What ideology does he believe in?
主意,zhǔ yi,plan; idea; decision; Beijing pr. [zhú yi],你有好主意吗？,Do you have a good idea?
煮,zhǔ,variant of 煮,我煮面吃。,I cook noodles to eat.
住,zhù,"to live; to dwell; to stay; to reside; to stop; (suffix indicating firmness, steadiness, or coming to a halt)",我住在北京。,I live in Beijing.
助理,zhù lǐ,assistant,他是我的助理。,He is my assistant.
注,zhù,to inject; to pour into; to concentrate; to pay attention; stake (gambling); classifier for sums of money; variant of 注,请多注意。,Please pay attention.
注册,zhù cè,to register; to enroll,我要注册账号。,I want to register an account.
注定,zhù dìng,to foreordain; to be bound to; to be destined to; to be doomed to; inevitably,我们注定在一起。,We are destined to be together.
注射,zhù shè,injection; to inject,我要注射。,I want to get an injection.
注意,zhù yì,to take note of; to pay attention to,请大家注意。,"Everyone, please pay attention."
祝,Zhù,surname Zhu,我叫祝明。,My name is Zhu Ming.
祝福,zhù fú,blessings; to wish sb well,我送你一份祝福。,I'm sending you a blessing.
祝贺,zhù hè,to congratulate; congratulations,祝贺你获奖。,Congratulations on your win.
抓,zhuā,to grab; to catch; to arrest; to snatch; to scratch,别抓我！,Don't grab me!
抓紧,zhuā jǐn,to keep a firm grip on; to pay close attention to; to lose no time in (doing sth),抓紧复习吧。,Hurry up and review.
抓住,zhuā zhù,to grab hold of; to capture,快抓住我的手。,Grab my hand quickly.
专辑,zhuān jí,album; record (music); special collection of printed or broadcast material,我买了新专辑。,I bought a new album.
专家,zhuān jiā,expert; specialist,他是个专家。,He is an expert.
专门,zhuān mén,specialist; specialized; customized,我专门为你做的。,I made this specifically for you.
专业,zhuān yè,specialty; specialized field; main field of study (at university); major; professional,你的专业是什么？,What is your major?
转,zhuǎi,see 转文,别转文了。,Stop using fancy words.
转变,zhuǎn biàn,to change; to transform; shift; transformation,他的态度转变了。,His attitude changed.
转身,zhuǎn shēn,(of a person) to turn round; to face about; (of a widow) to remarry (archaic),他转身走了。,He turned around and left.
转移,zhuǎn yí,to shift; to relocate; to transfer; (fig.) to shift (attention); to change (the subject etc); (medicine) to metastasize,别转移话题！,Don't change the subject!
赚,zhuàn,to earn; to make a profit,他赚了很多钱。,He earned a lot of money.
赚钱,zhuàn qián,to earn money; moneymaking,他每天努力赚钱。,He works hard to earn money every day.
装,zhuāng,adornment; to adorn; dress; clothing; costume (of an actor in a play); to play a role; to pretend; to install; to fix; to wrap (sth in a bag); to load; to pack,别装了，我知道。,"Stop pretending, I know."
装备,zhuāng bèi,equipment; to equip; to outfit,我们买了新装备。,We bought new equipment.
装饰,zhuāng shì,to decorate; decoration; decorative; ornamental,我喜欢装饰房间。,I like decorating rooms.
装置,zhuāng zhì,to install; installation; equipment; system; unit; device,这个装置很好用。,This device is very useful.
状况,zhuàng kuàng,condition; state; situation,身体状况怎么样？,How is your physical condition?
状态,zhuàng tài,condition; state; state of affairs,他状态很好。,He is in good shape.
撞,zhuàng,to knock against; to bump into; to run into; to meet by accident,我撞到了墙。,I bumped into the wall.
追,duī,to sculpt; to carve; musical instrument (old),他在追猫。,He is chasing a cat.
追求,zhuī qiú,to pursue (a goal etc) stubbornly; to seek after; to woo,我追求幸福。,I pursue happiness.
准,zhǔn,to allow; to grant; in accordance with; in the light of,老师准我请假。,My teacher allowed me to take leave.
准备,zhǔn bèi,preparation; to prepare; to intend; to be about to; reserve (fund),你准备好了吗？,Are you ready?
准确,zhǔn què,accurate; exact; precise,你的回答很准确。,Your answer is very accurate.
桌子,zhuō zi,table; desk,书在桌子上。,The book is on the table.
咨询,zī xún,to consult; to seek advice; consultation; (sales) inquiry (formal),我想咨询一下。,I'd like to consult.
资产,zī chǎn,property; assets,他有很多资产。,He has many assets.
资格,zī gé,qualifications; seniority,你有资格吗？,Do you have the qualifications?
资金,zī jīn,funds; capital,我们需要更多资金。,We need more funds.
资料,zī liào,material; resources; data; information; profile (Internet),请发我资料。,Please send me the information.
资源,Zī yuán,"Ziyuan county in Guilin 林, Guangxi",这里资源很多。,There are many resources here.
仔细,zǐ xì,careful; attentive; cautious; to be careful; to look out,请仔细听。,Please listen carefully.
字,zì,letter; symbol; character; word; courtesy or style name traditionally given to males aged 20 in dynastic China,这个字怎么写？,How do you write this character?
自,zì,self; oneself; from; since; naturally; surely,我自己做饭。,I cook by myself.
自从,zì cóng,since (a time); ever since,自从你来了，我很开心。,"Ever since you came, I've been very happy."
自动,zì dòng,automatic; voluntarily,门会自动开。,The door opens automatically.
自己,zì jǐ,oneself; one's own,我自己做饭。,I cook by myself.
自然,zì rán,nature; natural; naturally,他说话很自然。,He speaks very naturally.
自杀,zì shā,to kill oneself; to commit suicide; to attempt suicide,他不想自杀。,He doesn't want to kill himself.
自身,zì shēn,itself; oneself; one's own,保护自身安全。,Protect your own safety.
自我,zì wǒ,self-; ego (psychology),我要学会自我控制。,I need to learn self-control.
自信,zì xìn,to have confidence in oneself; self-confidence,他很自信。,He is very confident.
自行车,zì xíng chē,bicycle; bike,我骑自行车去学校。,I ride a bike to school.
自由,zì yóu,freedom; liberty; free; unrestricted,我想要自由。,I want freedom.
子,zǐ,"son; child; seed; egg; small thing; 1st earthly branch: 11 p.m.-1 a.m., midnight, 11th solar month (7th December to 5th January), year of the Rat; Viscount, fourth of five orders of nobility 位; ancient Chinese compass point: 0° (north); subsidiary; subordinate; sub-",你儿子多大了？,How old is your son?
宗,Zōng,surname Zong,我姓宗。,My surname is Zong.
宗教,zōng jiào,religion,你信什么宗教？,What religion do you believe in?
总,zǒng,general; overall; to sum up; in every case; always; invariably; anyway; after all; eventually; sooner or later; surely; (after a person's name) abbr. for 总经理 or 总编 etc,他总会迟到。,He is always late.
总部,zǒng bù,general headquarters,公司总部在北京。,The company headquarters is in Beijing.
总是,zǒng shì,always,他总是迟到。,He is always late.
总统,zǒng tǒng,president (of a country),总统今天很忙。,The president is busy today.
总之,zǒng zhī,in a word; in short; in brief,总之，我不去了。,"In short, I'm not going."
走,zǒu,"to walk; to go; to run; to move (of vehicle); to visit; to leave; to go away; to die (euph.); from; through; away (in compound verbs, such as 走); to change (shape, form, meaning)",我走了。,I am leaving.
租,zū,to hire; to rent; to charter; to rent out; to lease out; rent; land tax,我租了一间房。,I rented a room.
足,jù,excessive,用量太足了。,The amount used is too much.
足够,zú gòu,enough; sufficient,时间足够吗？,Do we have enough time?
足球,zú qiú,soccer ball; a football; soccer; football,我喜欢踢足球。,I like playing soccer.
族,zú,"race; nationality; ethnicity; clan; by extension, social group (e.g. office workers 上班族)",我是汉族。,I am Han ethnicity.
阻止,zǔ zhǐ,to prevent; to block,别阻止我。,Don't stop me.
组,Zǔ,surname Zu,他姓组。,His surname is Zu.
组成,zǔ chéng,to form; to make up; to constitute,我们三人组成一组。,The three of us form a group.
组合,zǔ hé,to assemble; to combine; to compose; combination; association; set; compilation; (math.) combinatorial,这个组合不错。,This combination is good.
组织,zǔ zhī,to organize; organization; (biology) tissue; (textiles) weave,我们组织聚会。,Let's organize a party.
钻,zuàn,variant of 钻,这把钻很好用。,This drill is very useful.
嘴,zuǐ,mouth; beak; nozzle; spout (of teapot etc),别用嘴吹。,Don't blow with your mouth.
最,zuì,variant of 最,这个最好。,This one is the best.
最好,zuì hǎo,best; (you) had better (do what we suggest),你最好早点睡。,You'd better go to sleep early.
最后,zuì hòu,final; last; finally; ultimate,最后我决定留下。,"Finally, I decided to stay."
最佳,zuì jiā,"optimum; optimal; peak; best (athlete, movie etc)",这是最佳选择。,This is the best choice.
最近,zuì jìn,recently; soon; nearest,你最近忙吗？,Have you been busy recently?
最终,zuì zhōng,final; ultimate,他最终同意了。,He finally agreed.
罪,zuì,guilt; crime; fault; blame; sin,这不是我的罪。,This isn't my fault.
醉,zuì,intoxicated,他喝醉了。,He got drunk.
尊重,zūn zhòng,to esteem; to respect; to honor; to value; eminent; serious; proper,我们要尊重别人。,We should respect others.
遵守,zūn shǒu,to comply with; to abide by; to respect (an agreement),我们要遵守规则。,We must follow the rules.
昨天,zuó tiān,yesterday,我昨天去了公园。,I went to the park yesterday.
左,Zuǒ,surname Zuo,他姓左。,His surname is Zuo.
左右,zuǒ yòu,left and right; nearby; approximately; attendant; to control; to influence,价格在一百左右。,The price is around a hundred.
作,zuō,worker; workshop; (slang) troublesome; high-maintenance (person),他这人真作。,He is so high-maintenance.
作出,zuò chū,"to put out; to come up with; to make (a choice, decision, proposal, response, comment etc); to issue (a permit, statement, explanation, apology, reassurance to the public etc); to draw (conclusion); to deliver (speech, judgment); to devise (explanation); to extract",他作出了选择。,He made a choice.
作家,zuò jiā,author,我想当作家。,I want to be an author.
作品,zuò pǐn,work (of art); opus,这是我的作品。,This is my work.
作为,zuò wéi,one's conduct; deed; activity; accomplishment; achievement; to act as; as (in the capacity of); qua; to view as; to look upon (sth as); to take sth to be,我作为学生很努力。,I work hard as a student.
作业,zuò yè,school assignment; homework; work; task; operation; to operate,我今天的作业写完了。,I finished my homework today.
作用,zuò yòng,"to act on; to affect; action; function; activity; impact; result; effect; purpose; intent; (suffix) -ation, -tion etc, as in 用, inhibition",这药有什么作用？,What is the effect of this medicine?
作战,zuò zhàn,combat; to fight,我们并肩作战。,We fight side by side.
作者,zuò zhě,author; writer,作者是谁？,Who is the author?
坐,Zuò,surname Zuo,他姓坐。,His surname is Zuo.
坐下,zuò xia,to sit down,请坐下吧。,Please sit down.
座,zuò,"seat; base; stand; (archaic) suffix used in a respectful form of address, e.g. 师座; classifier for buildings, mountains and similar immovable objects",这座楼很高。,This building is very tall.
做,zuò,"to make; to produce; to write; to compose; to do; to engage in; to hold (a party etc); (of a person) to be (an intermediary, a good student etc); to become (husband and wife, friends etc); (of a thing) to serve as; to be used for; to assume (an air or manner)",今天做什么？,What should I do today?
做到,zuò dào,to accomplish; to achieve,我做到了！,I did it!
做法,zuò fǎ,way of handling sth; method for making; work method; recipe; practice,你的做法很好。,Your approach is good.
